,ADWYA,ref,ouverture,cloture
2018-01-01,,,,
2018-01-02,,,,
2018-01-03,,"5,390","5,380","5,350"
2018-01-04,,"5,350","5,310","5,550"
2018-01-05,,"5,550","5,580","5,580"
2018-01-06,,,,
2018-01-07,,,,
2018-01-08,,"5,580","5,550","5,500"
2018-01-09,,"5,500","5,290","5,500"
2018-01-10,,"5,500","5,490","5,390"
2018-01-11,,"5,390","5,310","5,460"
2018-01-12,,,,
2018-01-13,,,,
2018-01-14,,,,
2018-01-15,,"5,550","5,530","5,510"
2018-01-16,,,,
2018-01-17,,,,
2018-01-18,,,,
2018-01-19,,,,
2018-01-20,,,,
2018-01-21,,,,
2018-01-22,,,,
2018-01-23,,,,
2018-01-24,,,,
2018-01-25,,,,
2018-01-26,,"5,930","5,990","5,930"
2018-01-27,,,,
2018-01-28,,,,
2018-01-29,,,,
2018-01-30,,,,
2018-01-31,,,,
2018-02-01,,,,
2018-02-02,,,,
2018-02-03,,,,
2018-02-04,,,,
2018-02-05,,,,
2018-02-06,,,,
2018-02-07,,,,
2018-02-08,,,,
2018-02-09,,,,
2018-02-10,,,,
2018-02-11,,,,
2018-02-12,,,,
2018-02-13,,,,
2018-02-14,,,,
2018-02-15,,,,
2018-02-16,,,,
2018-02-17,,,,
2018-02-18,,,,
2018-02-19,,,,
2018-02-20,,"5,690","5,690","5,690"
2018-02-21,,"5,690","5,740","5,750"
2018-02-22,,,,
2018-02-23,,,,
2018-02-24,,,,
2018-02-25,,,,
2018-02-26,,,,
2018-02-27,,,,
2018-02-28,,,,
2018-03-01,,,,
2018-03-02,,,,
2018-03-03,,,,
2018-03-04,,,,
2018-03-05,,,,
2018-03-06,,,,
2018-03-07,,"5,680","5,690","5,680"
2018-03-08,,"5,680","5,700","5,600"
2018-03-09,,"5,600","5,600","5,600"
2018-03-10,,,,
2018-03-11,,,,
2018-03-12,,"5,600","5,600","5,650"
2018-03-13,,"5,650","5,650","5,650"
2018-03-14,,"5,650","5,740","5,600"
2018-03-15,,"5,600","5,790","5,780"
2018-03-16,,"5,780","5,790","5,740"
2018-03-17,,,,
2018-03-18,,,,
2018-03-19,,"5,740","5,740","5,740"
2018-03-20,,,,
2018-03-21,,"5,740","5,790","5,650"
2018-03-22,,"5,650","5,660","5,700"
2018-03-23,,"5,700","5,700","5,710"
2018-03-24,,,,
2018-03-25,,,,
2018-03-26,,"5,710","5,710","5,720"
2018-03-27,,"5,720","5,720","5,730"
2018-03-28,,"5,730","5,730","5,700"
2018-03-29,,"5,700","5,750","5,770"
2018-03-30,,"5,770","5,810","5,780"
2018-03-31,,,,
2018-04-01,,,,
2018-04-02,,"5,780","5,700","5,730"
2018-04-03,,"5,730","5,750","5,780"
2018-04-04,,"5,780","5,780","5,700"
2018-04-05,,"5,700","5,710","5,860"
2018-04-06,,"5,860","5,800","5,800"
2018-04-07,,,,
2018-04-08,,,,
2018-04-09,,,,
2018-04-10,,"5,800","5,850","5,720"
2018-04-11,,"5,720","5,820","5,790"
2018-04-12,,"5,790","5,750","5,790"
2018-04-13,,"5,790","5,860","5,810"
2018-04-14,,,,
2018-04-15,,,,
2018-04-16,,"5,810","5,820","5,800"
2018-04-17,,"5,800","5,790","5,750"
2018-04-18,,"5,750","5,750","5,790"
2018-04-19,,"5,790","5,820","5,710"
2018-04-20,,"5,710","5,540","5,700"
2018-04-21,,,,
2018-04-22,,,,
2018-04-23,,"5,700","5,710","5,710"
2018-04-24,,"5,710","5,710","5,710"
2018-04-25,,"5,710","5,720","5,740"
2018-04-26,,"5,740","5,710","5,730"
2018-04-27,,"5,730","5,710","5,720"
2018-04-28,,,,
2018-04-29,,,,
2018-04-30,,"5,720","5,750","5,700"
2018-05-01,,,,
2018-05-02,,"5,700","5,700","5,720"
2018-05-03,,"5,720","5,730","5,720"
2018-05-04,,"5,720","5,550","5,700"
2018-05-05,,,,
2018-05-06,,,,
2018-05-07,,"5,700","5,710","5,750"
2018-05-08,,"5,750","5,770","5,750"
2018-05-09,,"5,750","5,740","5,740"
2018-05-10,,"5,740","5,750","5,750"
2018-05-11,,"5,750","5,790","5,790"
2018-05-12,,,,
2018-05-13,,,,
2018-05-14,,"5,790","5,790","5,820"
2018-05-15,,"5,820","5,840","5,800"
2018-05-16,,"5,800","5,800","5,800"
2018-05-17,,"5,800","5,850","5,750"
2018-05-18,,"5,750","5,800","5,800"
2018-05-19,,,,
2018-05-20,,,,
2018-05-21,,"5,800","5,800","5,970"
2018-05-22,,"5,970","5,960","5,990"
2018-05-23,,"5,990","5,860","5,870"
2018-05-24,,"5,870","5,800","5,890"
2018-05-25,,"5,890","5,810","5,800"
2018-05-26,,,,
2018-05-27,,,,
2018-05-28,,"5,800","5,800","5,800"
2018-05-29,,"5,800","5,800","5,850"
2018-05-30,,"5,850","5,850","5,810"
2018-05-31,,"5,810","5,810","5,900"
2018-06-01,,"5,900","5,900","5,950"
2018-06-02,,,,
2018-06-03,,,,
2018-06-04,,"5,950","5,950","5,950"
2018-06-05,,"5,950","5,950","5,950"
2018-06-06,,"5,950","5,900","5,900"
2018-06-07,,,,
2018-06-08,,"5,810","5,810","5,800"
2018-06-09,,,,
2018-06-10,,,,
2018-06-11,,"5,800","5,900","5,800"
2018-06-12,,"5,800","5,800","5,860"
2018-06-13,,"5,860","5,800","5,900"
2018-06-14,,"5,900","5,800","5,900"
2018-06-15,,,,
2018-06-16,,,,
2018-06-17,,,,
2018-06-18,,"5,900","5,900","5,940"
2018-06-19,,"5,940","5,900","5,900"
2018-06-20,,"5,900","5,900","5,950"
2018-06-21,,"5,950","5,960","5,990"
2018-06-22,,"5,990","5,990","6,000"
2018-06-23,,,,
2018-06-24,,,,
2018-06-25,,"6,000","6,000","6,000"
2018-06-26,,"6,000","5,850","5,950"
2018-06-27,,"5,950","5,950","5,980"
2018-06-28,,"5,980","5,940","5,950"
2018-06-29,,"5,950","5,970","5,900"
2018-06-30,,,,
2018-07-01,,,,
2018-07-02,,,,
2018-07-03,,"5,930","5,930","5,920"
2018-07-04,,"5,920","5,930","5,950"
2018-07-05,,"5,950","5,940","5,950"
2018-07-06,,"5,950","5,950","5,960"
2018-07-07,,,,
2018-07-08,,,,
2018-07-09,,"5,960","5,960","5,820"
2018-07-10,,"5,820","5,940","5,940"
2018-07-11,,"5,940","5,940","5,940"
2018-07-12,,"5,940","5,900","5,930"
2018-07-13,,"5,930","5,930","5,900"
2018-07-14,,,,
2018-07-15,,,,
2018-07-16,,"5,900","5,900","5,930"
2018-07-17,,"5,930","5,940","5,940"
2018-07-18,,"5,940","5,960","5,950"
2018-07-19,,"5,950","6,000","5,990"
2018-07-20,,"5,990","5,950","5,990"
2018-07-21,,,,
2018-07-22,,,,
2018-07-23,,"5,990","6,000","5,990"
2018-07-24,,"5,990","6,000","6,000"
2018-07-25,,,,
2018-07-26,,"6,000","5,950","6,020"
2018-07-27,,"6,020","6,030","6,000"
2018-07-28,,,,
2018-07-29,,,,
2018-07-30,,"6,000","6,000","6,050"
2018-07-31,,"5,640","5,660","5,800"
2018-08-01,,"5,800","5,720","5,750"
2018-08-02,,,,
2018-08-03,,,,
2018-08-04,,,,
2018-08-05,,,,
2018-08-06,,"5,700","5,700","5,700"
2018-08-07,,"5,700","5,700","5,700"
2018-08-08,,"5,700","5,720","5,700"
2018-08-09,,"5,700","5,720","5,750"
2018-08-10,,"5,750","5,700","5,700"
2018-08-11,,,,
2018-08-12,,,,
2018-08-13,,,,
2018-08-14,,"5,700","5,700","5,700"
2018-08-15,,"5,700","5,750","5,700"
2018-08-16,,"5,700","5,710","5,710"
2018-08-17,,"5,710","5,710","5,710"
2018-08-18,,,,
2018-08-19,,,,
2018-08-20,,"5,710","5,610","5,660"
2018-08-21,,,,
2018-08-22,,,,
2018-08-23,,"5,660","5,750","5,750"
2018-08-24,,"5,750","5,740","5,740"
2018-08-25,,,,
2018-08-26,,,,
2018-08-27,,"5,740","5,730","5,740"
2018-08-28,,"5,740","5,740","5,740"
2018-08-29,,"5,740","5,760","5,790"
2018-08-30,,"5,790","5,850","5,810"
2018-08-31,,"5,810","5,800","5,800"
2018-09-01,,,,
2018-09-02,,,,
2018-09-03,,"5,800","5,800","5,780"
2018-09-04,,"5,780","5,700","5,600"
2018-09-05,,,,
2018-09-06,,"5,450","5,450","5,400"
2018-09-07,,"5,400","5,400","5,500"
2018-09-08,,,,
2018-09-09,,,,
2018-09-10,,,,
2018-09-11,,,,
2018-09-12,,"5,450","5,440","5,400"
2018-09-13,,"5,400","5,440","5,300"
2018-09-14,,"5,300","5,440","5,390"
2018-09-15,,,,
2018-09-16,,,,
2018-09-17,,"5,390","5,390","5,300"
2018-09-18,,"5,300","5,420","5,420"
2018-09-19,,"5,420","5,390","5,310"
2018-09-20,,"5,310","5,320","5,300"
2018-09-21,,"5,300","5,290","5,150"
2018-09-22,,,,
2018-09-23,,,,
2018-09-24,,"5,150","5,150","5,200"
2018-09-25,,"5,200","5,140","5,190"
2018-09-26,,"5,190","5,130","5,190"
2018-09-27,,"5,190","5,190","5,130"
2018-09-28,,"5,130","5,130","5,130"
2018-09-29,,,,
2018-09-30,,,,
2018-10-01,,"5,130","5,120","5,000"
2018-10-02,,"5,000","5,050","5,000"
2018-10-03,,"5,000","4,950","4,850"
2018-10-04,,"4,850","4,800","4,790"
2018-10-05,,"4,790","4,720","4,770"
2018-10-06,,,,
2018-10-07,,,,
2018-10-08,,"4,770","4,710","4,700"
2018-10-09,,"4,700","4,650","4,830"
2018-10-10,,"4,830","4,800","4,800"
2018-10-11,,,,
2018-10-12,,"4,700","4,700","4,700"
2018-10-13,,,,
2018-10-14,,,,
2018-10-15,,,,
2018-10-16,,"4,700","4,650","4,650"
2018-10-17,,"4,650","4,590","4,580"
2018-10-18,,"4,580","4,580","4,500"
2018-10-19,,"4,500","4,500","4,630"
2018-10-20,,,,
2018-10-21,,,,
2018-10-22,,"4,630",,
2018-10-23,,"4,630","4,620","4,630"
2018-10-24,,"4,630","4,600","4,600"
2018-10-25,,"4,600","4,600","4,600"
2018-10-26,,"4,600","4,600","4,600"
2018-10-27,,,,
2018-10-28,,,,
2018-10-29,,"4,600","4,650","4,600"
2018-10-30,,"4,600","4,600","4,600"
2018-10-31,,"4,600","4,600","4,690"
2018-11-01,,"4,690","4,700","4,670"
2018-11-02,,"4,670","4,600","4,670"
2018-11-03,,,,
2018-11-04,,,,
2018-11-05,,"4,670","4,550","4,670"
2018-11-06,,"4,670","4,670","4,660"
2018-11-07,,"4,660","4,620","4,620"
2018-11-08,,"4,620","4,620","4,620"
2018-11-09,,"4,620","4,700","4,690"
2018-11-10,,,,
2018-11-11,,,,
2018-11-12,,"4,690","4,600","4,690"
2018-11-13,,"4,690","4,620","4,620"
2018-11-14,,"4,620","4,700","4,700"
2018-11-15,,"4,700","4,700","4,700"
2018-11-16,,"4,700","4,610","4,680"
2018-11-17,,,,
2018-11-18,,,,
2018-11-19,,"4,680","4,650","4,600"
2018-11-20,,,,
2018-11-21,,,,
2018-11-22,,"4,610","4,610","4,670"
2018-11-23,,"4,670","4,670","4,700"
2018-11-24,,,,
2018-11-25,,,,
2018-11-26,,"4,700","4,750","4,750"
2018-11-27,,"4,750","4,740","4,660"
2018-11-28,,"4,660","4,660","4,610"
2018-11-29,,"4,610","4,610","4,600"
2018-11-30,,"4,600","4,630","4,600"
2018-12-01,,,,
2018-12-02,,,,
2018-12-03,,"4,600","4,640","4,640"
2018-12-04,,"4,640","4,620","4,610"
2018-12-05,,"4,610","4,630","4,610"
2018-12-06,,"4,610","4,740","4,610"
2018-12-07,,"4,610","4,650","4,650"
2018-12-08,,,,
2018-12-09,,,,
2018-12-10,,"4,650","4,740","4,600"
2018-12-11,,"4,600","4,600","4,610"
2018-12-12,,"4,610","4,650","4,650"
2018-12-13,,"4,650","4,730","4,600"
2018-12-14,,"4,600","4,600","4,600"
2018-12-15,,,,
2018-12-16,,,,
2018-12-17,,"4,600","4,720","4,620"
2018-12-18,,,,
2018-12-19,,"4,650","4,650","4,600"
2018-12-20,,"4,600","4,650","4,600"
2018-12-21,,"4,600","4,720","4,600"
2018-12-22,,,,
2018-12-23,,,,
2018-12-24,,"4,600","4,650","4,650"
2018-12-25,,"4,650","4,650","4,650"
2018-12-26,,"4,650","4,640","4,650"
2018-12-27,,"4,650","4,650","4,660"
2018-12-28,,"4,660","4,720","4,720"
2018-12-29,,,,
2018-12-30,,,,
2018-12-31,,"4,720","4,720","4,700"
2019-01-01,,,,
2019-01-02,,"4,700","4,800","4,800"
2019-01-03,,"4,800","4,770","4,630"
2019-01-04,,"4,630","4,740","4,740"
2019-01-05,,,,
2019-01-06,,,,
2019-01-07,,"4,740","4,740","4,740"
2019-01-08,,"4,740","4,740","4,740"
2019-01-09,,,,
2019-01-10,,"4,600","4,700","4,700"
2019-01-11,,"4,700","4,700","4,610"
2019-01-12,,,,
2019-01-13,,,,
2019-01-14,,,,
2019-01-15,,"4,610","4,600","4,650"
2019-01-16,,"4,650","4,650","4,650"
2019-01-17,,"4,650","4,700","4,700"
2019-01-18,,"4,700","4,690","4,710"
2019-01-19,,,,
2019-01-20,,,,
2019-01-21,,"4,710","4,600","4,700"
2019-01-22,,"4,700","4,800","4,800"
2019-01-23,,"4,800","4,720","4,800"
2019-01-24,,"4,800","4,800","4,790"
2019-01-25,,"4,790","4,800","4,800"
2019-01-26,,,,
2019-01-27,,,,
2019-01-28,,"4,800","4,800","4,800"
2019-01-29,,"4,800","4,750","4,740"
2019-01-30,,"4,740","4,700","4,750"
2019-01-31,,"4,750","4,800","4,800"
2019-02-01,,"4,800","4,750","4,710"
2019-02-02,,,,
2019-02-03,,,,
2019-02-04,,"4,710","4,700","4,700"
2019-02-05,,"4,700","4,740","4,740"
2019-02-06,,,,
2019-02-07,,,,
2019-02-08,,"4,710","4,680","4,600"
2019-02-09,,,,
2019-02-10,,,,
2019-02-11,,,,
2019-02-12,,,,
2019-02-13,,"4,680","4,680","4,680"
2019-02-14,,"4,680","4,610","4,610"
2019-02-15,,"4,610","4,600","4,700"
2019-02-16,,,,
2019-02-17,,,,
2019-02-18,,"4,700","4,700","4,610"
2019-02-19,,"4,610","4,610","4,610"
2019-02-20,,"4,610","4,610","4,650"
2019-02-21,,"4,650","4,700","4,620"
2019-02-22,,,,
2019-02-23,,,,
2019-02-24,,,,
2019-02-25,,"4,650","4,680","4,700"
2019-02-26,,"4,700","4,700","4,700"
2019-02-27,,"4,700","4,640","4,640"
2019-02-28,,"4,640","4,650","4,640"
2019-03-01,,"4,640","4,700","4,640"
2019-03-02,,,,
2019-03-03,,,,
2019-03-04,,"4,640","4,700","4,620"
2019-03-05,,"4,620","4,620","4,620"
2019-03-06,,"4,620","4,630","4,620"
2019-03-07,,"4,620","4,640","4,640"
2019-03-08,,"4,640","4,690","4,630"
2019-03-09,,,,
2019-03-10,,,,
2019-03-11,,"4,630","4,630","4,630"
2019-03-12,,"4,630","4,600","4,630"
2019-03-13,,"4,630","4,500","4,630"
2019-03-14,,"4,630","4,610","4,610"
2019-03-15,,"4,610","4,700","4,700"
2019-03-16,,,,
2019-03-17,,,,
2019-03-18,,"4,700","4,680","4,680"
2019-03-19,,"4,680","4,650","4,650"
2019-03-20,,,,
2019-03-21,,"4,650","4,600","4,600"
2019-03-22,,"4,600","4,700","4,630"
2019-03-23,,,,
2019-03-24,,,,
2019-03-25,,"4,630","4,630","4,630"
2019-03-26,,"4,630",,
2019-03-27,,"4,630","4,600","4,510"
2019-03-28,,,,
2019-03-29,,"4,700","4,620","4,620"
2019-03-30,,,,
2019-03-31,,,,
2019-04-01,,"4,620","4,620","4,620"
2019-04-02,,"4,620","4,600","4,600"
2019-04-03,,"4,600","4,500","4,600"
2019-04-04,,"4,600","4,600","4,600"
2019-04-05,,"4,600","4,600","4,600"
2019-04-06,,,,
2019-04-07,,,,
2019-04-08,,"4,600","4,470","4,580"
2019-04-09,,,,
2019-04-10,,"4,580","4,580","4,580"
2019-04-11,,"4,580","4,590","4,580"
2019-04-12,,"4,580","4,590","4,580"
2019-04-13,,,,
2019-04-14,,,,
2019-04-15,,"4,580","4,700","4,680"
2019-04-16,,"4,680","4,680","4,580"
2019-04-17,,"4,580","4,560","4,500"
2019-04-18,,"4,500","4,630","4,520"
2019-04-19,,"4,520","4,600","4,550"
2019-04-20,,,,
2019-04-21,,,,
2019-04-22,,"4,550","4,650","4,530"
2019-04-23,,"4,530","4,530","4,600"
2019-04-24,,"4,600","4,530","4,600"
2019-04-25,,"4,600","4,600","4,500"
2019-04-26,,"4,500","4,450","4,400"
2019-04-27,,,,
2019-04-28,,,,
2019-04-29,,"4,400","4,500","4,400"
2019-04-30,,"4,400","4,400","4,400"
2019-05-01,,,,
2019-05-02,,"4,400","4,400","4,400"
2019-05-03,,"4,400","4,270","4,270"
2019-05-04,,,,
2019-05-05,,,,
2019-05-06,,"4,270","4,360","4,360"
2019-05-07,,"4,360","4,270","4,270"
2019-05-08,,"4,270","4,270","4,230"
2019-05-09,,"4,230","4,230","4,250"
2019-05-10,,"4,250","4,270","4,150"
2019-05-11,,,,
2019-05-12,,,,
2019-05-13,,"4,150","4,150","4,200"
2019-05-14,,"4,200","4,190","4,110"
2019-05-15,,"4,110","4,110","4,110"
2019-05-16,,"4,110","4,060","4,050"
2019-05-17,,"4,050","4,050","4,140"
2019-05-18,,,,
2019-05-19,,,,
2019-05-20,,"4,140","4,050","4,050"
2019-05-21,,"4,050","4,050","4,050"
2019-05-22,,"4,050","4,160","4,160"
2019-05-23,,"4,160","4,060","4,160"
2019-05-24,,"4,160","4,280","4,400"
2019-05-25,,,,
2019-05-26,,,,
2019-05-27,,"4,400","4,530","4,600"
2019-05-28,,"4,600","4,600","4,600"
2019-05-29,,"4,600","4,660","4,550"
2019-05-30,,"4,550","4,600","4,520"
2019-05-31,,"4,520","4,320","4,520"
2019-06-01,,,,
2019-06-02,,,,
2019-06-03,,"4,520","4,600","4,600"
2019-06-04,,,,
2019-06-05,,,,
2019-06-06,,,,
2019-06-07,,"4,600","4,540","4,540"
2019-06-08,,,,
2019-06-09,,,,
2019-06-10,,"4,540","4,590","4,590"
2019-06-11,,,,
2019-06-12,,"4,540","4,550","4,550"
2019-06-13,,"4,550","4,550","4,550"
2019-06-14,,"4,550","4,550","4,550"
2019-06-15,,,,
2019-06-16,,,,
2019-06-17,,"4,550","4,550","4,540"
2019-06-18,,"4,540","4,500","4,500"
2019-06-19,,"4,500","4,500","4,500"
2019-06-20,,"4,500","4,400","4,500"
2019-06-21,,"4,500","4,500","4,450"
2019-06-22,,,,
2019-06-23,,,,
2019-06-24,,"4,450","4,500","4,500"
2019-06-25,,"4,500","4,500","4,490"
2019-06-26,,"4,490","4,370","4,370"
2019-06-27,,"4,370","4,440","4,350"
2019-06-28,,"4,350","4,400","4,400"
2019-06-29,,,,
2019-06-30,,,,
2019-07-01,,"4,400","4,450","4,450"
2019-07-02,,"4,450","4,450","4,400"
2019-07-03,,"4,400","4,430","4,300"
2019-07-04,,"4,300","4,300","4,300"
2019-07-05,,"4,300","4,290","4,230"
2019-07-06,,,,
2019-07-07,,,,
2019-07-08,,"4,230","4,290","4,290"
2019-07-09,,"4,290","4,230","4,200"
2019-07-10,,"4,200","4,170","4,150"
2019-07-11,,"4,150","4,170","4,140"
2019-07-12,,"4,140","4,140","4,170"
2019-07-13,,,,
2019-07-14,,,,
2019-07-15,,"4,170",,
2019-07-16,,"4,170",,
2019-07-17,,"4,170","4,200","4,120"
2019-07-18,,"4,120","4,100","4,100"
2019-07-19,,"4,100","4,110","4,000"
2019-07-20,,,,
2019-07-21,,,,
2019-07-22,,"4,000","4,000","4,000"
2019-07-23,,"4,000","4,040","4,000"
2019-07-24,,,,
2019-07-25,,,,
2019-07-26,,"4,000","4,040","3,960"
2019-07-27,,,,
2019-07-28,,,,
2019-07-29,,,,
2019-07-30,,"3,920","4,000","4,000"
2019-07-31,,"4,000","4,000","4,000"
2019-08-01,,"4,000","4,000","4,000"
2019-08-02,,"4,000","4,000","4,000"
2019-08-03,,,,
2019-08-04,,,,
2019-08-05,,"4,000","4,000","4,000"
2019-08-06,,"4,000","3,920","3,920"
2019-08-07,,"3,820","3,990","3,990"
2019-08-08,,"3,990","4,160","4,160"
2019-08-09,,"4,160","4,200","4,190"
2019-08-10,,,,
2019-08-11,,,,
2019-08-12,,,,
2019-08-13,,,,
2019-08-14,,"4,190","4,180","4,180"
2019-08-15,,"4,180","4,190","4,190"
2019-08-16,,"4,190","4,190","4,180"
2019-08-17,,,,
2019-08-18,,,,
2019-08-19,,"4,180","4,180","4,060"
2019-08-20,,"4,060","4,000","4,000"
2019-08-21,,"4,000","3,980","3,980"
2019-08-22,,"3,980","3,980","3,980"
2019-08-23,,"3,980","3,900","3,980"
2019-08-24,,,,
2019-08-25,,,,
2019-08-26,,"3,980",,
2019-08-27,,"3,980","3,870","3,870"
2019-08-28,,"3,870",,
2019-08-29,,"3,870","3,900","3,970"
2019-08-30,,"3,970","3,880","3,870"
2019-08-31,,,,
2019-09-01,,,,
2019-09-02,,"3,870","3,760","3,950"
2019-09-03,,"3,950",,
2019-09-04,,"3,950","3,840","3,950"
2019-09-05,,"3,950","3,840","3,840"
2019-09-06,,"3,840","3,950","3,950"
2019-09-07,,,,
2019-09-08,,,,
2019-09-09,,,,
2019-09-10,,,,
2019-09-11,,"3,890","3,890","3,890"
2019-09-12,,"3,890","3,890","3,800"
2019-09-13,,"3,800","3,800","3,880"
2019-09-14,,,,
2019-09-15,,,,
2019-09-16,,"3,880","3,880","3,880"
2019-09-17,,"3,880","3,890","3,890"
2019-09-18,,"3,890","3,780","3,880"
2019-09-19,,"3,880","3,800","3,790"
2019-09-20,,"3,790","3,700","3,680"
2019-09-21,,,,
2019-09-22,,,,
2019-09-23,,"3,680","3,700","3,700"
2019-09-24,,"3,700","3,720","3,700"
2019-09-25,,"3,700","3,700","3,810"
2019-09-26,,"3,810","3,800","3,700"
2019-09-27,,"3,700","3,850","3,800"
2019-09-28,,,,
2019-09-29,,,,
2019-09-30,,"3,800","3,690","3,690"
2019-10-01,,"3,690","3,600","3,580"
2019-10-02,,"3,580","3,500","3,480"
2019-10-03,,"3,480","3,580","3,480"
2019-10-04,,"3,480","3,580","3,480"
2019-10-05,,,,
2019-10-06,,,,
2019-10-07,,"3,480","3,580","3,380"
2019-10-08,,"3,380","3,480","3,380"
2019-10-09,,"3,380","3,480","3,310"
2019-10-10,,"3,310","3,290","3,240"
2019-10-11,,"3,240","3,280","3,280"
2019-10-12,,,,
2019-10-13,,,,
2019-10-14,,"3,280","3,320","3,320"
2019-10-15,,,,
2019-10-16,,"3,320","3,350","3,350"
2019-10-17,,"3,350","3,310","3,300"
2019-10-18,,"3,300","3,320","3,250"
2019-10-19,,,,
2019-10-20,,,,
2019-10-21,,"3,250","3,300","3,200"
2019-10-22,,"3,200","3,250","3,190"
2019-10-23,,"3,190","3,180","3,130"
2019-10-24,,"3,130","3,130","3,070"
2019-10-25,,"3,070","3,060","3,090"
2019-10-26,,,,
2019-10-27,,,,
2019-10-28,,"3,090","3,050","3,010"
2019-10-29,,"3,010","3,050","3,050"
2019-10-30,,"3,050","3,020","3,140"
2019-10-31,,"3,140","3,140","3,140"
2019-11-01,,"3,140","3,200","3,050"
2019-11-02,,,,
2019-11-03,,,,
2019-11-04,,"3,050","3,050","3,010"
2019-11-05,,"3,010","3,000","3,000"
2019-11-06,,"3,000","2,960","2,950"
2019-11-07,,"2,950","3,020","2,930"
2019-11-08,,"2,930","2,920","2,850"
2019-11-09,,,,
2019-11-10,,,,
2019-11-11,,"2,850","2,800","2,800"
2019-11-12,,"2,800","2,720","2,800"
2019-11-13,,"2,800","2,740","2,880"
2019-11-14,,"2,880","2,890","2,870"
2019-11-15,,"2,870","2,870","2,810"
2019-11-16,,,,
2019-11-17,,,,
2019-11-18,,"2,810","2,870","2,770"
2019-11-19,,"2,770","2,840","2,770"
2019-11-20,,"2,770","2,850","2,700"
2019-11-21,,"2,700","2,780","2,740"
2019-11-22,,"2,740","2,760","2,800"
2019-11-23,,,,
2019-11-24,,,,
2019-11-25,,"2,800","2,750","2,730"
2019-11-26,,"2,730","2,730","2,700"
2019-11-27,,"2,700","2,780","2,780"
2019-11-28,,"2,780","2,840","2,860"
2019-11-29,,"2,860","2,870","2,870"
2019-11-30,,,,
2019-12-01,,,,
2019-12-02,,"2,870",,
2019-12-03,,"2,870","2,840","2,840"
2019-12-04,,"2,840","2,840","2,760"
2019-12-05,,"2,760","2,840","2,840"
2019-12-06,,"2,840","2,760","2,840"
2019-12-07,,,,
2019-12-08,,,,
2019-12-09,,"2,840","2,840","2,760"
2019-12-10,,"2,760","2,830","2,760"
2019-12-11,,"2,760","2,760","2,760"
2019-12-12,,"2,760","2,840","2,780"
2019-12-13,,"2,780","2,780","2,780"
2019-12-14,,,,
2019-12-15,,,,
2019-12-16,,"2,780","2,740","2,730"
2019-12-17,,"2,730","2,730","2,750"
2019-12-18,,"2,750","2,760","2,750"
2019-12-19,,"2,750","2,700","2,750"
2019-12-20,,"2,750","2,700","2,680"
2019-12-21,,,,
2019-12-22,,,,
2019-12-23,,"2,680","2,670","2,630"
2019-12-24,,"2,630","2,620","2,600"
2019-12-25,,"2,600","2,600","2,550"
2019-12-26,,"2,550","2,590","2,550"
2019-12-27,,"2,550","2,620","2,550"
2019-12-28,,,,
2019-12-29,,,,
2019-12-30,,"2,550","2,620","2,550"
2019-12-31,,"2,550","2,550","2,540"
2020-01-01,,,,
2020-01-02,,"2,540","2,510","2,520"
2020-01-03,,"2,520","2,500","2,500"
2020-01-04,,,,
2020-01-05,,,,
2020-01-06,,"2,500","2,540","2,470"
2020-01-07,,"2,470","2,460","2,400"
2020-01-08,,"2,400","2,380","2,330"
2020-01-09,,"2,330","2,320","2,220"
2020-01-10,,"2,220","2,210","2,150"
2020-01-11,,,,
2020-01-12,,,,
2020-01-13,,"2,150","2,090","2,140"
2020-01-14,,,,
2020-01-15,,"2,140","2,120","2,270"
2020-01-16,,"2,270","2,370","2,400"
2020-01-17,,"2,400","2,500","2,400"
2020-01-18,,,,
2020-01-19,,,,
2020-01-20,,"2,400","2,400","2,410"
2020-01-21,,"2,410","2,450","2,340"
2020-01-22,,"2,340","2,340","2,320"
2020-01-23,,"2,320","2,350","2,300"
2020-01-24,,"2,300","2,290","2,250"
2020-01-25,,,,
2020-01-26,,,,
2020-01-27,,"2,250","2,250","2,350"
2020-01-28,,"2,350","2,290","2,390"
2020-01-29,,"2,390","2,400","2,500"
2020-01-30,,"2,500","2,540","2,610"
2020-01-31,,"2,610","2,610","2,680"
2020-02-01,,,,
2020-02-02,,,,
2020-02-03,,"2,680","2,690","2,730"
2020-02-04,,"2,730","2,710","2,810"
2020-02-05,,"2,810","2,840","2,980"
2020-02-06,,"2,980","3,060","3,070"
2020-02-07,,"3,070","3,100","3,010"
2020-02-08,,,,
2020-02-09,,,,
2020-02-10,,"2,970","2,920","2,900"
2020-02-11,,"2,900","2,900","3,000"
2020-02-12,,"3,000","2,990","3,040"
2020-02-13,,"3,040","3,070","3,000"
2020-02-14,,"3,000","3,050","2,920"
2020-02-15,,,,
2020-02-16,,,,
2020-02-17,,,,
2020-02-18,,,,
2020-02-19,,,,
2020-02-20,,,,
2020-02-21,,,,
2020-02-22,,,,
2020-02-23,,,,
2020-02-24,,,,
2020-02-25,,,,
2020-02-26,,"2,850","2,840","2,810"
2020-02-27,,,,
2020-02-28,,,,
2020-02-29,,,,
2020-03-01,,,,
2020-03-02,,,,
2020-03-03,,,,
2020-03-04,,,,
2020-03-05,,"2,760","2,790","2,800"
2020-03-06,,"2,800","2,810","2,770"
2020-03-07,,,,
2020-03-08,,,,
2020-03-09,,"2,770","2,780","2,700"
2020-03-10,,"2,700","2,680","2,680"
2020-03-11,,"2,680","2,600","2,740"
2020-03-12,,"2,740","2,700","2,690"
2020-03-13,,"2,690","2,700","2,530"
2020-03-14,,,,
2020-03-15,,,,
2020-03-16,,"2,530","2,510","2,450"
2020-03-17,,"2,380","2,310","2,310"
2020-03-18,,"2,310","2,310","2,250"
2020-03-19,,"2,250","2,250","2,190"
2020-03-20,,,,
2020-03-21,,,,
2020-03-22,,,,
2020-03-23,,"2,190","2,250","2,240"
2020-03-24,,"2,240","2,240","2,300"
2020-03-25,,"2,300","2,350","2,340"
2020-03-26,,"2,340","2,350","2,360"
2020-03-27,,"2,360","2,370","2,430"
2020-03-28,,,,
2020-03-29,,,,
2020-03-30,,"2,430","2,480","2,410"
2020-03-31,,"2,410","2,400","2,460"
2020-04-01,,"2,460","2,460","2,530"
2020-04-02,,"2,530","2,590","2,460"
2020-04-03,,"2,460","2,460","2,420"
2020-04-04,,,,
2020-04-05,,,,
2020-04-06,,"2,420","2,400","2,490"
2020-04-07,,"2,490","2,500","2,560"
2020-04-08,,"2,560","2,630","2,630"
2020-04-09,,,,
2020-04-10,,,,
2020-04-11,,,,
2020-04-12,,,,
2020-04-13,,"2,630","2,700","2,700"
2020-04-14,,"2,700","2,770","2,730"
2020-04-15,,"2,730","2,700","2,690"
2020-04-16,,"2,690","2,650","2,680"
2020-04-17,,"2,680","2,680","2,760"
2020-04-18,,,,
2020-04-19,,,,
2020-04-20,,"2,760","2,840","2,840"
2020-04-21,,"2,840","2,920","2,920"
2020-04-22,,"2,920","2,950","2,900"
2020-04-23,,"2,900","2,880","2,900"
2020-04-24,,"2,900","2,940","2,910"
2020-04-25,,,,
2020-04-26,,,,
2020-04-27,,"2,910","2,940","2,990"
2020-04-28,,"2,990","3,000","2,950"
2020-04-29,,"2,950","2,930","2,870"
2020-04-30,,"2,870","2,940","2,890"
2020-05-01,,,,
2020-05-02,,,,
2020-05-03,,,,
2020-05-04,,"2,890","2,940","2,900"
2020-05-05,,"2,900","2,970","2,900"
2020-05-06,,"2,900","2,960","2,900"
2020-05-07,,"2,900","2,960","2,890"
2020-05-08,,"2,890","2,940","2,900"
2020-05-09,,,,
2020-05-10,,,,
2020-05-11,,"2,900","2,900","2,900"
2020-05-12,,"2,900","2,830","2,860"
2020-05-13,,"2,860","2,830","2,810"
2020-05-14,,"2,810","2,820","2,890"
2020-05-15,,"2,890","2,820","2,960"
2020-05-16,,,,
2020-05-17,,,,
2020-05-18,,"2,960","2,990","2,910"
2020-05-19,,"2,910","2,970","2,840"
2020-05-20,,"2,830","2,770","2,770"
2020-05-21,,"2,770","2,840","2,770"
2020-05-22,,"2,770","2,760","2,690"
2020-05-23,,,,
2020-05-24,,,,
2020-05-25,,,,
2020-05-26,,"2,690","2,670","2,770"
2020-05-27,,"2,770","2,850","2,850"
2020-05-28,,"2,850","2,900","2,860"
2020-05-29,,"2,860","2,860","2,850"
2020-05-30,,,,
2020-05-31,,,,
2020-06-01,,,,
2020-06-02,,"2,840","2,830","2,860"
2020-06-03,,,,
2020-06-04,,"2,820","2,740","2,790"
2020-06-05,,"2,790","2,740","2,790"
2020-06-06,,,,
2020-06-07,,,,
2020-06-08,,"2,790","2,800","2,780"
2020-06-09,,"2,780","2,820","2,800"
2020-06-10,,"2,800","2,790","2,790"
2020-06-11,,"2,790","2,800","2,830"
2020-06-12,,"2,830","2,830","2,810"
2020-06-13,,,,
2020-06-14,,,,
2020-06-15,,"2,810","2,830","2,830"
2020-06-16,,"2,830","2,750","2,770"
2020-06-17,,"2,750","2,730","2,810"
2020-06-18,,"2,810","2,800","2,800"
2020-06-19,,"2,800","2,740","2,800"
2020-06-20,,,,
2020-06-21,,,,
2020-06-22,,"2,800","2,750","2,800"
2020-06-23,,"2,800","2,840","2,820"
2020-06-24,,"2,820","2,830","2,820"
2020-06-25,,"2,820","2,880","2,900"
2020-06-26,,"2,900","2,900","2,830"
2020-06-27,,,,
2020-06-28,,,,
2020-06-29,,"2,830","2,870","2,900"
2020-06-30,,"2,900","2,950","3,070"
2020-07-01,,"3,070","3,140","3,250"
2020-07-02,,"3,250","3,340","3,440"
2020-07-03,,"3,440",,
2020-07-04,,,,
2020-07-05,,,,
2020-07-06,,"3,590","3,730","3,550"
2020-07-07,,"3,550","3,490","3,440"
2020-07-08,,"3,440","3,440","3,430"
2020-07-09,,"3,430","3,500","3,400"
2020-07-10,,"3,400","3,350","3,270"
2020-07-11,,,,
2020-07-12,,,,
2020-07-13,,"3,270","3,250","3,300"
2020-07-14,,"3,300","3,320","3,230"
2020-07-15,,"3,230","3,090","3,090"
2020-07-16,,"3,090","3,000","3,090"
2020-07-17,,"3,090","3,090","3,090"
2020-07-18,,,,
2020-07-19,,,,
2020-07-20,,"3,090","3,150","3,070"
2020-07-21,,"3,070","3,150","3,060"
2020-07-22,,"3,060","3,090","3,030"
2020-07-23,,"3,030","3,060","3,000"
2020-07-24,,"3,000","3,020","3,180"
2020-07-25,,,,
2020-07-26,,,,
2020-07-27,,"3,180","3,230","3,190"
2020-07-28,,"3,190","3,180","3,100"
2020-07-29,,"3,100","3,100","3,090"
2020-07-30,,"3,090","3,180","3,160"
2020-07-31,,,,
2020-08-01,,,,
2020-08-02,,,,
2020-08-03,,"3,160","3,090","3,160"
2020-08-04,,"3,160","3,160","3,150"
2020-08-05,,"3,150","3,070","3,060"
2020-08-06,,"3,060","3,060","3,060"
2020-08-07,,"3,060","3,100","3,090"
2020-08-08,,,,
2020-08-09,,,,
2020-08-10,,"3,090","3,090","3,160"
2020-08-11,,"3,160","3,170","3,150"
2020-08-12,,"3,150","3,160","3,200"
2020-08-13,,,,
2020-08-14,,"3,200","3,280","3,270"
2020-08-15,,,,
2020-08-16,,,,
2020-08-17,,"3,270","3,290","3,200"
2020-08-18,,"3,200","3,250","3,160"
2020-08-19,,"3,160","3,130","3,200"
2020-08-20,,,,
2020-08-21,,"3,200","3,200","3,200"
2020-08-22,,,,
2020-08-23,,,,
2020-08-24,,"3,200","3,190","3,220"
2020-08-25,,"3,220","3,240","3,200"
2020-08-26,,"3,200","3,200","3,150"
2020-08-27,,"3,150","3,170","3,110"
2020-08-28,,"3,110","3,100","3,180"
2020-08-29,,,,
2020-08-30,,,,
2020-08-31,,"3,180","3,230","3,090"
2020-09-01,,"3,090",,
2020-09-02,,"3,220","3,240","3,410"
2020-09-03,,"3,410","3,410","3,610"
2020-09-04,,"3,610","3,710","3,820"
2020-09-05,,,,
2020-09-06,,,,
2020-09-07,,"3,820","3,820","3,810"
2020-09-08,,"3,810","3,780","3,830"
2020-09-09,,"3,830","3,860","3,820"
2020-09-10,,"3,820","3,780","3,760"
2020-09-11,,"3,760","3,760","3,760"
2020-09-12,,,,
2020-09-13,,,,
2020-09-14,,"3,760","3,800","3,760"
2020-09-15,,"3,760","3,760","3,690"
2020-09-16,,"3,690","3,670","3,700"
2020-09-17,,"3,700","3,700","3,780"
2020-09-18,,"3,780","3,800","3,780"
2020-09-19,,,,
2020-09-20,,,,
2020-09-21,,"3,780","3,780","3,780"
2020-09-22,,"3,780","3,760","3,780"
2020-09-23,,"3,780","3,800","3,840"
2020-09-24,,"3,840","3,850","3,930"
2020-09-25,,"3,930","3,930","3,920"
2020-09-26,,,,
2020-09-27,,,,
2020-09-28,,,,
2020-09-29,,,,
2020-09-30,,,,
2020-10-01,,,,
2020-10-02,,,,
2020-10-03,,,,
2020-10-04,,,,
2020-10-05,,,,
2020-10-06,,,,
2020-10-07,,,,
2020-10-08,,,,
2020-10-09,,,,
2020-10-10,,,,
2020-10-11,,,,
2020-10-12,,,,
2020-10-13,,,,
2020-10-14,,,,
2020-10-15,,,,
2020-10-16,,,,
2020-10-17,,,,
2020-10-18,,,,
2020-10-19,,,,
2020-10-20,,,,
2020-10-21,,,,
2020-10-22,,,,
2020-10-23,,,,
2020-10-24,,,,
2020-10-25,,,,
2020-10-26,,,,
2020-10-27,,,,
2020-10-28,,,,
2020-10-29,,,,
2020-10-30,,,,
2020-10-31,,,,
2020-11-01,,,,
2020-11-02,,,,
2020-11-03,,,,
2020-11-04,,,,
2020-11-05,,,,
2020-11-06,,,,
2020-11-07,,,,
2020-11-08,,,,
2020-11-09,,,,
2020-11-10,,,,
2020-11-11,,,,
2020-11-12,,,,
2020-11-13,,,,
2020-11-14,,,,
2020-11-15,,,,
2020-11-16,,,,
2020-11-17,,,,
2020-11-18,,,,
2020-11-19,,,,
2020-11-20,,,,
2020-11-21,,,,
2020-11-22,,,,
2020-11-23,,,,
2020-11-24,,,,
2020-11-25,,,,
2020-11-26,,,,
2020-11-27,,,,
2020-11-28,,,,
2020-11-29,,,,
2020-11-30,,,,
2020-12-01,,,,
2020-12-02,,,,
2020-12-03,,,,
2020-12-04,,,,
2020-12-05,,,,
2020-12-06,,,,
2020-12-07,,,,
2020-12-08,,,,
2020-12-09,,,,
2020-12-10,,,,
2020-12-11,,,,
2020-12-12,,,,
2020-12-13,,,,
2020-12-14,,,,
2020-12-15,,,,
2020-12-16,,,,
2020-12-17,,,,
2020-12-18,,,,
2020-12-19,,,,
2020-12-20,,,,
2020-12-21,,,,
2020-12-22,,,,
2020-12-23,,,,
2020-12-24,,,,
2020-12-25,,,,
2020-12-26,,,,
2020-12-27,,,,
2020-12-28,,,,
2020-12-29,,,,
2020-12-30,,,,
2020-12-31,,,,
