,BNA,ref,ouverture,cloture
2018-01-01,,,,
2018-01-02,,,,
2018-01-03,,"11,610","11,790","11,700"
2018-01-04,,"11,700","11,520","11,690"
2018-01-05,,"11,690","11,650","11,600"
2018-01-06,,,,
2018-01-07,,,,
2018-01-08,,"11,600","11,450","11,460"
2018-01-09,,"11,460","11,450","11,200"
2018-01-10,,"11,200","11,410","11,340"
2018-01-11,,"11,340","11,380","11,600"
2018-01-12,,,,
2018-01-13,,,,
2018-01-14,,,,
2018-01-15,,"11,600","11,300","11,490"
2018-01-16,,,,
2018-01-17,,,,
2018-01-18,,,,
2018-01-19,,,,
2018-01-20,,,,
2018-01-21,,,,
2018-01-22,,,,
2018-01-23,,,,
2018-01-24,,,,
2018-01-25,,,,
2018-01-26,,"12,000","12,000","12,000"
2018-01-27,,,,
2018-01-28,,,,
2018-01-29,,,,
2018-01-30,,,,
2018-01-31,,,,
2018-02-01,,,,
2018-02-02,,,,
2018-02-03,,,,
2018-02-04,,,,
2018-02-05,,,,
2018-02-06,,,,
2018-02-07,,,,
2018-02-08,,,,
2018-02-09,,,,
2018-02-10,,,,
2018-02-11,,,,
2018-02-12,,,,
2018-02-13,,,,
2018-02-14,,,,
2018-02-15,,,,
2018-02-16,,,,
2018-02-17,,,,
2018-02-18,,,,
2018-02-19,,,,
2018-02-20,,"13,180","13,100","13,080"
2018-02-21,,"13,080","13,010","12,980"
2018-02-22,,,,
2018-02-23,,,,
2018-02-24,,,,
2018-02-25,,,,
2018-02-26,,,,
2018-02-27,,,,
2018-02-28,,,,
2018-03-01,,,,
2018-03-02,,,,
2018-03-03,,,,
2018-03-04,,,,
2018-03-05,,,,
2018-03-06,,,,
2018-03-07,,"13,300","13,250","13,300"
2018-03-08,,"13,300","13,280","13,300"
2018-03-09,,"13,300","13,270","13,300"
2018-03-10,,,,
2018-03-11,,,,
2018-03-12,,"13,300","13,250","13,240"
2018-03-13,,"13,240","13,250","13,250"
2018-03-14,,"13,250","13,250","13,230"
2018-03-15,,"13,230","13,240","13,300"
2018-03-16,,"13,300","13,180","13,300"
2018-03-17,,,,
2018-03-18,,,,
2018-03-19,,"13,300","13,250","13,200"
2018-03-20,,,,
2018-03-21,,"13,200","13,200","13,200"
2018-03-22,,"13,200","13,200","13,200"
2018-03-23,,"13,200","13,160","13,200"
2018-03-24,,,,
2018-03-25,,,,
2018-03-26,,"13,200","13,150","13,190"
2018-03-27,,"13,190","13,190","13,160"
2018-03-28,,"13,160","13,160","13,190"
2018-03-29,,"13,190","13,190","13,000"
2018-03-30,,"13,000","13,000","13,000"
2018-03-31,,,,
2018-04-01,,,,
2018-04-02,,"13,000","13,000","13,000"
2018-04-03,,"13,000","13,000","13,390"
2018-04-04,,"13,390","13,300","13,300"
2018-04-05,,"13,300","13,100","13,350"
2018-04-06,,"13,350","13,300","13,300"
2018-04-07,,,,
2018-04-08,,,,
2018-04-09,,,,
2018-04-10,,"13,300","13,350","13,100"
2018-04-11,,"13,100","13,200","13,100"
2018-04-12,,"13,100","13,100","13,200"
2018-04-13,,"13,200","13,300","13,590"
2018-04-14,,,,
2018-04-15,,,,
2018-04-16,,"13,590","13,800","13,590"
2018-04-17,,"13,590","13,650","13,900"
2018-04-18,,"13,900","14,000","14,000"
2018-04-19,,"14,000","14,000","14,100"
2018-04-20,,"14,100","14,270","14,640"
2018-04-21,,,,
2018-04-22,,,,
2018-04-23,,"14,640","14,640","14,500"
2018-04-24,,"14,500","14,500","14,500"
2018-04-25,,"14,500","14,400","14,500"
2018-04-26,,"14,500","14,400","14,250"
2018-04-27,,"14,250","14,250","14,130"
2018-04-28,,,,
2018-04-29,,,,
2018-04-30,,"14,130","14,100","13,980"
2018-05-01,,,,
2018-05-02,,"13,980","14,000","13,860"
2018-05-03,,"13,860","13,850","13,850"
2018-05-04,,"13,850","13,850","13,700"
2018-05-05,,,,
2018-05-06,,,,
2018-05-07,,"13,700","13,650","13,750"
2018-05-08,,"13,750","13,700","13,980"
2018-05-09,,"13,980","14,000","14,120"
2018-05-10,,"14,120","14,120","14,470"
2018-05-11,,"14,470","14,470","14,800"
2018-05-12,,,,
2018-05-13,,,,
2018-05-14,,"14,800","14,890","15,300"
2018-05-15,,"15,300","15,200","15,250"
2018-05-16,,"15,250","15,240","15,100"
2018-05-17,,"15,100","15,100","15,100"
2018-05-18,,"15,100","15,090","15,090"
2018-05-19,,,,
2018-05-20,,,,
2018-05-21,,"15,090","15,100","15,200"
2018-05-22,,"15,200","15,200","15,200"
2018-05-23,,"15,200","15,200","15,650"
2018-05-24,,"15,650","15,650","16,350"
2018-05-25,,"16,350","16,660","16,990"
2018-05-26,,,,
2018-05-27,,,,
2018-05-28,,"16,990","16,990","16,490"
2018-05-29,,"16,490","16,010","16,700"
2018-05-30,,"16,700","16,970","16,890"
2018-05-31,,"16,890","16,800","17,000"
2018-06-01,,"17,000","17,000","17,330"
2018-06-02,,,,
2018-06-03,,,,
2018-06-04,,"17,330","17,370","17,900"
2018-06-05,,"17,900","17,990","17,700"
2018-06-06,,"17,700","17,800","18,000"
2018-06-07,,,,
2018-06-08,,"18,320","18,330","18,100"
2018-06-09,,,,
2018-06-10,,,,
2018-06-11,,"18,100","18,030","18,330"
2018-06-12,,"18,330","18,330","18,870"
2018-06-13,,"18,870","19,000","19,040"
2018-06-14,,"19,040","19,420","18,990"
2018-06-15,,,,
2018-06-16,,,,
2018-06-17,,,,
2018-06-18,,"18,990","18,980","19,530"
2018-06-19,,"19,530","20,000","19,850"
2018-06-20,,"18,040","18,490","18,000"
2018-06-21,,"18,000","18,000","17,800"
2018-06-22,,"17,800","17,500","17,990"
2018-06-23,,,,
2018-06-24,,,,
2018-06-25,,"17,990","18,000","18,150"
2018-06-26,,"18,150","18,200","18,180"
2018-06-27,,"18,180","18,200","18,740"
2018-06-28,,"18,740","19,030","19,280"
2018-06-29,,"19,280","19,450","18,870"
2018-06-30,,,,
2018-07-01,,,,
2018-07-02,,,,
2018-07-03,,"18,750","18,700","18,500"
2018-07-04,,"18,500","18,500","18,900"
2018-07-05,,"18,900","18,900","18,900"
2018-07-06,,"18,900","19,000","19,200"
2018-07-07,,,,
2018-07-08,,,,
2018-07-09,,"19,200","19,010","19,000"
2018-07-10,,"19,000","19,000","19,000"
2018-07-11,,"19,000","18,920","18,720"
2018-07-12,,"18,720","18,720","18,690"
2018-07-13,,"18,690","18,560","18,500"
2018-07-14,,,,
2018-07-15,,,,
2018-07-16,,"18,500","18,500","18,450"
2018-07-17,,"18,450","18,450","18,900"
2018-07-18,,"18,900","19,000","18,880"
2018-07-19,,"18,880","18,880","18,800"
2018-07-20,,"18,800","18,800","18,700"
2018-07-21,,,,
2018-07-22,,,,
2018-07-23,,"18,700","18,700","18,800"
2018-07-24,,"18,800","18,890","18,850"
2018-07-25,,,,
2018-07-26,,"18,850","18,850","19,000"
2018-07-27,,"19,000","19,060","19,240"
2018-07-28,,,,
2018-07-29,,,,
2018-07-30,,"19,240","19,250","19,700"
2018-07-31,,"19,700","19,780","20,800"
2018-08-01,,"20,800","21,420","21,900"
2018-08-02,,,,
2018-08-03,,,,
2018-08-04,,,,
2018-08-05,,,,
2018-08-06,,"21,500","21,400","21,120"
2018-08-07,,"21,120","21,000","21,120"
2018-08-08,,"21,120","21,120","21,220"
2018-08-09,,"21,220","21,220","21,580"
2018-08-10,,"21,580","21,600","21,000"
2018-08-11,,,,
2018-08-12,,,,
2018-08-13,,,,
2018-08-14,,"21,000","21,000","20,900"
2018-08-15,,"20,900","20,840","20,500"
2018-08-16,,"20,500","20,800","20,400"
2018-08-17,,"20,400","20,500","19,950"
2018-08-18,,,,
2018-08-19,,,,
2018-08-20,,"19,950","19,950","20,000"
2018-08-21,,,,
2018-08-22,,,,
2018-08-23,,"20,000","19,990","19,990"
2018-08-24,,"19,990","19,980","19,990"
2018-08-25,,,,
2018-08-26,,,,
2018-08-27,,"19,990","19,620","19,990"
2018-08-28,,"19,990","19,970","19,880"
2018-08-29,,"19,880","19,880","19,400"
2018-08-30,,"19,400","19,400","19,400"
2018-08-31,,"19,400","19,410","19,800"
2018-09-01,,,,
2018-09-02,,,,
2018-09-03,,"19,800","19,710","19,810"
2018-09-04,,"19,810","19,810","19,610"
2018-09-05,,,,
2018-09-06,,"18,990","18,860","18,900"
2018-09-07,,"18,900","18,890","19,750"
2018-09-08,,,,
2018-09-09,,,,
2018-09-10,,,,
2018-09-11,,,,
2018-09-12,,"19,740","19,740","19,600"
2018-09-13,,"19,600","19,200","19,250"
2018-09-14,,"19,250","19,240","19,200"
2018-09-15,,,,
2018-09-16,,,,
2018-09-17,,"19,200","19,000","18,800"
2018-09-18,,"18,800","18,800","18,800"
2018-09-19,,"18,800","18,890","18,850"
2018-09-20,,"18,850","18,840","18,800"
2018-09-21,,"18,800","18,600","18,800"
2018-09-22,,,,
2018-09-23,,,,
2018-09-24,,"18,800","18,750","18,700"
2018-09-25,,"18,700","18,700","18,490"
2018-09-26,,"18,490","18,490","18,380"
2018-09-27,,"18,380","18,340","18,300"
2018-09-28,,"18,300","18,300","18,810"
2018-09-29,,,,
2018-09-30,,,,
2018-10-01,,"18,810","18,870","18,760"
2018-10-02,,"18,760","18,870","18,600"
2018-10-03,,"18,600","18,180","18,300"
2018-10-04,,"18,300","18,040","18,500"
2018-10-05,,"18,500","18,480","18,500"
2018-10-06,,,,
2018-10-07,,,,
2018-10-08,,"18,500","18,800","18,800"
2018-10-09,,"18,800","18,500","18,790"
2018-10-10,,"18,790","18,610","18,600"
2018-10-11,,,,
2018-10-12,,"18,400","18,500","18,400"
2018-10-13,,,,
2018-10-14,,,,
2018-10-15,,,,
2018-10-16,,"18,400","18,790","18,450"
2018-10-17,,"18,450","18,250","18,000"
2018-10-18,,"18,000","18,490","18,150"
2018-10-19,,"18,150","18,140","18,140"
2018-10-20,,,,
2018-10-21,,,,
2018-10-22,,"18,140","18,200","17,950"
2018-10-23,,"17,950","18,140","17,950"
2018-10-24,,"17,950","17,950","17,750"
2018-10-25,,"17,750","17,790","17,600"
2018-10-26,,"17,600","17,600","17,490"
2018-10-27,,,,
2018-10-28,,,,
2018-10-29,,"17,490","17,490","17,370"
2018-10-30,,"17,370","17,370","17,150"
2018-10-31,,"17,150","17,150","17,140"
2018-11-01,,"17,140","17,000","17,000"
2018-11-02,,"17,000","17,000","16,800"
2018-11-03,,,,
2018-11-04,,,,
2018-11-05,,"16,800","16,800","16,700"
2018-11-06,,"16,700","16,700","16,400"
2018-11-07,,"16,400","16,350","16,000"
2018-11-08,,"16,000","16,000","15,940"
2018-11-09,,"15,940","15,900","15,730"
2018-11-10,,,,
2018-11-11,,,,
2018-11-12,,"15,730","15,690","15,220"
2018-11-13,,"15,220","15,390","14,930"
2018-11-14,,"14,930","14,850","15,300"
2018-11-15,,"15,300","15,690","15,800"
2018-11-16,,"15,800","15,900","15,750"
2018-11-17,,,,
2018-11-18,,,,
2018-11-19,,"15,750","15,750","16,000"
2018-11-20,,,,
2018-11-21,,,,
2018-11-22,,"15,890","15,890","15,880"
2018-11-23,,"15,880","15,890","15,700"
2018-11-24,,,,
2018-11-25,,,,
2018-11-26,,"15,700","15,700","15,540"
2018-11-27,,"15,540","15,500","15,370"
2018-11-28,,"15,370","15,500","15,040"
2018-11-29,,"15,040","15,010","14,560"
2018-11-30,,"14,560","14,850","14,850"
2018-12-01,,,,
2018-12-02,,,,
2018-12-03,,"14,850","15,190","15,000"
2018-12-04,,"15,000","14,990","14,970"
2018-12-05,,"14,970","14,990","14,800"
2018-12-06,,"14,800","14,800","14,750"
2018-12-07,,"14,750","14,740","14,690"
2018-12-08,,,,
2018-12-09,,,,
2018-12-10,,"14,690","14,750","14,400"
2018-12-11,,"14,400","14,490","14,390"
2018-12-12,,"14,390","14,700","14,500"
2018-12-13,,"14,500","14,600","14,450"
2018-12-14,,"14,450","14,440","14,490"
2018-12-15,,,,
2018-12-16,,,,
2018-12-17,,"14,490","14,490","14,490"
2018-12-18,,,,
2018-12-19,,"14,250","14,260","14,130"
2018-12-20,,"14,130","14,130","13,710"
2018-12-21,,"13,710","13,710","14,000"
2018-12-22,,,,
2018-12-23,,,,
2018-12-24,,"14,000","14,130","14,440"
2018-12-25,,"14,440","14,400","14,100"
2018-12-26,,"14,100","14,200","14,190"
2018-12-27,,"14,190","14,000","13,580"
2018-12-28,,"13,580","13,870","14,000"
2018-12-29,,,,
2018-12-30,,,,
2018-12-31,,"14,000","14,000","14,000"
2019-01-01,,,,
2019-01-02,,"14,000","14,190","14,000"
2019-01-03,,"14,000","13,790","13,750"
2019-01-04,,"13,750","13,600","13,600"
2019-01-05,,,,
2019-01-06,,,,
2019-01-07,,"13,600","13,990","13,580"
2019-01-08,,"13,580","13,970","13,580"
2019-01-09,,,,
2019-01-10,,"13,410","13,100","13,110"
2019-01-11,,"13,110","13,500","13,500"
2019-01-12,,,,
2019-01-13,,,,
2019-01-14,,,,
2019-01-15,,"13,500","13,700","13,700"
2019-01-16,,"13,700","13,700","13,600"
2019-01-17,,"13,600","13,970","13,600"
2019-01-18,,"13,600","13,690","13,490"
2019-01-19,,,,
2019-01-20,,,,
2019-01-21,,"13,490","13,850","13,600"
2019-01-22,,"13,600","13,600","13,490"
2019-01-23,,"13,490","13,500","13,460"
2019-01-24,,"13,460","13,460","13,390"
2019-01-25,,"13,390",,
2019-01-26,,,,
2019-01-27,,,,
2019-01-28,,"13,390","13,190","13,380"
2019-01-29,,"13,380","13,350","13,360"
2019-01-30,,"13,360","13,370","13,380"
2019-01-31,,"13,380","13,440","13,400"
2019-02-01,,"13,400","13,010","13,350"
2019-02-02,,,,
2019-02-03,,,,
2019-02-04,,"13,350","13,350","13,330"
2019-02-05,,"13,330","13,000","13,300"
2019-02-06,,,,
2019-02-07,,,,
2019-02-08,,"13,200","13,300","13,000"
2019-02-09,,,,
2019-02-10,,,,
2019-02-11,,,,
2019-02-12,,,,
2019-02-13,,"13,000","13,000","12,700"
2019-02-14,,"12,700","12,990","12,970"
2019-02-15,,"12,970","12,960","12,960"
2019-02-16,,,,
2019-02-17,,,,
2019-02-18,,"12,960","12,950","12,890"
2019-02-19,,"12,890","12,900","12,900"
2019-02-20,,"12,900","12,890","12,880"
2019-02-21,,"12,880","12,890","12,800"
2019-02-22,,,,
2019-02-23,,,,
2019-02-24,,,,
2019-02-25,,"12,650","12,790","12,650"
2019-02-26,,"12,650","12,650","12,400"
2019-02-27,,"12,400","12,600","12,590"
2019-02-28,,"12,590","12,590","12,490"
2019-03-01,,"12,490","12,580","12,490"
2019-03-02,,,,
2019-03-03,,,,
2019-03-04,,"12,490","12,490","12,480"
2019-03-05,,"12,480","12,480","12,470"
2019-03-06,,"12,470","12,400","12,400"
2019-03-07,,"12,400","12,380","12,390"
2019-03-08,,"12,390","12,390","12,150"
2019-03-09,,,,
2019-03-10,,,,
2019-03-11,,"12,150","12,380","12,390"
2019-03-12,,"12,390","12,300","12,400"
2019-03-13,,"12,400","12,200","12,200"
2019-03-14,,"12,200","12,000","12,000"
2019-03-15,,"12,000","12,000","11,980"
2019-03-16,,,,
2019-03-17,,,,
2019-03-18,,"11,980","11,980","11,970"
2019-03-19,,"11,970","11,700","11,960"
2019-03-20,,,,
2019-03-21,,"11,960","12,190","12,190"
2019-03-22,,"12,190","12,150","12,130"
2019-03-23,,,,
2019-03-24,,,,
2019-03-25,,"12,130","11,900","12,000"
2019-03-26,,"12,000","11,910","12,100"
2019-03-27,,"12,100","11,910","12,000"
2019-03-28,,,,
2019-03-29,,"12,000","11,920","12,190"
2019-03-30,,,,
2019-03-31,,,,
2019-04-01,,"12,190","12,000","12,180"
2019-04-02,,"12,180","12,100","12,100"
2019-04-03,,"12,100","12,000","12,730"
2019-04-04,,"12,730","12,710","12,680"
2019-04-05,,"12,680","12,990","12,890"
2019-04-06,,,,
2019-04-07,,,,
2019-04-08,,"12,890","12,990","12,800"
2019-04-09,,,,
2019-04-10,,"12,800","12,800","12,750"
2019-04-11,,"12,750","12,740","12,700"
2019-04-12,,"12,700","12,650","12,630"
2019-04-13,,,,
2019-04-14,,,,
2019-04-15,,"12,220","12,220","12,000"
2019-04-16,,"12,000","11,900","11,990"
2019-04-17,,"11,990","11,900","11,960"
2019-04-18,,"11,960","11,800","11,970"
2019-04-19,,"11,970","11,970","11,970"
2019-04-20,,,,
2019-04-21,,,,
2019-04-22,,"11,970","12,000","11,970"
2019-04-23,,"11,970","11,970","11,970"
2019-04-24,,"11,970","11,900","11,900"
2019-04-25,,"11,900","11,980","11,890"
2019-04-26,,"11,890","11,890","11,870"
2019-04-27,,,,
2019-04-28,,,,
2019-04-29,,"11,870","11,870","11,870"
2019-04-30,,"11,870","11,890","11,900"
2019-05-01,,,,
2019-05-02,,"11,900","11,900","11,940"
2019-05-03,,"11,940","11,640","11,930"
2019-05-04,,,,
2019-05-05,,,,
2019-05-06,,"11,930","11,990","11,750"
2019-05-07,,"11,750","11,750","11,800"
2019-05-08,,"11,800","11,800","11,800"
2019-05-09,,"11,800","11,800","11,900"
2019-05-10,,"11,900","11,970","11,900"
2019-05-11,,,,
2019-05-12,,,,
2019-05-13,,"11,900","11,860","11,860"
2019-05-14,,"11,860","11,860","11,860"
2019-05-15,,"11,860","11,860","11,840"
2019-05-16,,"11,840",,
2019-05-17,,"11,840","11,950","11,950"
2019-05-18,,,,
2019-05-19,,,,
2019-05-20,,"11,950","11,930","11,930"
2019-05-21,,"11,930","11,810","12,000"
2019-05-22,,"12,000","11,830","12,000"
2019-05-23,,"12,000","11,890","12,000"
2019-05-24,,"12,000","11,840","12,000"
2019-05-25,,,,
2019-05-26,,,,
2019-05-27,,"12,000","12,030","12,000"
2019-05-28,,"12,000","11,930","12,000"
2019-05-29,,"12,000","11,950","12,000"
2019-05-30,,"12,000","12,020","12,020"
2019-05-31,,"12,020","12,030","12,000"
2019-06-01,,,,
2019-06-02,,,,
2019-06-03,,"12,000","12,100","12,190"
2019-06-04,,,,
2019-06-05,,,,
2019-06-06,,,,
2019-06-07,,"12,190","12,200","12,500"
2019-06-08,,,,
2019-06-09,,,,
2019-06-10,,"12,500","12,200","12,390"
2019-06-11,,,,
2019-06-12,,"12,380","12,130","12,280"
2019-06-13,,"12,280","12,010","12,290"
2019-06-14,,"12,290","12,280","12,000"
2019-06-15,,,,
2019-06-16,,,,
2019-06-17,,"12,000","12,190","12,100"
2019-06-18,,"12,100","12,000","12,100"
2019-06-19,,"12,100","12,100","12,100"
2019-06-20,,"12,100","12,100","12,090"
2019-06-21,,"12,090","12,000","12,360"
2019-06-22,,,,
2019-06-23,,,,
2019-06-24,,"12,360","12,510","13,110"
2019-06-25,,"13,110","13,500","13,750"
2019-06-26,,"13,750","13,790","13,680"
2019-06-27,,"13,680","13,500","13,400"
2019-06-28,,"13,400","13,690","13,600"
2019-06-29,,,,
2019-06-30,,,,
2019-07-01,,"13,600","13,400","13,650"
2019-07-02,,"13,650","13,400","13,250"
2019-07-03,,"13,250","13,450","13,250"
2019-07-04,,"13,250","13,100","13,000"
2019-07-05,,"13,000","13,000","13,300"
2019-07-06,,,,
2019-07-07,,,,
2019-07-08,,"13,300","13,300","13,250"
2019-07-09,,"13,250","13,250","13,320"
2019-07-10,,"13,320","13,200","13,300"
2019-07-11,,"13,300","13,030","13,240"
2019-07-12,,"13,240","13,030","13,190"
2019-07-13,,,,
2019-07-14,,,,
2019-07-15,,"13,190","13,200","13,180"
2019-07-16,,"13,180","13,030","13,150"
2019-07-17,,"13,150","13,030","13,140"
2019-07-18,,"13,140","13,140","13,050"
2019-07-19,,"13,050","13,190","13,130"
2019-07-20,,,,
2019-07-21,,,,
2019-07-22,,"13,130","13,130","13,100"
2019-07-23,,"13,100","13,100","13,070"
2019-07-24,,,,
2019-07-25,,,,
2019-07-26,,"13,150","12,850","13,090"
2019-07-27,,,,
2019-07-28,,,,
2019-07-29,,,,
2019-07-30,,"13,080",,
2019-07-31,,"13,080","12,850","12,990"
2019-08-01,,"12,990","12,710","12,970"
2019-08-02,,"12,970","12,800","12,940"
2019-08-03,,,,
2019-08-04,,,,
2019-08-05,,"12,940","12,760","12,750"
2019-08-06,,"12,750","12,610","12,730"
2019-08-07,,"12,730","12,590","12,750"
2019-08-08,,"12,750","12,510","12,550"
2019-08-09,,"12,550","12,550","12,720"
2019-08-10,,,,
2019-08-11,,,,
2019-08-12,,,,
2019-08-13,,,,
2019-08-14,,"12,720","12,700","12,550"
2019-08-15,,"12,550","12,500","12,500"
2019-08-16,,"12,500","12,500","12,400"
2019-08-17,,,,
2019-08-18,,,,
2019-08-19,,"12,400","12,300","12,400"
2019-08-20,,"12,400","12,200","12,400"
2019-08-21,,"12,400","12,380","12,370"
2019-08-22,,"12,370","12,250","12,390"
2019-08-23,,"12,390","12,200","12,350"
2019-08-24,,,,
2019-08-25,,,,
2019-08-26,,"12,350","12,200","12,390"
2019-08-27,,"12,390","12,300","12,300"
2019-08-28,,"12,300","12,100","12,130"
2019-08-29,,"12,130","12,290","12,290"
2019-08-30,,"12,290","12,290","12,290"
2019-08-31,,,,
2019-09-01,,,,
2019-09-02,,"12,290","12,120","12,220"
2019-09-03,,"12,220","12,100","12,200"
2019-09-04,,"12,200","12,170","12,140"
2019-09-05,,"12,140","12,000","12,120"
2019-09-06,,"12,120","12,010","12,000"
2019-09-07,,,,
2019-09-08,,,,
2019-09-09,,,,
2019-09-10,,,,
2019-09-11,,"11,990","11,990","12,000"
2019-09-12,,"12,000",,
2019-09-13,,"12,000","11,820","12,000"
2019-09-14,,,,
2019-09-15,,,,
2019-09-16,,"12,000","12,000","12,000"
2019-09-17,,"12,000","12,000","12,130"
2019-09-18,,"12,130","12,130","12,130"
2019-09-19,,"12,130","12,130","12,030"
2019-09-20,,"12,030","12,020","12,100"
2019-09-21,,,,
2019-09-22,,,,
2019-09-23,,"12,100","12,020","12,090"
2019-09-24,,"12,090","12,000","12,090"
2019-09-25,,"12,090","12,000","12,180"
2019-09-26,,"12,180","12,180","12,150"
2019-09-27,,"12,150","12,010","12,120"
2019-09-28,,,,
2019-09-29,,,,
2019-09-30,,"12,120","12,190","12,000"
2019-10-01,,"12,000","12,000","12,000"
2019-10-02,,"12,000","12,000","12,040"
2019-10-03,,"12,040","12,000","12,040"
2019-10-04,,"12,040","12,010","12,040"
2019-10-05,,,,
2019-10-06,,,,
2019-10-07,,"12,040","12,010","12,000"
2019-10-08,,"12,000","12,040","12,040"
2019-10-09,,"12,040","12,030","12,000"
2019-10-10,,"12,000","12,000","12,000"
2019-10-11,,"12,000","12,000","12,000"
2019-10-12,,,,
2019-10-13,,,,
2019-10-14,,"12,000","12,000","12,000"
2019-10-15,,,,
2019-10-16,,"12,000","12,000","12,000"
2019-10-17,,"12,000","11,990","12,000"
2019-10-18,,"12,000","12,000","12,000"
2019-10-19,,,,
2019-10-20,,,,
2019-10-21,,"12,000","12,000","12,000"
2019-10-22,,"12,000","12,000","12,000"
2019-10-23,,"12,000","12,030","12,000"
2019-10-24,,"12,000","12,000","12,180"
2019-10-25,,"12,180","12,200","12,150"
2019-10-26,,,,
2019-10-27,,,,
2019-10-28,,"12,150","12,000","12,010"
2019-10-29,,"12,010","12,000","12,180"
2019-10-30,,"12,180","12,000","12,100"
2019-10-31,,"12,100","12,100","12,180"
2019-11-01,,"12,180","12,100","12,100"
2019-11-02,,,,
2019-11-03,,,,
2019-11-04,,"12,100","12,000","12,000"
2019-11-05,,"12,000","11,990","12,000"
2019-11-06,,"12,000","12,000","12,000"
2019-11-07,,"12,000","11,990","12,000"
2019-11-08,,"12,000","11,980","11,980"
2019-11-09,,,,
2019-11-10,,,,
2019-11-11,,"11,980","11,980","12,000"
2019-11-12,,"12,000","12,000","12,000"
2019-11-13,,"12,000","11,900","11,980"
2019-11-14,,"11,980","11,850","11,980"
2019-11-15,,"11,980","11,990","11,960"
2019-11-16,,,,
2019-11-17,,,,
2019-11-18,,"11,960","11,990","11,800"
2019-11-19,,"11,800","11,800","11,930"
2019-11-20,,"11,930","11,950","11,900"
2019-11-21,,"11,900","11,940","11,900"
2019-11-22,,"11,900","11,860","11,900"
2019-11-23,,,,
2019-11-24,,,,
2019-11-25,,"11,900","11,880","11,890"
2019-11-26,,"11,890","11,890","11,800"
2019-11-27,,"11,800","11,800","11,790"
2019-11-28,,"11,790","11,680","11,790"
2019-11-29,,"11,790","11,790","11,790"
2019-11-30,,,,
2019-12-01,,,,
2019-12-02,,"11,790","11,890","11,870"
2019-12-03,,"11,870","11,870","11,880"
2019-12-04,,"11,880","11,870","11,870"
2019-12-05,,"11,870","11,800","11,750"
2019-12-06,,"11,750","11,790","11,800"
2019-12-07,,,,
2019-12-08,,,,
2019-12-09,,"11,800","11,650","11,800"
2019-12-10,,"11,800","11,880","12,000"
2019-12-11,,"12,000","12,000","12,000"
2019-12-12,,"12,000","11,970","11,930"
2019-12-13,,"11,930","11,940","11,940"
2019-12-14,,,,
2019-12-15,,,,
2019-12-16,,"11,940","12,000","11,990"
2019-12-17,,"11,990","11,990","11,950"
2019-12-18,,"11,950","11,900","11,900"
2019-12-19,,"11,900","11,950","11,890"
2019-12-20,,"11,890","11,850","11,880"
2019-12-21,,,,
2019-12-22,,,,
2019-12-23,,"11,880","11,880","11,880"
2019-12-24,,"11,880","11,880","11,880"
2019-12-25,,"11,880","11,870","11,800"
2019-12-26,,"11,800","11,880","11,800"
2019-12-27,,"11,800","11,780","11,800"
2019-12-28,,,,
2019-12-29,,,,
2019-12-30,,"11,800","11,800","11,800"
2019-12-31,,"11,800","11,900","11,890"
2020-01-01,,,,
2020-01-02,,"11,890","11,900","11,900"
2020-01-03,,"11,900","11,720","11,900"
2020-01-04,,,,
2020-01-05,,,,
2020-01-06,,"11,900","11,900","11,890"
2020-01-07,,"11,890","11,800","11,790"
2020-01-08,,"11,790","11,900","11,700"
2020-01-09,,"11,700","11,700","11,670"
2020-01-10,,"11,670","11,690","11,590"
2020-01-11,,,,
2020-01-12,,,,
2020-01-13,,"11,590","11,450","11,590"
2020-01-14,,,,
2020-01-15,,"11,590","11,590","11,590"
2020-01-16,,"11,590","11,350","11,580"
2020-01-17,,"11,580","11,500","11,500"
2020-01-18,,,,
2020-01-19,,,,
2020-01-20,,"11,500","11,590","11,500"
2020-01-21,,"11,500","11,490","11,500"
2020-01-22,,"11,500","11,500","11,800"
2020-01-23,,"11,800","11,900","11,700"
2020-01-24,,"11,700","11,550","11,700"
2020-01-25,,,,
2020-01-26,,,,
2020-01-27,,"11,700",,
2020-01-28,,"11,700","11,640","11,650"
2020-01-29,,"11,650","11,650","11,600"
2020-01-30,,"11,600","11,350","11,590"
2020-01-31,,"11,590","11,490","11,650"
2020-02-01,,,,
2020-02-02,,,,
2020-02-03,,"11,650","11,500","11,550"
2020-02-04,,"11,550","11,550","11,400"
2020-02-05,,"11,400","11,490","11,400"
2020-02-06,,"11,400","11,300","11,390"
2020-02-07,,"11,390","11,480","11,500"
2020-02-08,,,,
2020-02-09,,,,
2020-02-10,,"11,500","11,500","11,480"
2020-02-11,,"11,480","11,500","11,370"
2020-02-12,,"11,370","11,370","11,370"
2020-02-13,,"11,370","11,620","11,490"
2020-02-14,,"11,490","11,400","11,490"
2020-02-15,,,,
2020-02-16,,,,
2020-02-17,,,,
2020-02-18,,,,
2020-02-19,,,,
2020-02-20,,,,
2020-02-21,,,,
2020-02-22,,,,
2020-02-23,,,,
2020-02-24,,,,
2020-02-25,,,,
2020-02-26,,"11,490","11,490","11,470"
2020-02-27,,,,
2020-02-28,,,,
2020-02-29,,,,
2020-03-01,,,,
2020-03-02,,,,
2020-03-03,,,,
2020-03-04,,,,
2020-03-05,,"11,500","11,320","11,500"
2020-03-06,,"11,500","11,310","11,400"
2020-03-07,,,,
2020-03-08,,,,
2020-03-09,,"11,400","11,210","11,380"
2020-03-10,,"11,380","11,380","11,040"
2020-03-11,,"11,040","11,020","11,000"
2020-03-12,,"11,000","10,900","10,970"
2020-03-13,,"10,970","10,810","10,480"
2020-03-14,,,,
2020-03-15,,,,
2020-03-16,,"10,480","10,170","10,090"
2020-03-17,,"9,850","9,410","9,410"
2020-03-18,,"9,410","9,690","9,130"
2020-03-19,,"9,130","9,130","9,080"
2020-03-20,,,,
2020-03-21,,,,
2020-03-22,,,,
2020-03-23,,"9,080","8,820","9,170"
2020-03-24,,"9,170","9,440","9,340"
2020-03-25,,"9,340","9,620","9,340"
2020-03-26,,"9,340","9,520","9,400"
2020-03-27,,"9,400","9,650","9,140"
2020-03-28,,,,
2020-03-29,,,,
2020-03-30,,"9,140","9,300","9,290"
2020-03-31,,"9,290","9,530","9,310"
2020-04-01,,"9,310","9,500","9,300"
2020-04-02,,"9,300","9,100","9,030"
2020-04-03,,"9,030","9,020","8,950"
2020-04-04,,,,
2020-04-05,,,,
2020-04-06,,"8,950","8,690","9,100"
2020-04-07,,"9,100","9,290","9,200"
2020-04-08,,"9,200","8,980","9,180"
2020-04-09,,,,
2020-04-10,,,,
2020-04-11,,,,
2020-04-12,,,,
2020-04-13,,"9,180","8,910","9,150"
2020-04-14,,"9,150","9,140","9,130"
2020-04-15,,"9,130","9,130","9,000"
2020-04-16,,"9,000","9,100","9,100"
2020-04-17,,"9,100","9,090","9,200"
2020-04-18,,,,
2020-04-19,,,,
2020-04-20,,"9,200","9,300","8,950"
2020-04-21,,"8,950","9,210","9,150"
2020-04-22,,"9,150","9,390","8,910"
2020-04-23,,"8,910","9,000","8,980"
2020-04-24,,"8,980","9,240","8,980"
2020-04-25,,,,
2020-04-26,,,,
2020-04-27,,"8,980","9,230","9,100"
2020-04-28,,"9,100","8,850","9,000"
2020-04-29,,"9,000","8,730","8,950"
2020-04-30,,"8,950","8,950","8,930"
2020-05-01,,,,
2020-05-02,,,,
2020-05-03,,,,
2020-05-04,,"8,930","8,960","8,960"
2020-05-05,,"8,960","8,950","8,930"
2020-05-06,,"8,930","8,670","8,900"
2020-05-07,,"8,900","8,950","8,880"
2020-05-08,,"8,880","8,900","8,880"
2020-05-09,,,,
2020-05-10,,,,
2020-05-11,,"8,880","8,990","8,900"
2020-05-12,,"8,900","9,000","9,100"
2020-05-13,,"9,100","9,170","9,150"
2020-05-14,,"9,150","9,160","9,160"
2020-05-15,,"9,160","9,250","9,150"
2020-05-16,,,,
2020-05-17,,,,
2020-05-18,,"9,150","9,250","9,150"
2020-05-19,,"9,150","9,000","9,100"
2020-05-20,,"9,100","9,080","9,050"
2020-05-21,,"9,050","9,050","9,050"
2020-05-22,,"9,050","9,200","9,200"
2020-05-23,,,,
2020-05-24,,,,
2020-05-25,,,,
2020-05-26,,"9,200","9,000","9,190"
2020-05-27,,"9,190","9,180","9,170"
2020-05-28,,"9,170","9,000","9,000"
2020-05-29,,"9,000","9,000","9,270"
2020-05-30,,,,
2020-05-31,,,,
2020-06-01,,,,
2020-06-02,,"9,540","9,800","9,820"
2020-06-03,,,,
2020-06-04,,"9,770","9,780","9,700"
2020-06-05,,"9,700","9,690","9,650"
2020-06-06,,,,
2020-06-07,,,,
2020-06-08,,"9,650","9,650","9,650"
2020-06-09,,"9,650","9,690","9,500"
2020-06-10,,"9,500",,
2020-06-11,,"9,500","9,220","9,400"
2020-06-12,,"9,400","9,400","9,500"
2020-06-13,,,,
2020-06-14,,,,
2020-06-15,,"9,500","9,500","9,500"
2020-06-16,,"9,500","9,600","9,500"
2020-06-17,,"9,500","9,400","9,400"
2020-06-18,,"9,400","9,330","9,380"
2020-06-19,,"9,380","9,100","9,100"
2020-06-20,,,,
2020-06-21,,,,
2020-06-22,,"9,100","9,000","9,000"
2020-06-23,,"9,000","9,000","9,000"
2020-06-24,,"9,000","9,000","9,000"
2020-06-25,,"9,000","9,000","8,960"
2020-06-26,,"8,960","8,800","8,840"
2020-06-27,,,,
2020-06-28,,,,
2020-06-29,,"8,840",,
2020-06-30,,"8,840","8,700","8,830"
2020-07-01,,"8,830","8,830","8,830"
2020-07-02,,"8,830","8,840","8,800"
2020-07-03,,"8,800","8,800","9,000"
2020-07-04,,,,
2020-07-05,,,,
2020-07-06,,"9,000","9,000","9,270"
2020-07-07,,"9,270","9,270","9,370"
2020-07-08,,"9,370","9,490","9,700"
2020-07-09,,"9,700","9,690","9,670"
2020-07-10,,"9,670","9,520","9,410"
2020-07-11,,,,
2020-07-12,,,,
2020-07-13,,"9,410","9,380","9,570"
2020-07-14,,"9,570","9,560","9,550"
2020-07-15,,"9,550","9,270","9,490"
2020-07-16,,"9,490","9,550","9,400"
2020-07-17,,"9,400","9,270","9,120"
2020-07-18,,,,
2020-07-19,,,,
2020-07-20,,"9,120","8,850","9,100"
2020-07-21,,"9,100",,
2020-07-22,,"9,100","9,120","9,120"
2020-07-23,,"9,120",,
2020-07-24,,"9,120",,
2020-07-25,,,,
2020-07-26,,,,
2020-07-27,,"9,120","9,000","9,100"
2020-07-28,,"9,100","8,830","9,080"
2020-07-29,,"9,080","9,070","9,070"
2020-07-30,,"9,070","8,800","9,050"
2020-07-31,,,,
2020-08-01,,,,
2020-08-02,,,,
2020-08-03,,"9,050",,
2020-08-04,,"9,050","8,650","8,600"
2020-08-05,,"8,600","8,600","8,800"
2020-08-06,,"8,800","8,600","8,600"
2020-08-07,,"8,600","8,600","8,600"
2020-08-08,,,,
2020-08-09,,,,
2020-08-10,,"8,600","8,600","8,740"
2020-08-11,,"8,740","8,600","8,850"
2020-08-12,,"8,850","8,610","8,700"
2020-08-13,,,,
2020-08-14,,"8,700","8,600","8,690"
2020-08-15,,,,
2020-08-16,,,,
2020-08-17,,"8,690","8,600","8,600"
2020-08-18,,"8,600","8,600","8,600"
2020-08-19,,"8,600","8,600","8,580"
2020-08-20,,,,
2020-08-21,,"8,580","8,600","8,590"
2020-08-22,,,,
2020-08-23,,,,
2020-08-24,,"8,590","8,600","8,590"
2020-08-25,,"8,590","8,560","8,560"
2020-08-26,,"8,560","8,550","8,570"
2020-08-27,,"8,570","8,570","8,570"
2020-08-28,,"8,570","8,410","8,530"
2020-08-29,,,,
2020-08-30,,,,
2020-08-31,,"8,530","8,530","8,540"
2020-09-01,,"8,540","8,490","8,500"
2020-09-02,,"8,500","8,500","8,400"
2020-09-03,,"8,400","8,400","8,330"
2020-09-04,,"8,330","8,480","8,280"
2020-09-05,,,,
2020-09-06,,,,
2020-09-07,,"8,280","8,270","8,230"
2020-09-08,,"8,230","8,250","8,270"
2020-09-09,,"8,270","8,160","8,500"
2020-09-10,,"8,640","8,880","8,980"
2020-09-11,,"8,980","9,190","9,390"
2020-09-12,,,,
2020-09-13,,,,
2020-09-14,,"9,390","9,400","9,470"
2020-09-15,,"9,470","9,200","9,380"
2020-09-16,,"9,380","9,450","9,350"
2020-09-17,,"9,350","9,330","9,300"
2020-09-18,,"9,300","9,300","9,400"
2020-09-19,,,,
2020-09-20,,,,
2020-09-21,,"9,400","9,350","9,400"
2020-09-22,,"9,400","9,200","9,200"
2020-09-23,,"9,200","8,960","9,210"
2020-09-24,,"9,210","9,300","9,190"
2020-09-25,,"9,190","8,940","9,160"
2020-09-26,,,,
2020-09-27,,,,
2020-09-28,,,,
2020-09-29,,,,
2020-09-30,,,,
2020-10-01,,,,
2020-10-02,,,,
2020-10-03,,,,
2020-10-04,,,,
2020-10-05,,,,
2020-10-06,,,,
2020-10-07,,,,
2020-10-08,,,,
2020-10-09,,,,
2020-10-10,,,,
2020-10-11,,,,
2020-10-12,,,,
2020-10-13,,,,
2020-10-14,,,,
2020-10-15,,,,
2020-10-16,,,,
2020-10-17,,,,
2020-10-18,,,,
2020-10-19,,,,
2020-10-20,,,,
2020-10-21,,,,
2020-10-22,,,,
2020-10-23,,,,
2020-10-24,,,,
2020-10-25,,,,
2020-10-26,,,,
2020-10-27,,,,
2020-10-28,,,,
2020-10-29,,,,
2020-10-30,,,,
2020-10-31,,,,
2020-11-01,,,,
2020-11-02,,,,
2020-11-03,,,,
2020-11-04,,,,
2020-11-05,,,,
2020-11-06,,,,
2020-11-07,,,,
2020-11-08,,,,
2020-11-09,,,,
2020-11-10,,,,
2020-11-11,,,,
2020-11-12,,,,
2020-11-13,,,,
2020-11-14,,,,
2020-11-15,,,,
2020-11-16,,,,
2020-11-17,,,,
2020-11-18,,,,
2020-11-19,,,,
2020-11-20,,,,
2020-11-21,,,,
2020-11-22,,,,
2020-11-23,,,,
2020-11-24,,,,
2020-11-25,,,,
2020-11-26,,,,
2020-11-27,,,,
2020-11-28,,,,
2020-11-29,,,,
2020-11-30,,,,
2020-12-01,,,,
2020-12-02,,,,
2020-12-03,,,,
2020-12-04,,,,
2020-12-05,,,,
2020-12-06,,,,
2020-12-07,,,,
2020-12-08,,,,
2020-12-09,,,,
2020-12-10,,,,
2020-12-11,,,,
2020-12-12,,,,
2020-12-13,,,,
2020-12-14,,,,
2020-12-15,,,,
2020-12-16,,,,
2020-12-17,,,,
2020-12-18,,,,
2020-12-19,,,,
2020-12-20,,,,
2020-12-21,,,,
2020-12-22,,,,
2020-12-23,,,,
2020-12-24,,,,
2020-12-25,,,,
2020-12-26,,,,
2020-12-27,,,,
2020-12-28,,,,
2020-12-29,,,,
2020-12-30,,,,
2020-12-31,,,,
