,BT,ref,ouverture,cloture
2018-01-01,,,,
2018-01-02,,,,
2018-01-03,,"7,810","7,820","7,820"
2018-01-04,,"7,820","7,820","7,820"
2018-01-05,,"7,820","7,810","7,820"
2018-01-06,,,,
2018-01-07,,,,
2018-01-08,,"7,820","7,800","7,820"
2018-01-09,,"7,820","7,820","7,820"
2018-01-10,,"7,820","7,820","7,810"
2018-01-11,,"7,810","7,800","7,820"
2018-01-12,,,,
2018-01-13,,,,
2018-01-14,,,,
2018-01-15,,"7,790","7,770","7,800"
2018-01-16,,,,
2018-01-17,,,,
2018-01-18,,,,
2018-01-19,,,,
2018-01-20,,,,
2018-01-21,,,,
2018-01-22,,,,
2018-01-23,,,,
2018-01-24,,,,
2018-01-25,,,,
2018-01-26,,"7,900","7,900","7,900"
2018-01-27,,,,
2018-01-28,,,,
2018-01-29,,,,
2018-01-30,,,,
2018-01-31,,,,
2018-02-01,,,,
2018-02-02,,,,
2018-02-03,,,,
2018-02-04,,,,
2018-02-05,,,,
2018-02-06,,,,
2018-02-07,,,,
2018-02-08,,,,
2018-02-09,,,,
2018-02-10,,,,
2018-02-11,,,,
2018-02-12,,,,
2018-02-13,,,,
2018-02-14,,,,
2018-02-15,,,,
2018-02-16,,,,
2018-02-17,,,,
2018-02-18,,,,
2018-02-19,,,,
2018-02-20,,"8,110","8,110","8,110"
2018-02-21,,"8,110","8,110","8,120"
2018-02-22,,,,
2018-02-23,,,,
2018-02-24,,,,
2018-02-25,,,,
2018-02-26,,,,
2018-02-27,,,,
2018-02-28,,,,
2018-03-01,,,,
2018-03-02,,,,
2018-03-03,,,,
2018-03-04,,,,
2018-03-05,,,,
2018-03-06,,,,
2018-03-07,,"8,210","8,210","8,250"
2018-03-08,,"8,250","8,220","8,320"
2018-03-09,,"8,320","8,320","8,360"
2018-03-10,,,,
2018-03-11,,,,
2018-03-12,,"8,360","8,360","8,400"
2018-03-13,,"8,400","8,360","8,400"
2018-03-14,,"8,400","8,400","8,400"
2018-03-15,,"8,400","8,400","8,500"
2018-03-16,,"8,500","8,880","9,010"
2018-03-17,,,,
2018-03-18,,,,
2018-03-19,,"9,010",,
2018-03-20,,,,
2018-03-21,,"9,410","9,550","9,780"
2018-03-22,,"9,780","9,800","9,860"
2018-03-23,,"9,860","9,860","9,850"
2018-03-24,,,,
2018-03-25,,,,
2018-03-26,,"9,850","9,850","9,850"
2018-03-27,,"9,850","9,850","9,860"
2018-03-28,,"9,860","9,870","9,900"
2018-03-29,,"9,900","9,900","10,120"
2018-03-30,,"10,120","10,120","10,300"
2018-03-31,,,,
2018-04-01,,,,
2018-04-02,,"10,300","10,380","10,350"
2018-04-03,,"10,350","10,350","10,370"
2018-04-04,,"10,370","10,390","10,390"
2018-04-05,,"10,390","10,390","10,380"
2018-04-06,,"10,380","10,370","10,370"
2018-04-07,,,,
2018-04-08,,,,
2018-04-09,,,,
2018-04-10,,"10,370","10,370","10,370"
2018-04-11,,"10,370","10,300","10,250"
2018-04-12,,"10,250","10,250","10,300"
2018-04-13,,"10,300","10,300","10,350"
2018-04-14,,,,
2018-04-15,,,,
2018-04-16,,"10,350","10,310","10,370"
2018-04-17,,"10,370","10,370","10,370"
2018-04-18,,"10,370","10,370","10,370"
2018-04-19,,"10,370","10,400","10,390"
2018-04-20,,"10,390","10,370","10,370"
2018-04-21,,,,
2018-04-22,,,,
2018-04-23,,"10,370","10,370","10,370"
2018-04-24,,"10,370","10,380","10,380"
2018-04-25,,"10,380","10,380","10,380"
2018-04-26,,"10,380","10,380","10,380"
2018-04-27,,"10,380","10,380","10,380"
2018-04-28,,,,
2018-04-29,,,,
2018-04-30,,"10,380","10,380","10,370"
2018-05-01,,,,
2018-05-02,,"10,370","10,370","10,470"
2018-05-03,,"10,470","10,480","10,580"
2018-05-04,,"8,140","8,370","8,120"
2018-05-05,,,,
2018-05-06,,,,
2018-05-07,,"8,120","8,100","7,920"
2018-05-08,,"7,920","7,990","8,000"
2018-05-09,,"8,000","8,000","8,000"
2018-05-10,,"8,000","8,100","8,340"
2018-05-11,,"8,340","8,370","8,550"
2018-05-12,,,,
2018-05-13,,,,
2018-05-14,,"8,550","8,300","8,620"
2018-05-15,,"8,670","8,700","8,760"
2018-05-16,,"8,760","8,800","8,750"
2018-05-17,,"8,750","8,670","8,490"
2018-05-18,,"8,490","8,490","8,600"
2018-05-19,,,,
2018-05-20,,,,
2018-05-21,,"8,600","8,600","8,850"
2018-05-22,,"8,850","8,850","8,800"
2018-05-23,,"8,800","8,800","8,900"
2018-05-24,,"8,900","8,960","9,240"
2018-05-25,,"9,240","9,250","9,310"
2018-05-26,,,,
2018-05-27,,,,
2018-05-28,,"9,310","9,310","9,040"
2018-05-29,,"9,040","9,000","8,950"
2018-05-30,,"8,950","8,900","8,800"
2018-05-31,,"8,800","8,750","8,900"
2018-06-01,,"8,900","8,900","8,750"
2018-06-02,,,,
2018-06-03,,,,
2018-06-04,,"8,750","8,750","8,770"
2018-06-05,,"8,770","8,770","8,750"
2018-06-06,,"8,750","8,750","8,750"
2018-06-07,,,,
2018-06-08,,"8,740","8,750","8,750"
2018-06-09,,,,
2018-06-10,,,,
2018-06-11,,"8,750","8,750","8,740"
2018-06-12,,"8,740","8,750","8,720"
2018-06-13,,"8,720","8,720","8,670"
2018-06-14,,"8,670","8,600","8,500"
2018-06-15,,,,
2018-06-16,,,,
2018-06-17,,,,
2018-06-18,,"8,500","8,400","8,500"
2018-06-19,,"8,500","8,500","8,500"
2018-06-20,,"8,500","8,500","8,500"
2018-06-21,,"8,500","8,500","8,600"
2018-06-22,,"8,600","8,620","8,750"
2018-06-23,,,,
2018-06-24,,,,
2018-06-25,,"8,750","8,740","8,700"
2018-06-26,,"8,700","8,700","8,700"
2018-06-27,,"8,700","8,700","8,660"
2018-06-28,,"8,660","8,660","8,550"
2018-06-29,,"8,550","8,550","8,500"
2018-06-30,,,,
2018-07-01,,,,
2018-07-02,,,,
2018-07-03,,"8,480","8,410","8,390"
2018-07-04,,"8,390","8,390","8,450"
2018-07-05,,"8,450","8,480","8,480"
2018-07-06,,"8,480","8,480","8,480"
2018-07-07,,,,
2018-07-08,,,,
2018-07-09,,"8,480","8,480","8,500"
2018-07-10,,"8,500","8,500","8,480"
2018-07-11,,"8,480","8,480","8,480"
2018-07-12,,"8,480","8,480","8,480"
2018-07-13,,"8,480","8,480","8,480"
2018-07-14,,,,
2018-07-15,,,,
2018-07-16,,"8,480","8,490","8,480"
2018-07-17,,"8,480","8,480","8,480"
2018-07-18,,"8,480","8,480","8,480"
2018-07-19,,"8,480","8,480","8,480"
2018-07-20,,"8,480","8,480","8,700"
2018-07-21,,,,
2018-07-22,,,,
2018-07-23,,"8,700","8,700","8,700"
2018-07-24,,"8,700","8,700","8,500"
2018-07-25,,,,
2018-07-26,,"8,500","8,500","8,500"
2018-07-27,,"8,500","8,700","8,700"
2018-07-28,,,,
2018-07-29,,,,
2018-07-30,,"8,700","8,700","8,700"
2018-07-31,,"8,700","8,720","8,760"
2018-08-01,,"8,760","8,770","8,700"
2018-08-02,,,,
2018-08-03,,,,
2018-08-04,,,,
2018-08-05,,,,
2018-08-06,,"8,560","8,700","8,600"
2018-08-07,,"8,600","8,600","8,600"
2018-08-08,,"8,600","8,700","8,650"
2018-08-09,,"8,650","8,650","8,700"
2018-08-10,,"8,700","8,700","8,650"
2018-08-11,,,,
2018-08-12,,,,
2018-08-13,,,,
2018-08-14,,"8,650","8,700","8,650"
2018-08-15,,"8,650","8,650","8,650"
2018-08-16,,"8,650","8,650","8,650"
2018-08-17,,"8,650","8,610","8,600"
2018-08-18,,,,
2018-08-19,,,,
2018-08-20,,"8,600","8,600","8,550"
2018-08-21,,,,
2018-08-22,,,,
2018-08-23,,"8,550","8,520","8,500"
2018-08-24,,"8,500","8,500","8,550"
2018-08-25,,,,
2018-08-26,,,,
2018-08-27,,"8,550","8,540","8,520"
2018-08-28,,"8,520","8,520","8,460"
2018-08-29,,"8,460","8,460","8,310"
2018-08-30,,"8,310","8,500","8,400"
2018-08-31,,"8,400","8,400","8,500"
2018-09-01,,,,
2018-09-02,,,,
2018-09-03,,"8,500","8,500","8,500"
2018-09-04,,"8,500","8,490","8,500"
2018-09-05,,,,
2018-09-06,,"8,400","8,400","8,000"
2018-09-07,,"8,000","8,000","8,240"
2018-09-08,,,,
2018-09-09,,,,
2018-09-10,,,,
2018-09-11,,,,
2018-09-12,,"8,300","8,300","8,300"
2018-09-13,,"8,300","8,300","8,290"
2018-09-14,,"8,290","8,200","8,210"
2018-09-15,,,,
2018-09-16,,,,
2018-09-17,,"8,210","8,200","8,250"
2018-09-18,,"8,250","8,260","8,200"
2018-09-19,,"8,200","8,200","8,250"
2018-09-20,,"8,250","8,220","8,100"
2018-09-21,,"8,100","8,100","8,100"
2018-09-22,,,,
2018-09-23,,,,
2018-09-24,,"8,100","8,100","8,100"
2018-09-25,,"8,100","8,100","8,100"
2018-09-26,,"8,100","8,100","8,060"
2018-09-27,,"8,060","8,060","8,050"
2018-09-28,,"8,050","8,050","8,040"
2018-09-29,,,,
2018-09-30,,,,
2018-10-01,,"8,040","8,040","8,050"
2018-10-02,,"8,050","8,050","8,040"
2018-10-03,,"8,040","8,030","8,000"
2018-10-04,,"8,000","7,990","8,000"
2018-10-05,,"8,000","7,980","8,000"
2018-10-06,,,,
2018-10-07,,,,
2018-10-08,,"8,000","8,000","8,000"
2018-10-09,,"8,000","8,000","8,000"
2018-10-10,,"8,000","8,000","8,000"
2018-10-11,,,,
2018-10-12,,"8,000","7,900","7,900"
2018-10-13,,,,
2018-10-14,,,,
2018-10-15,,,,
2018-10-16,,"7,900","7,900","7,900"
2018-10-17,,"7,900","7,900","7,900"
2018-10-18,,"7,900","7,900","7,810"
2018-10-19,,"7,810","7,830","7,900"
2018-10-20,,,,
2018-10-21,,,,
2018-10-22,,"7,900","7,900","7,820"
2018-10-23,,"7,820","7,820","7,820"
2018-10-24,,"7,820","7,800","7,800"
2018-10-25,,"7,800","7,800","7,800"
2018-10-26,,"7,800","7,800","7,800"
2018-10-27,,,,
2018-10-28,,,,
2018-10-29,,"7,800","7,800","7,800"
2018-10-30,,"7,800","7,800","7,800"
2018-10-31,,"7,800","7,800","7,790"
2018-11-01,,"7,790","7,900","7,710"
2018-11-02,,"7,710","7,730","7,800"
2018-11-03,,,,
2018-11-04,,,,
2018-11-05,,"7,800","7,800","7,750"
2018-11-06,,"7,750","7,750","7,750"
2018-11-07,,"7,750","7,750","7,720"
2018-11-08,,"7,720","7,720","7,700"
2018-11-09,,"7,700","7,750","7,740"
2018-11-10,,,,
2018-11-11,,,,
2018-11-12,,"7,740","7,700","7,740"
2018-11-13,,"7,740","7,730","7,750"
2018-11-14,,"7,750","7,730","7,800"
2018-11-15,,"7,800","7,800","7,800"
2018-11-16,,"7,800","7,800","7,800"
2018-11-17,,,,
2018-11-18,,,,
2018-11-19,,"7,800","7,800","7,800"
2018-11-20,,,,
2018-11-21,,,,
2018-11-22,,"7,780","7,780","7,890"
2018-11-23,,"7,890","7,890","7,900"
2018-11-24,,,,
2018-11-25,,,,
2018-11-26,,"7,900","7,800","7,800"
2018-11-27,,"7,800","7,750","7,800"
2018-11-28,,"7,800","7,800","7,780"
2018-11-29,,"7,780","7,770","7,750"
2018-11-30,,"7,750","7,750","7,780"
2018-12-01,,,,
2018-12-02,,,,
2018-12-03,,"7,780","7,780","7,880"
2018-12-04,,"7,880","7,880","8,050"
2018-12-05,,"8,050","8,020","7,850"
2018-12-06,,"7,850","7,850","7,850"
2018-12-07,,"7,850","7,860","8,000"
2018-12-08,,,,
2018-12-09,,,,
2018-12-10,,"8,000","7,900","7,520"
2018-12-11,,"7,520","7,560","7,700"
2018-12-12,,"7,700","7,700","7,860"
2018-12-13,,"7,860","7,760","7,800"
2018-12-14,,"7,800","7,800","7,840"
2018-12-15,,,,
2018-12-16,,,,
2018-12-17,,"7,840","7,800","7,830"
2018-12-18,,,,
2018-12-19,,"7,780","7,750","7,780"
2018-12-20,,"7,780","7,780","7,800"
2018-12-21,,"7,800","7,850","7,860"
2018-12-22,,,,
2018-12-23,,,,
2018-12-24,,"7,860","7,860","7,900"
2018-12-25,,"7,900","7,860","7,880"
2018-12-26,,"7,880","7,880","7,880"
2018-12-27,,"7,880","7,890","7,990"
2018-12-28,,"7,990","7,990","7,990"
2018-12-29,,,,
2018-12-30,,,,
2018-12-31,,"7,990","8,000","7,990"
2019-01-01,,,,
2019-01-02,,"7,990","7,990","7,800"
2019-01-03,,"7,800","7,800","7,800"
2019-01-04,,"7,800","7,800","7,740"
2019-01-05,,,,
2019-01-06,,,,
2019-01-07,,"7,740","7,750","7,760"
2019-01-08,,"7,760","7,780","7,800"
2019-01-09,,,,
2019-01-10,,"7,750","7,750","7,740"
2019-01-11,,"7,740","7,740","7,670"
2019-01-12,,,,
2019-01-13,,,,
2019-01-14,,,,
2019-01-15,,"7,670","7,670","7,760"
2019-01-16,,"7,760","7,760","7,800"
2019-01-17,,"7,800","7,800","7,790"
2019-01-18,,"7,790","7,790","7,780"
2019-01-19,,,,
2019-01-20,,,,
2019-01-21,,"7,780","7,800","7,800"
2019-01-22,,"7,800","7,800","7,900"
2019-01-23,,"7,900","7,900","8,210"
2019-01-24,,"8,210","8,100","7,920"
2019-01-25,,"7,920","8,000","8,070"
2019-01-26,,,,
2019-01-27,,,,
2019-01-28,,"8,070","8,070","7,990"
2019-01-29,,"7,990","7,990","7,980"
2019-01-30,,"7,980","7,990","7,990"
2019-01-31,,"7,990","7,990","7,990"
2019-02-01,,"7,990","8,000","7,990"
2019-02-02,,,,
2019-02-03,,,,
2019-02-04,,"7,990","7,990","7,990"
2019-02-05,,"7,990","7,990","7,990"
2019-02-06,,,,
2019-02-07,,,,
2019-02-08,,"7,990","7,990","7,990"
2019-02-09,,,,
2019-02-10,,,,
2019-02-11,,,,
2019-02-12,,,,
2019-02-13,,"7,980","7,980","7,990"
2019-02-14,,"7,990","7,990","7,980"
2019-02-15,,"7,980","7,980","7,980"
2019-02-16,,,,
2019-02-17,,,,
2019-02-18,,"7,980","7,980","7,980"
2019-02-19,,"7,980","8,000","7,980"
2019-02-20,,"7,980","8,000","7,980"
2019-02-21,,"7,980","7,980","7,980"
2019-02-22,,,,
2019-02-23,,,,
2019-02-24,,,,
2019-02-25,,"7,970","7,900","7,970"
2019-02-26,,"7,970","7,970","7,970"
2019-02-27,,"7,970","7,960","7,970"
2019-02-28,,"7,970","7,980","7,970"
2019-03-01,,"7,970","7,970","7,970"
2019-03-02,,,,
2019-03-03,,,,
2019-03-04,,"7,970","7,970","7,970"
2019-03-05,,"7,970","7,970","7,970"
2019-03-06,,"7,970","7,980","7,970"
2019-03-07,,"7,970","7,980","7,980"
2019-03-08,,"7,980","7,980","7,970"
2019-03-09,,,,
2019-03-10,,,,
2019-03-11,,"7,970","7,970","7,970"
2019-03-12,,"7,970","7,970","7,970"
2019-03-13,,"7,970","7,970","7,970"
2019-03-14,,"7,970","7,990","7,970"
2019-03-15,,"7,970","7,970","8,100"
2019-03-16,,,,
2019-03-17,,,,
2019-03-18,,"8,100","7,970","7,940"
2019-03-19,,"7,940","7,800","7,500"
2019-03-20,,,,
2019-03-21,,"7,500","7,550","7,500"
2019-03-22,,"7,500","7,500","7,500"
2019-03-23,,,,
2019-03-24,,,,
2019-03-25,,"7,500","7,700","7,500"
2019-03-26,,"7,500","7,700","7,500"
2019-03-27,,"7,500","7,510","7,500"
2019-03-28,,,,
2019-03-29,,"7,480","7,480","7,480"
2019-03-30,,,,
2019-03-31,,,,
2019-04-01,,"7,480","7,480","7,480"
2019-04-02,,"7,480","7,480","7,500"
2019-04-03,,"7,500","7,550","7,500"
2019-04-04,,"7,500","7,500","7,720"
2019-04-05,,"7,720","7,750","7,900"
2019-04-06,,,,
2019-04-07,,,,
2019-04-08,,"7,900","7,900","7,900"
2019-04-09,,,,
2019-04-10,,"7,900","7,670","7,880"
2019-04-11,,"7,880","7,880","7,880"
2019-04-12,,"7,880","7,880","7,880"
2019-04-13,,,,
2019-04-14,,,,
2019-04-15,,"7,880","7,880","7,880"
2019-04-16,,"7,880","7,880","7,880"
2019-04-17,,"7,880","7,800","7,880"
2019-04-18,,"7,880","7,880","7,880"
2019-04-19,,"7,880","7,880","7,880"
2019-04-20,,,,
2019-04-21,,,,
2019-04-22,,"7,880","7,880","7,880"
2019-04-23,,"7,880","7,880","7,800"
2019-04-24,,"7,800","7,880","7,880"
2019-04-25,,"7,880","7,880","7,880"
2019-04-26,,"7,880","7,700","7,800"
2019-04-27,,,,
2019-04-28,,,,
2019-04-29,,"7,800","7,800","7,800"
2019-04-30,,"7,800","7,790","7,800"
2019-05-01,,,,
2019-05-02,,"7,800","7,800","7,800"
2019-05-03,,"7,800","7,800","7,800"
2019-05-04,,,,
2019-05-05,,,,
2019-05-06,,"7,550","7,720","7,700"
2019-05-07,,"7,700",,
2019-05-08,,"7,700","7,690","7,600"
2019-05-09,,"7,600","7,600","7,620"
2019-05-10,,"7,620","7,620","7,610"
2019-05-11,,,,
2019-05-12,,,,
2019-05-13,,"7,610","7,600","7,600"
2019-05-14,,"7,600","7,600","7,550"
2019-05-15,,"7,550","7,550","7,550"
2019-05-16,,"7,550","7,550","7,550"
2019-05-17,,"7,550","7,550","7,540"
2019-05-18,,,,
2019-05-19,,,,
2019-05-20,,"7,540","7,540","7,500"
2019-05-21,,"7,500","7,500","7,500"
2019-05-22,,"7,500","7,510","7,500"
2019-05-23,,"7,500","7,500","7,500"
2019-05-24,,"7,500","7,500","7,500"
2019-05-25,,,,
2019-05-26,,,,
2019-05-27,,"7,500","7,500","7,500"
2019-05-28,,"7,500","7,500","7,500"
2019-05-29,,"7,500","7,500","7,500"
2019-05-30,,"7,500","7,500","7,500"
2019-05-31,,"7,500","7,500","7,500"
2019-06-01,,,,
2019-06-02,,,,
2019-06-03,,"7,500","7,450","7,500"
2019-06-04,,,,
2019-06-05,,,,
2019-06-06,,,,
2019-06-07,,"7,500","7,400","7,480"
2019-06-08,,,,
2019-06-09,,,,
2019-06-10,,"7,480","7,480","7,480"
2019-06-11,,,,
2019-06-12,,"7,370","7,350","7,400"
2019-06-13,,"7,400","7,400","7,440"
2019-06-14,,"7,440","7,400","7,440"
2019-06-15,,,,
2019-06-16,,,,
2019-06-17,,"7,440","7,400","7,400"
2019-06-18,,"7,400","7,400","7,400"
2019-06-19,,"7,400","7,400","7,400"
2019-06-20,,"7,400","7,400","7,400"
2019-06-21,,"7,400","7,400","7,400"
2019-06-22,,,,
2019-06-23,,,,
2019-06-24,,"7,400","7,400","7,400"
2019-06-25,,"7,400","7,400","7,400"
2019-06-26,,"7,400","7,400","7,400"
2019-06-27,,"7,400","7,400","7,400"
2019-06-28,,"7,400","7,400","7,400"
2019-06-29,,,,
2019-06-30,,,,
2019-07-01,,"7,400","7,400","7,400"
2019-07-02,,"7,400","7,400","7,400"
2019-07-03,,"7,400","7,400","7,360"
2019-07-04,,"7,360","7,360","7,360"
2019-07-05,,"7,360","7,360","7,360"
2019-07-06,,,,
2019-07-07,,,,
2019-07-08,,"7,360","7,370","7,360"
2019-07-09,,"7,360","7,360","7,370"
2019-07-10,,"7,370","7,370","7,370"
2019-07-11,,"7,370","7,370","7,370"
2019-07-12,,"7,370","7,360","7,370"
2019-07-13,,,,
2019-07-14,,,,
2019-07-15,,"7,370","7,370","7,420"
2019-07-16,,"7,420","7,420","7,400"
2019-07-17,,"7,400","7,400","7,450"
2019-07-18,,"7,450","7,440","7,480"
2019-07-19,,"7,480","7,480","7,430"
2019-07-20,,,,
2019-07-21,,,,
2019-07-22,,"7,430","7,430","7,420"
2019-07-23,,"7,420","7,420","7,440"
2019-07-24,,,,
2019-07-25,,,,
2019-07-26,,"7,400","7,400","7,400"
2019-07-27,,,,
2019-07-28,,,,
2019-07-29,,,,
2019-07-30,,"7,400","7,410","7,400"
2019-07-31,,"7,400","7,400","7,400"
2019-08-01,,"7,400","7,370","7,400"
2019-08-02,,"7,400","7,310","7,310"
2019-08-03,,,,
2019-08-04,,,,
2019-08-05,,"7,310","7,310","7,310"
2019-08-06,,"7,310","7,310","7,310"
2019-08-07,,"7,310","7,310","7,310"
2019-08-08,,"7,310","7,320","7,310"
2019-08-09,,"7,310","7,390","7,310"
2019-08-10,,,,
2019-08-11,,,,
2019-08-12,,,,
2019-08-13,,,,
2019-08-14,,"7,310","7,320","7,310"
2019-08-15,,"7,310","7,310","7,320"
2019-08-16,,"7,320","7,350","7,330"
2019-08-17,,,,
2019-08-18,,,,
2019-08-19,,"7,330","7,320","7,320"
2019-08-20,,"7,320","7,340","7,340"
2019-08-21,,"7,340","7,340","7,350"
2019-08-22,,"7,350","7,350","7,360"
2019-08-23,,"7,360","7,390","7,390"
2019-08-24,,,,
2019-08-25,,,,
2019-08-26,,"7,390","7,400","7,390"
2019-08-27,,"7,390","7,390","7,430"
2019-08-28,,"7,430","7,430","7,600"
2019-08-29,,"7,600","7,600","7,820"
2019-08-30,,"7,820","7,980","8,000"
2019-08-31,,,,
2019-09-01,,,,
2019-09-02,,"8,000","8,000","7,830"
2019-09-03,,"7,830","7,800","7,790"
2019-09-04,,"7,790","7,790","7,780"
2019-09-05,,"7,780","7,700","7,700"
2019-09-06,,"7,700","7,600","7,500"
2019-09-07,,,,
2019-09-08,,,,
2019-09-09,,,,
2019-09-10,,,,
2019-09-11,,"7,400","7,400","7,360"
2019-09-12,,"7,360","7,360","7,360"
2019-09-13,,"7,360","7,360","7,360"
2019-09-14,,,,
2019-09-15,,,,
2019-09-16,,"7,360","7,390","7,360"
2019-09-17,,"7,360","7,360","7,360"
2019-09-18,,"7,360","7,360","7,500"
2019-09-19,,"7,500","7,500","7,500"
2019-09-20,,"7,500","7,500","7,500"
2019-09-21,,,,
2019-09-22,,,,
2019-09-23,,"7,500","7,500","7,500"
2019-09-24,,"7,500","7,500","7,500"
2019-09-25,,"7,500","7,450","7,500"
2019-09-26,,"7,500","7,450","7,450"
2019-09-27,,"7,450","7,500","7,500"
2019-09-28,,,,
2019-09-29,,,,
2019-09-30,,"7,500","7,330","7,330"
2019-10-01,,"7,330","7,330","7,340"
2019-10-02,,"7,340","7,340","7,340"
2019-10-03,,"7,340","7,350","7,340"
2019-10-04,,"7,340","7,350","7,360"
2019-10-05,,,,
2019-10-06,,,,
2019-10-07,,"7,360","7,360","7,360"
2019-10-08,,"7,360","7,360","7,360"
2019-10-09,,"7,360","7,360","7,360"
2019-10-10,,"7,360","7,360","7,360"
2019-10-11,,"7,360","7,360","7,390"
2019-10-12,,,,
2019-10-13,,,,
2019-10-14,,"7,390","7,380","7,380"
2019-10-15,,,,
2019-10-16,,"7,380","7,380","7,370"
2019-10-17,,"7,370","7,360","7,370"
2019-10-18,,"7,370","7,450","7,370"
2019-10-19,,,,
2019-10-20,,,,
2019-10-21,,"7,370","7,370","7,400"
2019-10-22,,"7,400","7,400","7,370"
2019-10-23,,"7,370","7,380","7,370"
2019-10-24,,"7,370","7,370","7,400"
2019-10-25,,"7,400","7,400","7,390"
2019-10-26,,,,
2019-10-27,,,,
2019-10-28,,"7,390","7,400","7,400"
2019-10-29,,"7,400","7,400","7,400"
2019-10-30,,"7,400","7,400","7,400"
2019-10-31,,"7,400","7,400","7,400"
2019-11-01,,"7,400","7,400","7,400"
2019-11-02,,,,
2019-11-03,,,,
2019-11-04,,"7,400","7,400","7,400"
2019-11-05,,"7,400","7,400","7,400"
2019-11-06,,"7,400","7,400","7,400"
2019-11-07,,"7,400",,
2019-11-08,,"7,400","7,420","7,600"
2019-11-09,,,,
2019-11-10,,,,
2019-11-11,,"7,600","7,620","7,600"
2019-11-12,,"7,600","7,600","7,600"
2019-11-13,,"7,600","7,600","7,610"
2019-11-14,,"7,610","7,600","7,620"
2019-11-15,,"7,620","7,750","7,620"
2019-11-16,,,,
2019-11-17,,,,
2019-11-18,,"7,620","7,620","7,620"
2019-11-19,,"7,620","7,620","7,620"
2019-11-20,,"7,620","7,620","7,500"
2019-11-21,,"7,500","7,500","7,360"
2019-11-22,,"7,360","7,400","7,360"
2019-11-23,,,,
2019-11-24,,,,
2019-11-25,,"7,360","7,360","7,370"
2019-11-26,,"7,370","7,370","7,330"
2019-11-27,,"7,330","7,320","7,310"
2019-11-28,,"7,310","7,310","7,400"
2019-11-29,,"7,400","7,310","7,400"
2019-11-30,,,,
2019-12-01,,,,
2019-12-02,,"7,400","7,300","7,340"
2019-12-03,,"7,340","7,570","7,360"
2019-12-04,,"7,360","7,360","7,360"
2019-12-05,,"7,360","7,360","7,410"
2019-12-06,,"7,410","7,500","7,570"
2019-12-07,,,,
2019-12-08,,,,
2019-12-09,,"7,570","7,570","7,570"
2019-12-10,,"7,570","7,590","7,570"
2019-12-11,,"7,570","7,570","7,450"
2019-12-12,,"7,450","7,500","7,460"
2019-12-13,,"7,460","7,460","7,450"
2019-12-14,,,,
2019-12-15,,,,
2019-12-16,,"7,450","7,450","7,450"
2019-12-17,,"7,450","7,450","7,420"
2019-12-18,,"7,420","7,350","7,430"
2019-12-19,,"7,430","7,430","7,430"
2019-12-20,,"7,430","7,430","7,430"
2019-12-21,,,,
2019-12-22,,,,
2019-12-23,,"7,430","7,430","7,430"
2019-12-24,,"7,430","7,420","7,430"
2019-12-25,,"7,430","7,430","7,500"
2019-12-26,,"7,500","7,400","7,520"
2019-12-27,,"7,520","7,550","7,600"
2019-12-28,,,,
2019-12-29,,,,
2019-12-30,,"7,600","7,660","7,800"
2019-12-31,,"7,800","7,800","7,800"
2020-01-01,,,,
2020-01-02,,"7,800","7,800","7,570"
2020-01-03,,"7,570","7,560","7,340"
2020-01-04,,,,
2020-01-05,,,,
2020-01-06,,"7,340","7,350","7,300"
2020-01-07,,"7,300","7,300","7,300"
2020-01-08,,"7,300","7,300","7,300"
2020-01-09,,"7,300","7,200","7,200"
2020-01-10,,"7,200","7,290","7,290"
2020-01-11,,,,
2020-01-12,,,,
2020-01-13,,"7,290","7,290","7,250"
2020-01-14,,,,
2020-01-15,,"7,250","7,250","7,300"
2020-01-16,,"7,300","7,300","7,300"
2020-01-17,,"7,300","7,300","7,300"
2020-01-18,,,,
2020-01-19,,,,
2020-01-20,,"7,300","7,250","7,400"
2020-01-21,,"7,400","7,400","7,500"
2020-01-22,,"7,500","7,500","7,500"
2020-01-23,,"7,500","7,500","7,500"
2020-01-24,,"7,500","7,500","7,500"
2020-01-25,,,,
2020-01-26,,,,
2020-01-27,,"7,500","7,500","7,500"
2020-01-28,,"7,500","7,500","7,500"
2020-01-29,,"7,500","7,500","7,540"
2020-01-30,,"7,540","7,540","7,570"
2020-01-31,,"7,570","7,570","7,600"
2020-02-01,,,,
2020-02-02,,,,
2020-02-03,,"7,600","7,600","7,600"
2020-02-04,,"7,600","7,600","7,600"
2020-02-05,,"7,600","7,640","7,600"
2020-02-06,,"7,600","7,500","7,600"
2020-02-07,,"7,600","7,600","7,650"
2020-02-08,,,,
2020-02-09,,,,
2020-02-10,,"7,650","7,650","7,700"
2020-02-11,,"7,700","7,700","7,690"
2020-02-12,,"7,690","7,690","7,700"
2020-02-13,,"7,700","7,700","7,700"
2020-02-14,,"7,700","7,700","7,700"
2020-02-15,,,,
2020-02-16,,,,
2020-02-17,,,,
2020-02-18,,,,
2020-02-19,,,,
2020-02-20,,,,
2020-02-21,,,,
2020-02-22,,,,
2020-02-23,,,,
2020-02-24,,,,
2020-02-25,,,,
2020-02-26,,"7,750","7,750","7,750"
2020-02-27,,,,
2020-02-28,,,,
2020-02-29,,,,
2020-03-01,,,,
2020-03-02,,,,
2020-03-03,,,,
2020-03-04,,,,
2020-03-05,,"7,770","7,800","7,760"
2020-03-06,,"7,760","7,750","7,680"
2020-03-07,,,,
2020-03-08,,,,
2020-03-09,,"7,680","7,680","7,590"
2020-03-10,,"7,590","7,590","7,590"
2020-03-11,,"7,590","7,590","7,600"
2020-03-12,,"7,600","7,600","7,600"
2020-03-13,,"7,600","7,600","7,560"
2020-03-14,,,,
2020-03-15,,,,
2020-03-16,,"7,560","7,560","7,340"
2020-03-17,,"7,340","7,290","7,080"
2020-03-18,,"7,080","6,870","7,240"
2020-03-19,,"7,240","7,230","7,040"
2020-03-20,,,,
2020-03-21,,,,
2020-03-22,,,,
2020-03-23,,"7,040","7,010","7,010"
2020-03-24,,"7,010","7,200","7,220"
2020-03-25,,"7,220","7,350","7,400"
2020-03-26,,"7,400","7,570","7,500"
2020-03-27,,"7,500","7,500","7,600"
2020-03-28,,,,
2020-03-29,,,,
2020-03-30,,"7,600","7,600","7,600"
2020-03-31,,"7,600","7,640","7,600"
2020-04-01,,"7,600","7,600","7,600"
2020-04-02,,"7,600","7,410","7,380"
2020-04-03,,"7,380","7,500","7,160"
2020-04-04,,,,
2020-04-05,,,,
2020-04-06,,"7,160","6,950","7,100"
2020-04-07,,"7,100","7,270","7,200"
2020-04-08,,"7,200","7,200","7,220"
2020-04-09,,,,
2020-04-10,,,,
2020-04-11,,,,
2020-04-12,,,,
2020-04-13,,"7,220","7,390","7,250"
2020-04-14,,"7,250","7,250","7,250"
2020-04-15,,"7,250","7,230","7,220"
2020-04-16,,"7,220","7,220","7,250"
2020-04-17,,"7,250","7,220","7,250"
2020-04-18,,,,
2020-04-19,,,,
2020-04-20,,"7,250","7,250","7,300"
2020-04-21,,"7,300","7,250","7,160"
2020-04-22,,"7,160","7,160","7,250"
2020-04-23,,"7,250","7,240","7,240"
2020-04-24,,"7,240","7,410","7,060"
2020-04-25,,,,
2020-04-26,,,,
2020-04-27,,"7,060","7,060","7,060"
2020-04-28,,"7,060","7,060","7,060"
2020-04-29,,"7,060","7,060","7,060"
2020-04-30,,"7,060","7,000","7,000"
2020-05-01,,,,
2020-05-02,,,,
2020-05-03,,,,
2020-05-04,,"7,000","7,100","7,100"
2020-05-05,,"7,100","7,100","7,100"
2020-05-06,,"7,100","7,090","7,090"
2020-05-07,,"7,090","7,090","7,050"
2020-05-08,,"7,050","7,000","7,000"
2020-05-09,,,,
2020-05-10,,,,
2020-05-11,,"7,000","7,000","6,950"
2020-05-12,,"6,950","7,000","6,950"
2020-05-13,,"6,950","7,000","7,000"
2020-05-14,,"7,000","7,000","7,100"
2020-05-15,,"7,100","7,250","7,250"
2020-05-16,,,,
2020-05-17,,,,
2020-05-18,,"7,250","7,380","7,100"
2020-05-19,,"7,100","7,250","7,050"
2020-05-20,,"7,050","7,050","7,250"
2020-05-21,,"7,250","7,250","7,100"
2020-05-22,,"7,100","7,100","7,240"
2020-05-23,,,,
2020-05-24,,,,
2020-05-25,,,,
2020-05-26,,"7,240","7,240","7,240"
2020-05-27,,"7,240","7,220","7,240"
2020-05-28,,"7,240","7,240","7,240"
2020-05-29,,"7,240","7,240","7,240"
2020-05-30,,,,
2020-05-31,,,,
2020-06-01,,,,
2020-06-02,,"7,240","7,240","7,240"
2020-06-03,,,,
2020-06-04,,"7,240","7,290","7,350"
2020-06-05,,"7,350","7,250","7,300"
2020-06-06,,,,
2020-06-07,,,,
2020-06-08,,"7,300","7,110","7,300"
2020-06-09,,"7,300","7,300","7,290"
2020-06-10,,"7,290","7,130","7,130"
2020-06-11,,"7,130","7,280","7,130"
2020-06-12,,"7,130","7,130","7,130"
2020-06-13,,,,
2020-06-14,,,,
2020-06-15,,"7,130","7,120","7,130"
2020-06-16,,"7,130","7,130","7,130"
2020-06-17,,"7,130","7,100","7,100"
2020-06-18,,"7,100","7,020","7,120"
2020-06-19,,"7,120","7,100","7,100"
2020-06-20,,,,
2020-06-21,,,,
2020-06-22,,"7,100","7,090","7,100"
2020-06-23,,"7,100","7,050","7,100"
2020-06-24,,"7,100","7,100","7,010"
2020-06-25,,"7,010","7,000","7,000"
2020-06-26,,"7,000","6,950","7,000"
2020-06-27,,,,
2020-06-28,,,,
2020-06-29,,"7,000","6,860","7,000"
2020-06-30,,"7,000","6,900","7,000"
2020-07-01,,"7,000","6,900","6,850"
2020-07-02,,"6,850","6,900","6,800"
2020-07-03,,"6,800","6,800","6,800"
2020-07-04,,,,
2020-07-05,,,,
2020-07-06,,"6,800","6,800","6,800"
2020-07-07,,"6,800","6,800","6,850"
2020-07-08,,"6,850","6,800","6,800"
2020-07-09,,"6,800","6,750","6,800"
2020-07-10,,"6,800","6,750","6,790"
2020-07-11,,,,
2020-07-12,,,,
2020-07-13,,"6,790","6,790","6,780"
2020-07-14,,"6,780","6,780","6,780"
2020-07-15,,"6,780","6,780","6,740"
2020-07-16,,"6,740","6,700","6,750"
2020-07-17,,"6,750","6,750","6,730"
2020-07-18,,,,
2020-07-19,,,,
2020-07-20,,"6,730","6,750","6,750"
2020-07-21,,"6,750","6,750","6,600"
2020-07-22,,"6,600","6,740","6,700"
2020-07-23,,"6,700","6,700","6,700"
2020-07-24,,"6,700","6,700","6,690"
2020-07-25,,,,
2020-07-26,,,,
2020-07-27,,"6,690","6,550","6,700"
2020-07-28,,"6,700","6,690","6,680"
2020-07-29,,"6,680","6,680","6,690"
2020-07-30,,"6,690","6,700","6,670"
2020-07-31,,,,
2020-08-01,,,,
2020-08-02,,,,
2020-08-03,,"6,670","6,530","6,550"
2020-08-04,,"6,550","6,550","6,700"
2020-08-05,,"6,700","6,700","6,690"
2020-08-06,,"6,690","6,690","6,690"
2020-08-07,,"6,690","6,690","6,690"
2020-08-08,,,,
2020-08-09,,,,
2020-08-10,,"6,690","6,660","6,660"
2020-08-11,,"6,660","6,640","6,690"
2020-08-12,,"6,690","6,690","6,700"
2020-08-13,,,,
2020-08-14,,"6,700","6,650","6,700"
2020-08-15,,,,
2020-08-16,,,,
2020-08-17,,"6,700","6,700","6,650"
2020-08-18,,"6,650","6,650","6,700"
2020-08-19,,"6,700","6,550","6,690"
2020-08-20,,,,
2020-08-21,,"6,690","6,600","6,690"
2020-08-22,,,,
2020-08-23,,,,
2020-08-24,,"6,690","6,690","6,690"
2020-08-25,,"6,690","6,690","6,680"
2020-08-26,,"6,680","6,660","6,680"
2020-08-27,,"6,680","6,690","6,680"
2020-08-28,,"6,680","6,700","6,700"
2020-08-29,,,,
2020-08-30,,,,
2020-08-31,,"6,700","6,750","6,750"
2020-09-01,,"6,750","6,750","6,750"
2020-09-02,,"6,750","6,790","6,760"
2020-09-03,,"6,760","6,750","6,750"
2020-09-04,,"6,750","6,750","6,800"
2020-09-05,,,,
2020-09-06,,,,
2020-09-07,,"6,800","6,850","6,840"
2020-09-08,,"6,840","6,840","6,840"
2020-09-09,,"6,840","6,950","6,950"
2020-09-10,,"6,950","7,000","6,990"
2020-09-11,,"6,990","6,900","6,900"
2020-09-12,,,,
2020-09-13,,,,
2020-09-14,,"6,900","6,900","6,940"
2020-09-15,,"6,940","6,940","6,940"
2020-09-16,,"6,940","6,940","6,940"
2020-09-17,,"6,940","6,950","6,940"
2020-09-18,,"6,940","6,940","6,940"
2020-09-19,,,,
2020-09-20,,,,
2020-09-21,,"6,940","6,800","6,930"
2020-09-22,,"6,930","6,800","6,880"
2020-09-23,,"6,880","6,880","6,880"
2020-09-24,,"6,880","6,800","6,880"
2020-09-25,,"6,880","6,880","6,900"
2020-09-26,,,,
2020-09-27,,,,
2020-09-28,,,,
2020-09-29,,,,
2020-09-30,,,,
2020-10-01,,,,
2020-10-02,,,,
2020-10-03,,,,
2020-10-04,,,,
2020-10-05,,,,
2020-10-06,,,,
2020-10-07,,,,
2020-10-08,,,,
2020-10-09,,,,
2020-10-10,,,,
2020-10-11,,,,
2020-10-12,,,,
2020-10-13,,,,
2020-10-14,,,,
2020-10-15,,,,
2020-10-16,,,,
2020-10-17,,,,
2020-10-18,,,,
2020-10-19,,,,
2020-10-20,,,,
2020-10-21,,,,
2020-10-22,,,,
2020-10-23,,,,
2020-10-24,,,,
2020-10-25,,,,
2020-10-26,,,,
2020-10-27,,,,
2020-10-28,,,,
2020-10-29,,,,
2020-10-30,,,,
2020-10-31,,,,
2020-11-01,,,,
2020-11-02,,,,
2020-11-03,,,,
2020-11-04,,,,
2020-11-05,,,,
2020-11-06,,,,
2020-11-07,,,,
2020-11-08,,,,
2020-11-09,,,,
2020-11-10,,,,
2020-11-11,,,,
2020-11-12,,,,
2020-11-13,,,,
2020-11-14,,,,
2020-11-15,,,,
2020-11-16,,,,
2020-11-17,,,,
2020-11-18,,,,
2020-11-19,,,,
2020-11-20,,,,
2020-11-21,,,,
2020-11-22,,,,
2020-11-23,,,,
2020-11-24,,,,
2020-11-25,,,,
2020-11-26,,,,
2020-11-27,,,,
2020-11-28,,,,
2020-11-29,,,,
2020-11-30,,,,
2020-12-01,,,,
2020-12-02,,,,
2020-12-03,,,,
2020-12-04,,,,
2020-12-05,,,,
2020-12-06,,,,
2020-12-07,,,,
2020-12-08,,,,
2020-12-09,,,,
2020-12-10,,,,
2020-12-11,,,,
2020-12-12,,,,
2020-12-13,,,,
2020-12-14,,,,
2020-12-15,,,,
2020-12-16,,,,
2020-12-17,,,,
2020-12-18,,,,
2020-12-19,,,,
2020-12-20,,,,
2020-12-21,,,,
2020-12-22,,,,
2020-12-23,,,,
2020-12-24,,,,
2020-12-25,,,,
2020-12-26,,,,
2020-12-27,,,,
2020-12-28,,,,
2020-12-29,,,,
2020-12-30,,,,
2020-12-31,,,,
