,EURO-CYLES,ref,ouverture,cloture
2018-01-01,,,,
2018-01-02,,,,
2018-01-03,,"26,500","26,500","27,500"
2018-01-04,,"27,500","28,000","28,490"
2018-01-05,,"28,490","28,480","27,990"
2018-01-06,,,,
2018-01-07,,,,
2018-01-08,,"27,990","28,440","28,170"
2018-01-09,,"28,170","27,990","28,000"
2018-01-10,,"28,000","27,680","27,000"
2018-01-11,,"27,000","27,020","27,400"
2018-01-12,,,,
2018-01-13,,,,
2018-01-14,,,,
2018-01-15,,"27,400","27,890","27,700"
2018-01-16,,,,
2018-01-17,,,,
2018-01-18,,,,
2018-01-19,,,,
2018-01-20,,,,
2018-01-21,,,,
2018-01-22,,,,
2018-01-23,,,,
2018-01-24,,,,
2018-01-25,,,,
2018-01-26,,"26,800","26,800","27,480"
2018-01-27,,,,
2018-01-28,,,,
2018-01-29,,,,
2018-01-30,,,,
2018-01-31,,,,
2018-02-01,,,,
2018-02-02,,,,
2018-02-03,,,,
2018-02-04,,,,
2018-02-05,,,,
2018-02-06,,,,
2018-02-07,,,,
2018-02-08,,,,
2018-02-09,,,,
2018-02-10,,,,
2018-02-11,,,,
2018-02-12,,,,
2018-02-13,,,,
2018-02-14,,,,
2018-02-15,,,,
2018-02-16,,,,
2018-02-17,,,,
2018-02-18,,,,
2018-02-19,,,,
2018-02-20,,"30,000","30,000","30,200"
2018-02-21,,"30,200","30,000","31,100"
2018-02-22,,,,
2018-02-23,,,,
2018-02-24,,,,
2018-02-25,,,,
2018-02-26,,,,
2018-02-27,,,,
2018-02-28,,,,
2018-03-01,,,,
2018-03-02,,,,
2018-03-03,,,,
2018-03-04,,,,
2018-03-05,,,,
2018-03-06,,,,
2018-03-07,,"34,610","34,600","34,500"
2018-03-08,,"34,500","34,600","34,500"
2018-03-09,,"34,500","34,400","34,500"
2018-03-10,,,,
2018-03-11,,,,
2018-03-12,,"34,500","34,400","34,500"
2018-03-13,,"34,500","34,600","34,320"
2018-03-14,,"34,320","34,990","34,300"
2018-03-15,,"34,300","34,300","34,000"
2018-03-16,,"34,000","34,300","33,500"
2018-03-17,,,,
2018-03-18,,,,
2018-03-19,,"33,280","33,200","32,450"
2018-03-20,,,,
2018-03-21,,"32,450","32,410","31,800"
2018-03-22,,"31,800","31,800","31,620"
2018-03-23,,"31,620","31,650","31,450"
2018-03-24,,,,
2018-03-25,,,,
2018-03-26,,"31,450","31,430","32,000"
2018-03-27,,"32,000","32,000","32,000"
2018-03-28,,"32,000","31,980","31,980"
2018-03-29,,"31,980","31,750","31,550"
2018-03-30,,"31,550","31,500","31,500"
2018-03-31,,,,
2018-04-01,,,,
2018-04-02,,"31,500","31,500","31,400"
2018-04-03,,"31,400","31,990","31,500"
2018-04-04,,"31,500","31,980","31,400"
2018-04-05,,"31,400","31,400","31,000"
2018-04-06,,"31,000","31,000","30,950"
2018-04-07,,,,
2018-04-08,,,,
2018-04-09,,,,
2018-04-10,,"30,950","31,580","30,950"
2018-04-11,,"30,950","31,370","30,430"
2018-04-12,,"30,430","31,000","30,400"
2018-04-13,,"30,400","30,970","30,290"
2018-04-14,,,,
2018-04-15,,,,
2018-04-16,,"30,290","30,280","30,000"
2018-04-17,,"30,000","29,600","29,500"
2018-04-18,,"29,500","29,490","28,970"
2018-04-19,,"28,970","29,830","28,940"
2018-04-20,,"28,940","28,940","28,080"
2018-04-21,,,,
2018-04-22,,,,
2018-04-23,,"28,080","27,900","28,000"
2018-04-24,,"28,000","28,000","28,000"
2018-04-25,,"28,000","28,000","27,500"
2018-04-26,,"27,500","27,500","27,450"
2018-04-27,,"27,450","27,450","27,180"
2018-04-28,,,,
2018-04-29,,,,
2018-04-30,,"27,180","27,700","27,580"
2018-05-01,,,,
2018-05-02,,"27,580","27,600","27,500"
2018-05-03,,"27,500","27,580","28,350"
2018-05-04,,"28,350","28,490","28,000"
2018-05-05,,,,
2018-05-06,,,,
2018-05-07,,"28,000","28,300","29,120"
2018-05-08,,"29,120","29,990","30,700"
2018-05-09,,"30,700","31,620","31,890"
2018-05-10,,"31,890","31,900","31,000"
2018-05-11,,"31,000","31,000","30,070"
2018-05-12,,,,
2018-05-13,,,,
2018-05-14,,"30,070","30,290","30,200"
2018-05-15,,"30,200","29,990","29,330"
2018-05-16,,"29,330","29,490","29,800"
2018-05-17,,"29,800","30,300","29,800"
2018-05-18,,"29,800","30,200","29,400"
2018-05-19,,,,
2018-05-20,,,,
2018-05-21,,"29,400","29,400","30,000"
2018-05-22,,"30,000","30,000","30,200"
2018-05-23,,"30,200","30,240","31,000"
2018-05-24,,"31,000","31,200","31,500"
2018-05-25,,"31,500","31,230","31,740"
2018-05-26,,,,
2018-05-27,,,,
2018-05-28,,"31,740","31,690","31,300"
2018-05-29,,"31,300","31,450","31,450"
2018-05-30,,"31,450","31,440","31,430"
2018-05-31,,"31,430","31,430","31,600"
2018-06-01,,"31,600","31,610","32,000"
2018-06-02,,,,
2018-06-03,,,,
2018-06-04,,"32,000","32,200","32,100"
2018-06-05,,"32,100","32,100","32,340"
2018-06-06,,"32,340","32,400","32,250"
2018-06-07,,,,
2018-06-08,,"32,300","32,150","32,290"
2018-06-09,,,,
2018-06-10,,,,
2018-06-11,,"32,290","32,000","32,300"
2018-06-12,,"32,300","32,300","32,240"
2018-06-13,,"32,240","32,180","31,900"
2018-06-14,,"31,900","31,900","31,900"
2018-06-15,,,,
2018-06-16,,,,
2018-06-17,,,,
2018-06-18,,"31,900","31,800","31,390"
2018-06-19,,"31,390","31,390","31,700"
2018-06-20,,"31,700","31,320","31,800"
2018-06-21,,"31,800","31,350","31,800"
2018-06-22,,"31,800","31,360","31,800"
2018-06-23,,,,
2018-06-24,,,,
2018-06-25,,"31,800","31,410","31,800"
2018-06-26,,"31,800","31,790","31,460"
2018-06-27,,"31,460","31,460","31,550"
2018-06-28,,"30,050","30,900","30,500"
2018-06-29,,"30,500","30,640","31,100"
2018-06-30,,,,
2018-07-01,,,,
2018-07-02,,,,
2018-07-03,,"31,000","30,120","31,020"
2018-07-04,,"31,020","31,200","31,200"
2018-07-05,,"31,200","31,750","31,050"
2018-07-06,,"31,050","31,100","30,880"
2018-07-07,,,,
2018-07-08,,,,
2018-07-09,,"30,880","30,020","30,400"
2018-07-10,,"30,400","30,000","30,000"
2018-07-11,,"30,000","30,000","29,500"
2018-07-12,,"29,500","29,490","29,500"
2018-07-13,,"29,500","29,500","29,400"
2018-07-14,,,,
2018-07-15,,,,
2018-07-16,,"29,400","29,400","29,400"
2018-07-17,,"29,400","29,200","29,000"
2018-07-18,,"29,000","28,990","29,200"
2018-07-19,,"29,200","28,880","28,020"
2018-07-20,,"28,020","27,200","27,990"
2018-07-21,,,,
2018-07-22,,,,
2018-07-23,,"27,990","27,450","27,010"
2018-07-24,,"27,010","27,120","28,200"
2018-07-25,,,,
2018-07-26,,"28,200","28,600","28,730"
2018-07-27,,"28,730","28,860","28,220"
2018-07-28,,,,
2018-07-29,,,,
2018-07-30,,"28,220","28,190","27,590"
2018-07-31,,"27,590","27,590","27,500"
2018-08-01,,"27,500","27,300","26,650"
2018-08-02,,,,
2018-08-03,,,,
2018-08-04,,,,
2018-08-05,,,,
2018-08-06,,"25,900","25,900","25,500"
2018-08-07,,"25,500","25,500","25,500"
2018-08-08,,"25,500","25,500","25,400"
2018-08-09,,"25,400","25,300","26,020"
2018-08-10,,"26,020","26,000","25,510"
2018-08-11,,,,
2018-08-12,,,,
2018-08-13,,,,
2018-08-14,,"25,510","25,500","25,900"
2018-08-15,,"25,900","25,930","25,510"
2018-08-16,,"25,510","25,510","25,000"
2018-08-17,,"25,000","24,920","24,410"
2018-08-18,,,,
2018-08-19,,,,
2018-08-20,,"24,410","24,200","24,100"
2018-08-21,,,,
2018-08-22,,,,
2018-08-23,,"24,100","24,550","24,200"
2018-08-24,,"24,200","24,000","23,890"
2018-08-25,,,,
2018-08-26,,,,
2018-08-27,,"23,890","24,000","23,890"
2018-08-28,,"23,890","23,890","23,790"
2018-08-29,,"23,790","23,500","23,400"
2018-08-30,,"23,400","23,400","23,350"
2018-08-31,,"23,350","23,250","22,700"
2018-09-01,,,,
2018-09-02,,,,
2018-09-03,,"22,700","22,400","22,700"
2018-09-04,,"22,700","22,670","21,990"
2018-09-05,,,,
2018-09-06,,"21,490","21,390","20,430"
2018-09-07,,"20,430","20,050","21,500"
2018-09-08,,,,
2018-09-09,,,,
2018-09-10,,,,
2018-09-11,,,,
2018-09-12,,"20,840","20,790","20,350"
2018-09-13,,"20,350","20,200","20,000"
2018-09-14,,"20,000","20,000","20,770"
2018-09-15,,,,
2018-09-16,,,,
2018-09-17,,"20,770","20,830","21,200"
2018-09-18,,"21,200","21,560","22,490"
2018-09-19,,"22,490","23,000","23,200"
2018-09-20,,"23,200","23,200","22,500"
2018-09-21,,"22,500","22,990","22,300"
2018-09-22,,,,
2018-09-23,,,,
2018-09-24,,"22,300","21,800","21,780"
2018-09-25,,"21,780","21,640","21,500"
2018-09-26,,"21,500","21,780","21,500"
2018-09-27,,"21,500","21,700","21,500"
2018-09-28,,"21,500","21,660","21,200"
2018-09-29,,,,
2018-09-30,,,,
2018-10-01,,"21,200","21,200","21,000"
2018-10-02,,"21,000","20,900","20,900"
2018-10-03,,"20,900","21,380","20,830"
2018-10-04,,"20,830","20,830","20,830"
2018-10-05,,"20,830","20,900","21,600"
2018-10-06,,,,
2018-10-07,,,,
2018-10-08,,"21,600","21,700","21,900"
2018-10-09,,"21,900","22,120","21,460"
2018-10-10,,"21,460","21,900","21,250"
2018-10-11,,,,
2018-10-12,,"20,800","21,200","20,570"
2018-10-13,,,,
2018-10-14,,,,
2018-10-15,,,,
2018-10-16,,"20,570","20,570","20,800"
2018-10-17,,"20,800","21,080","20,480"
2018-10-18,,"20,480","20,550","20,200"
2018-10-19,,"20,200","20,000","20,450"
2018-10-20,,,,
2018-10-21,,,,
2018-10-22,,"20,450","20,000","20,350"
2018-10-23,,"20,350","20,350","19,900"
2018-10-24,,"19,900","19,900","19,500"
2018-10-25,,"19,500","19,500","19,500"
2018-10-26,,"19,500","19,500","19,400"
2018-10-27,,,,
2018-10-28,,,,
2018-10-29,,"19,400","19,400","19,000"
2018-10-30,,"19,000","18,800","18,870"
2018-10-31,,"18,870","18,870","18,980"
2018-11-01,,"18,980","18,800","19,300"
2018-11-02,,"19,300","19,300","18,800"
2018-11-03,,,,
2018-11-04,,,,
2018-11-05,,"18,800","18,800","19,360"
2018-11-06,,"19,360","19,940","20,250"
2018-11-07,,"20,250","20,300","19,960"
2018-11-08,,"19,960","20,090","19,800"
2018-11-09,,"19,800","19,890","19,700"
2018-11-10,,,,
2018-11-11,,,,
2018-11-12,,"19,700","19,690","19,800"
2018-11-13,,"19,800","19,790","19,980"
2018-11-14,,"19,980","19,790","19,800"
2018-11-15,,"19,800","19,890","19,400"
2018-11-16,,"19,400","19,400","19,000"
2018-11-17,,,,
2018-11-18,,,,
2018-11-19,,"19,000","19,300","19,000"
2018-11-20,,,,
2018-11-21,,,,
2018-11-22,,"18,980","18,800","18,900"
2018-11-23,,"18,900","18,840","18,780"
2018-11-24,,,,
2018-11-25,,,,
2018-11-26,,"18,780","18,800","18,780"
2018-11-27,,"18,780","18,700","18,500"
2018-11-28,,"18,500","18,390","18,010"
2018-11-29,,"18,010","18,010","18,100"
2018-11-30,,"18,100","18,360","18,360"
2018-12-01,,,,
2018-12-02,,,,
2018-12-03,,"18,360","18,350","18,800"
2018-12-04,,"18,800","19,200","18,800"
2018-12-05,,"18,800","18,900","18,780"
2018-12-06,,"18,780","18,820","18,800"
2018-12-07,,"18,800","18,990","18,800"
2018-12-08,,,,
2018-12-09,,,,
2018-12-10,,"18,800","19,000","18,470"
2018-12-11,,"18,470","18,900","18,490"
2018-12-12,,"18,490","18,260","17,940"
2018-12-13,,"17,940","17,950","18,290"
2018-12-14,,"18,290","18,010","18,300"
2018-12-15,,,,
2018-12-16,,,,
2018-12-17,,"18,300","18,200","18,000"
2018-12-18,,,,
2018-12-19,,"18,450","18,450","19,260"
2018-12-20,,"19,260","19,260","19,000"
2018-12-21,,"19,000","19,380","19,000"
2018-12-22,,,,
2018-12-23,,,,
2018-12-24,,"19,000","19,290","18,800"
2018-12-25,,"18,800","18,780","18,700"
2018-12-26,,"18,700","18,700","18,450"
2018-12-27,,"18,450","18,650","18,600"
2018-12-28,,"18,600","18,400","18,600"
2018-12-29,,,,
2018-12-30,,,,
2018-12-31,,"18,600","18,720","18,500"
2019-01-01,,,,
2019-01-02,,"18,500","18,150","18,300"
2019-01-03,,"18,300","18,300","18,030"
2019-01-04,,"18,030","18,200","18,740"
2019-01-05,,,,
2019-01-06,,,,
2019-01-07,,"18,740","18,740","18,740"
2019-01-08,,"18,740","18,350","18,600"
2019-01-09,,,,
2019-01-10,,"18,390","18,300","18,360"
2019-01-11,,"18,360","18,360","18,360"
2019-01-12,,,,
2019-01-13,,,,
2019-01-14,,,,
2019-01-15,,"18,360","18,350","18,150"
2019-01-16,,"18,150","18,100","18,200"
2019-01-17,,"18,200","18,190","18,200"
2019-01-18,,"18,200","18,030","18,200"
2019-01-19,,,,
2019-01-20,,,,
2019-01-21,,"18,200","18,100","17,500"
2019-01-22,,"17,500","17,200","16,510"
2019-01-23,,"16,510","16,150","15,950"
2019-01-24,,"15,950","15,950","16,000"
2019-01-25,,"16,000","15,790","15,510"
2019-01-26,,,,
2019-01-27,,,,
2019-01-28,,"15,510","15,500","15,750"
2019-01-29,,"15,750","15,800","15,780"
2019-01-30,,"15,780","15,350","16,000"
2019-01-31,,"16,000","16,050","16,200"
2019-02-01,,"16,200","16,200","16,200"
2019-02-02,,,,
2019-02-03,,,,
2019-02-04,,"16,200","16,100","16,570"
2019-02-05,,"16,570","16,650","16,490"
2019-02-06,,,,
2019-02-07,,,,
2019-02-08,,"16,390","16,500","16,200"
2019-02-09,,,,
2019-02-10,,,,
2019-02-11,,,,
2019-02-12,,,,
2019-02-13,,"16,100","16,060","16,090"
2019-02-14,,"16,090","16,090","16,000"
2019-02-15,,"16,000","16,090","15,750"
2019-02-16,,,,
2019-02-17,,,,
2019-02-18,,"15,750","15,720","15,700"
2019-02-19,,"15,700","15,510","15,950"
2019-02-20,,"15,950","15,950","16,400"
2019-02-21,,"16,400","16,470","16,000"
2019-02-22,,,,
2019-02-23,,,,
2019-02-24,,,,
2019-02-25,,"15,700","15,900","15,500"
2019-02-26,,"15,500","15,680","15,210"
2019-02-27,,"15,210","15,190","15,470"
2019-02-28,,"15,470","15,460","15,460"
2019-03-01,,"15,460","15,300","15,350"
2019-03-02,,,,
2019-03-03,,,,
2019-03-04,,"15,350","15,400","15,200"
2019-03-05,,"15,200","15,000","15,000"
2019-03-06,,"15,000","15,170","14,730"
2019-03-07,,"14,730","14,710","15,150"
2019-03-08,,"15,150","15,150","15,140"
2019-03-09,,,,
2019-03-10,,,,
2019-03-11,,"15,140","14,800","14,600"
2019-03-12,,"14,600","14,250","14,000"
2019-03-13,,"14,000","13,610","14,240"
2019-03-14,,"14,240","14,200","14,000"
2019-03-15,,"14,000","13,950","14,000"
2019-03-16,,,,
2019-03-17,,,,
2019-03-18,,"14,000","13,970","14,000"
2019-03-19,,"14,000","13,700","14,110"
2019-03-20,,,,
2019-03-21,,"14,110","14,500","14,490"
2019-03-22,,"14,490","15,140","14,990"
2019-03-23,,,,
2019-03-24,,,,
2019-03-25,,"14,990","15,010","15,900"
2019-03-26,,"15,900","16,610","16,860"
2019-03-27,,"16,860","17,500","16,880"
2019-03-28,,,,
2019-03-29,,"16,400","16,300","15,990"
2019-03-30,,,,
2019-03-31,,,,
2019-04-01,,"15,990","15,530","15,370"
2019-04-02,,"15,370","15,240","16,300"
2019-04-03,,"16,300","16,700","16,300"
2019-04-04,,"16,300","16,200","16,280"
2019-04-05,,"16,280","16,370","16,200"
2019-04-06,,,,
2019-04-07,,,,
2019-04-08,,"16,200","16,000","16,000"
2019-04-09,,,,
2019-04-10,,"16,000","16,000","15,950"
2019-04-11,,"15,950","15,860","16,280"
2019-04-12,,"16,280","16,320","17,150"
2019-04-13,,,,
2019-04-14,,,,
2019-04-15,,"17,150","17,500","17,350"
2019-04-16,,"17,350","17,000","16,810"
2019-04-17,,"16,810","17,300","17,190"
2019-04-18,,"17,190","17,380","17,100"
2019-04-19,,"17,100","17,370","17,290"
2019-04-20,,,,
2019-04-21,,,,
2019-04-22,,"17,290","17,350","17,100"
2019-04-23,,"17,100","17,100","17,000"
2019-04-24,,"17,000","16,810","16,800"
2019-04-25,,"16,800","17,100","16,800"
2019-04-26,,"16,800","16,800","16,300"
2019-04-27,,,,
2019-04-28,,,,
2019-04-29,,"16,300","16,780","16,690"
2019-04-30,,"16,690","16,680","16,450"
2019-05-01,,,,
2019-05-02,,"16,450","16,640","16,260"
2019-05-03,,"16,260","16,190","15,720"
2019-05-04,,,,
2019-05-05,,,,
2019-05-06,,"15,720","16,120","15,800"
2019-05-07,,"15,800","15,800","15,830"
2019-05-08,,"15,830","15,820","16,000"
2019-05-09,,"16,000","15,900","15,900"
2019-05-10,,"15,900","16,000","16,000"
2019-05-11,,,,
2019-05-12,,,,
2019-05-13,,"16,000","16,050","16,190"
2019-05-14,,"16,190","16,180","16,000"
2019-05-15,,"16,000","15,930","16,000"
2019-05-16,,"16,000","16,180","16,200"
2019-05-17,,"16,200","16,510","16,290"
2019-05-18,,,,
2019-05-19,,,,
2019-05-20,,"16,290","16,290","16,290"
2019-05-21,,"16,290","16,490","16,400"
2019-05-22,,"16,400","16,600","16,600"
2019-05-23,,"16,600","16,600","16,900"
2019-05-24,,"16,900","16,980","17,180"
2019-05-25,,,,
2019-05-26,,,,
2019-05-27,,"17,180","17,180","17,200"
2019-05-28,,"17,200","17,480","17,400"
2019-05-29,,"17,400","17,400","17,700"
2019-05-30,,"17,700","17,700","17,700"
2019-05-31,,"17,700","17,700","18,000"
2019-06-01,,,,
2019-06-02,,,,
2019-06-03,,"18,000","18,000","18,100"
2019-06-04,,,,
2019-06-05,,,,
2019-06-06,,,,
2019-06-07,,"18,100","18,250","18,300"
2019-06-08,,,,
2019-06-09,,,,
2019-06-10,,"18,300","18,300","18,200"
2019-06-11,,,,
2019-06-12,,"18,160",,
2019-06-13,,"18,160","18,160","18,300"
2019-06-14,,"18,300","18,440","18,950"
2019-06-15,,,,
2019-06-16,,,,
2019-06-17,,"18,950","19,400","19,000"
2019-06-18,,"19,000","19,050","18,990"
2019-06-19,,"18,990","18,960","19,200"
2019-06-20,,"18,000","18,540","18,000"
2019-06-21,,"18,000","18,000","17,460"
2019-06-22,,,,
2019-06-23,,,,
2019-06-24,,"17,460","17,730","17,500"
2019-06-25,,"17,500","17,490","17,470"
2019-06-26,,"17,470","17,450","17,500"
2019-06-27,,"17,500","17,500","17,000"
2019-06-28,,"16,720","17,000","17,300"
2019-06-29,,,,
2019-06-30,,,,
2019-07-01,,"15,720","16,200","16,000"
2019-07-02,,"16,000","16,180","16,000"
2019-07-03,,"16,000","16,000","15,850"
2019-07-04,,"15,850","15,990","15,950"
2019-07-05,,"15,950","15,930","15,800"
2019-07-06,,,,
2019-07-07,,,,
2019-07-08,,"15,800","15,920","16,180"
2019-07-09,,"16,180","16,180","16,700"
2019-07-10,,"16,700","16,860","17,000"
2019-07-11,,"17,000","16,990","16,510"
2019-07-12,,"16,510","16,790","16,500"
2019-07-13,,,,
2019-07-14,,,,
2019-07-15,,"16,500","16,550","16,500"
2019-07-16,,"16,500","16,250","16,250"
2019-07-17,,"16,250","16,420","16,180"
2019-07-18,,"16,180","16,230","16,220"
2019-07-19,,"16,220","16,230","16,000"
2019-07-20,,,,
2019-07-21,,,,
2019-07-22,,"16,000","16,000","16,000"
2019-07-23,,"16,000","16,220","15,970"
2019-07-24,,,,
2019-07-25,,,,
2019-07-26,,"15,750","15,700","16,000"
2019-07-27,,,,
2019-07-28,,,,
2019-07-29,,,,
2019-07-30,,"15,760","15,760","15,500"
2019-07-31,,"15,500","15,690","15,380"
2019-08-01,,"15,380","15,700","15,500"
2019-08-02,,"15,500","15,250","15,380"
2019-08-03,,,,
2019-08-04,,,,
2019-08-05,,"15,380","15,600","15,380"
2019-08-06,,"15,380","15,380","15,000"
2019-08-07,,"15,000","15,200","15,200"
2019-08-08,,"15,200","15,240","15,200"
2019-08-09,,"15,200","15,020","15,290"
2019-08-10,,,,
2019-08-11,,,,
2019-08-12,,,,
2019-08-13,,,,
2019-08-14,,"15,290","15,200","15,390"
2019-08-15,,"15,390","15,430","15,430"
2019-08-16,,"15,430","15,200","15,380"
2019-08-17,,,,
2019-08-18,,,,
2019-08-19,,"15,380","15,440","15,390"
2019-08-20,,"15,390","15,380","15,330"
2019-08-21,,"15,330","15,100","15,300"
2019-08-22,,"15,300","15,330","15,550"
2019-08-23,,"15,550","15,690","15,650"
2019-08-24,,,,
2019-08-25,,,,
2019-08-26,,"15,650","15,640","15,600"
2019-08-27,,"15,600","15,590","15,130"
2019-08-28,,"15,130","15,550","15,130"
2019-08-29,,"15,130","15,300","15,200"
2019-08-30,,"15,200","15,010","15,030"
2019-08-31,,,,
2019-09-01,,,,
2019-09-02,,"15,030","15,400","15,190"
2019-09-03,,"15,190","14,950","14,770"
2019-09-04,,"14,770","15,100","15,050"
2019-09-05,,"15,050","15,100","15,050"
2019-09-06,,"15,050","15,100","15,000"
2019-09-07,,,,
2019-09-08,,,,
2019-09-09,,,,
2019-09-10,,,,
2019-09-11,,"14,800","14,890","14,860"
2019-09-12,,"14,860","14,860","14,800"
2019-09-13,,"14,800","14,890","14,880"
2019-09-14,,,,
2019-09-15,,,,
2019-09-16,,"14,880","14,880","14,850"
2019-09-17,,"14,850","14,700","14,500"
2019-09-18,,"14,500","14,500","14,480"
2019-09-19,,"14,480","14,780","14,400"
2019-09-20,,"14,400","14,400","14,300"
2019-09-21,,,,
2019-09-22,,,,
2019-09-23,,"14,300","14,250","14,000"
2019-09-24,,"14,000","14,350","13,800"
2019-09-25,,"13,800","13,800","13,550"
2019-09-26,,"13,550","13,540","13,750"
2019-09-27,,"13,750","13,790","13,650"
2019-09-28,,,,
2019-09-29,,,,
2019-09-30,,"13,650","13,850","14,190"
2019-10-01,,"14,190","14,820","15,050"
2019-10-02,,"15,050","15,500","15,270"
2019-10-03,,"15,270","15,300","15,050"
2019-10-04,,"15,050","14,600","15,020"
2019-10-05,,,,
2019-10-06,,,,
2019-10-07,,"15,020","15,440","14,890"
2019-10-08,,"14,890","14,880","15,130"
2019-10-09,,"15,130","15,130","15,000"
2019-10-10,,"15,000","15,450","15,740"
2019-10-11,,"15,740","15,780","16,100"
2019-10-12,,,,
2019-10-13,,,,
2019-10-14,,"16,100","16,570","16,080"
2019-10-15,,,,
2019-10-16,,"16,080","16,080","15,840"
2019-10-17,,"15,840","16,000","16,210"
2019-10-18,,"16,210","16,200","16,250"
2019-10-19,,,,
2019-10-20,,,,
2019-10-21,,"16,250","16,480","16,390"
2019-10-22,,"16,390","16,450","16,580"
2019-10-23,,"16,580","16,580","16,600"
2019-10-24,,"16,600","17,090","17,600"
2019-10-25,,"17,610","18,130","18,630"
2019-10-26,,,,
2019-10-27,,,,
2019-10-28,,"18,630","18,700","19,010"
2019-10-29,,"19,010","19,020","18,500"
2019-10-30,,"18,500","18,400","17,690"
2019-10-31,,"17,580","17,580","18,150"
2019-11-01,,"18,150","18,150","17,900"
2019-11-02,,,,
2019-11-03,,,,
2019-11-04,,"17,900","17,700","17,940"
2019-11-05,,"17,940","17,920","18,230"
2019-11-06,,"18,230","18,250","18,500"
2019-11-07,,"18,500","18,500","18,900"
2019-11-08,,"18,900","19,200","19,200"
2019-11-09,,,,
2019-11-10,,,,
2019-11-11,,"19,200","19,210","19,000"
2019-11-12,,"19,000","19,340","19,130"
2019-11-13,,"19,130","19,000","19,150"
2019-11-14,,"19,150","19,300","19,200"
2019-11-15,,"19,200","19,200","19,000"
2019-11-16,,,,
2019-11-17,,,,
2019-11-18,,"19,000","19,000","18,880"
2019-11-19,,"18,880","18,800","18,990"
2019-11-20,,"18,990","18,850","18,880"
2019-11-21,,"18,880","18,760","18,700"
2019-11-22,,"18,700","18,880","18,750"
2019-11-23,,,,
2019-11-24,,,,
2019-11-25,,"18,750","18,550","18,690"
2019-11-26,,"18,690","18,400","18,600"
2019-11-27,,"18,600","18,900","18,560"
2019-11-28,,"18,560","18,550","18,550"
2019-11-29,,"18,550","18,800","18,740"
2019-11-30,,,,
2019-12-01,,,,
2019-12-02,,"18,740","18,960","18,850"
2019-12-03,,"18,850","18,840","18,790"
2019-12-04,,"18,790","18,750","18,700"
2019-12-05,,"18,700","18,730","18,650"
2019-12-06,,"18,650","18,570","18,750"
2019-12-07,,,,
2019-12-08,,,,
2019-12-09,,"18,750","18,900","18,880"
2019-12-10,,"18,880","18,900","18,800"
2019-12-11,,"18,800","18,700","18,780"
2019-12-12,,"18,780","18,780","18,770"
2019-12-13,,"18,770","18,570","18,740"
2019-12-14,,,,
2019-12-15,,,,
2019-12-16,,"18,740","18,740","18,730"
2019-12-17,,"18,730","18,740","18,500"
2019-12-18,,"18,500","18,720","18,700"
2019-12-19,,"18,700","18,840","18,600"
2019-12-20,,"18,600","18,520","18,500"
2019-12-21,,,,
2019-12-22,,,,
2019-12-23,,"18,500","18,600","18,600"
2019-12-24,,"18,600","18,600","18,500"
2019-12-25,,"18,500","18,490","18,600"
2019-12-26,,"18,600","18,650","18,590"
2019-12-27,,"18,590","18,490","18,760"
2019-12-28,,,,
2019-12-29,,,,
2019-12-30,,"18,760","18,700","18,690"
2019-12-31,,"18,690","18,700","18,840"
2020-01-01,,,,
2020-01-02,,"18,840","19,000","18,840"
2020-01-03,,"18,840","18,800","18,750"
2020-01-04,,,,
2020-01-05,,,,
2020-01-06,,"18,750","18,880","19,100"
2020-01-07,,"19,100","19,110","18,750"
2020-01-08,,"18,750","18,750","18,900"
2020-01-09,,"18,900","19,000","18,970"
2020-01-10,,"18,970","18,970","18,960"
2020-01-11,,,,
2020-01-12,,,,
2020-01-13,,"18,960","19,000","19,000"
2020-01-14,,,,
2020-01-15,,"19,000","19,400","19,290"
2020-01-16,,"19,290","19,290","20,440"
2020-01-17,,"20,440","20,590","20,180"
2020-01-18,,,,
2020-01-19,,,,
2020-01-20,,"20,180","20,190","20,000"
2020-01-21,,"20,000","20,200","19,900"
2020-01-22,,"19,900","20,000","20,190"
2020-01-23,,"20,190","20,190","20,290"
2020-01-24,,"20,290","20,500","20,390"
2020-01-25,,,,
2020-01-26,,,,
2020-01-27,,"20,390","20,390","20,500"
2020-01-28,,"20,500","20,400","20,300"
2020-01-29,,"20,300","20,400","20,400"
2020-01-30,,"20,400","20,400","20,400"
2020-01-31,,"20,400","20,500","20,800"
2020-02-01,,,,
2020-02-02,,,,
2020-02-03,,"20,800","20,890","21,000"
2020-02-04,,"21,000","21,190","21,230"
2020-02-05,,"21,230","21,210","21,650"
2020-02-06,,"21,650","21,600","21,400"
2020-02-07,,"21,400","21,330","21,390"
2020-02-08,,,,
2020-02-09,,,,
2020-02-10,,"21,390","21,390","21,000"
2020-02-11,,"21,000","21,000","20,850"
2020-02-12,,"20,850","21,010","21,000"
2020-02-13,,"21,000","21,000","21,500"
2020-02-14,,"21,500","21,500","21,890"
2020-02-15,,,,
2020-02-16,,,,
2020-02-17,,,,
2020-02-18,,,,
2020-02-19,,,,
2020-02-20,,,,
2020-02-21,,,,
2020-02-22,,,,
2020-02-23,,,,
2020-02-24,,,,
2020-02-25,,,,
2020-02-26,,"21,650","21,790","21,650"
2020-02-27,,,,
2020-02-28,,,,
2020-02-29,,,,
2020-03-01,,,,
2020-03-02,,,,
2020-03-03,,,,
2020-03-04,,,,
2020-03-05,,"21,000","21,140","20,800"
2020-03-06,,"20,800","20,900","20,300"
2020-03-07,,,,
2020-03-08,,,,
2020-03-09,,"20,300","20,250","19,650"
2020-03-10,,"19,650","18,800","19,100"
2020-03-11,,"19,100","19,020","19,790"
2020-03-12,,"19,790","19,500","18,630"
2020-03-13,,"18,630","18,490","17,500"
2020-03-14,,,,
2020-03-15,,,,
2020-03-16,,"17,500","17,490","16,450"
2020-03-17,,"16,450","16,000","15,520"
2020-03-18,,"15,520",,
2020-03-19,,"15,060","14,610","14,610"
2020-03-20,,,,
2020-03-21,,,,
2020-03-22,,,,
2020-03-23,,"14,610","14,180","14,180"
2020-03-24,,"14,180","13,810","14,190"
2020-03-25,,"14,190","14,190","14,350"
2020-03-26,,"14,350","14,660","14,780"
2020-03-27,,"14,780","15,220","14,850"
2020-03-28,,,,
2020-03-29,,,,
2020-03-30,,"14,850","14,950","14,850"
2020-03-31,,"14,850","15,100","14,750"
2020-04-01,,"14,750","14,990","14,700"
2020-04-02,,"14,700","14,700","14,300"
2020-04-03,,"14,300","14,690","14,600"
2020-04-04,,,,
2020-04-05,,,,
2020-04-06,,"14,600","14,980","14,300"
2020-04-07,,"14,300","14,700","14,280"
2020-04-08,,"14,280","14,590","14,280"
2020-04-09,,,,
2020-04-10,,,,
2020-04-11,,,,
2020-04-12,,,,
2020-04-13,,"14,280","14,590","14,300"
2020-04-14,,"14,300","14,500","14,400"
2020-04-15,,"14,400","14,400","14,170"
2020-04-16,,"14,170","14,350","14,000"
2020-04-17,,"14,000","14,190","14,000"
2020-04-18,,,,
2020-04-19,,,,
2020-04-20,,"14,000","14,190","13,980"
2020-04-21,,"13,980","14,180","13,990"
2020-04-22,,"13,990","14,000","13,700"
2020-04-23,,"13,700","13,990","13,700"
2020-04-24,,"13,700","13,700","13,370"
2020-04-25,,,,
2020-04-26,,,,
2020-04-27,,"13,370","13,370","13,770"
2020-04-28,,"13,770","14,140","13,500"
2020-04-29,,"13,500","13,500","13,100"
2020-04-30,,"13,100","13,100","12,710"
2020-05-01,,,,
2020-05-02,,,,
2020-05-03,,,,
2020-05-04,,"12,710","12,710","12,940"
2020-05-05,,"12,940","13,100","13,320"
2020-05-06,,"13,320","13,700","13,600"
2020-05-07,,"13,600","13,600","13,520"
2020-05-08,,"13,520","13,710","13,520"
2020-05-09,,,,
2020-05-10,,,,
2020-05-11,,"13,520","13,850","13,920"
2020-05-12,,"13,920","14,330","14,330"
2020-05-13,,"14,330","14,700","14,750"
2020-05-14,,"14,750",,
2020-05-15,,"15,190",,
2020-05-16,,,,
2020-05-17,,,,
2020-05-18,,"15,640","16,100","16,100"
2020-05-19,,"16,100","16,500","16,580"
2020-05-20,,"16,580","17,070","16,800"
2020-05-21,,"16,800","16,800","17,300"
2020-05-22,,"17,300","17,750","17,580"
2020-05-23,,,,
2020-05-24,,,,
2020-05-25,,,,
2020-05-26,,"17,580","17,890","18,090"
2020-05-27,,"18,090","18,370","18,200"
2020-05-28,,"18,200","18,390","18,740"
2020-05-29,,"18,740","19,300","19,300"
2020-05-30,,,,
2020-05-31,,,,
2020-06-01,,,,
2020-06-02,,"19,600","19,750","20,180"
2020-06-03,,,,
2020-06-04,,"20,000","20,000","19,400"
2020-06-05,,"19,400",,
2020-06-06,,,,
2020-06-07,,,,
2020-06-08,,"18,820","18,020","19,140"
2020-06-09,,"19,140","19,190","19,100"
2020-06-10,,"19,100","19,100","19,900"
2020-06-11,,"19,900","19,950","19,740"
2020-06-12,,"19,740","19,730","19,400"
2020-06-13,,,,
2020-06-14,,,,
2020-06-15,,"19,400","19,640","19,500"
2020-06-16,,"19,500","19,600","19,650"
2020-06-17,,"19,650","19,740","20,330"
2020-06-18,,"20,330","20,500","20,890"
2020-06-19,,"20,890","21,090","20,780"
2020-06-20,,,,
2020-06-21,,,,
2020-06-22,,"20,780","20,880","22,000"
2020-06-23,,"22,000","22,100","22,330"
2020-06-24,,"22,330","22,340","22,000"
2020-06-25,,"22,000","22,000","21,430"
2020-06-26,,"21,430","21,650","21,010"
2020-06-27,,,,
2020-06-28,,,,
2020-06-29,,"21,010","21,110","22,280"
2020-06-30,,"22,280","22,800","22,700"
2020-07-01,,"22,700","22,600","22,340"
2020-07-02,,"22,340","22,590","22,590"
2020-07-03,,"22,590","22,590","23,100"
2020-07-04,,,,
2020-07-05,,,,
2020-07-06,,"23,100","23,150","22,900"
2020-07-07,,"22,900","22,890","22,800"
2020-07-08,,"22,800","22,360","22,790"
2020-07-09,,"22,790","22,500","22,460"
2020-07-10,,"22,460","22,360","22,450"
2020-07-11,,,,
2020-07-12,,,,
2020-07-13,,"22,450","23,000","22,950"
2020-07-14,,"22,950","22,990","22,600"
2020-07-15,,"22,600","22,600","22,310"
2020-07-16,,"22,310","22,020","22,000"
2020-07-17,,"22,000","22,300","22,000"
2020-07-18,,,,
2020-07-19,,,,
2020-07-20,,"22,000","22,250","22,250"
2020-07-21,,"22,250","22,470","22,390"
2020-07-22,,"22,390","22,050","22,380"
2020-07-23,,"22,380","22,390","22,700"
2020-07-24,,"22,700","22,700","22,990"
2020-07-25,,,,
2020-07-26,,,,
2020-07-27,,"22,990","22,990","22,750"
2020-07-28,,"22,750","22,900","22,990"
2020-07-29,,"22,990","22,990","22,850"
2020-07-30,,"22,850","22,850","22,850"
2020-07-31,,,,
2020-08-01,,,,
2020-08-02,,,,
2020-08-03,,"22,850","22,900","22,900"
2020-08-04,,"22,900","22,900","23,430"
2020-08-05,,"23,430","23,390","23,940"
2020-08-06,,"23,940","23,900","23,450"
2020-08-07,,"23,450","23,500","23,740"
2020-08-08,,,,
2020-08-09,,,,
2020-08-10,,"23,740","23,740","23,740"
2020-08-11,,"23,740","23,800","23,900"
2020-08-12,,"22,810","23,380","23,180"
2020-08-13,,,,
2020-08-14,,"23,180","23,180","22,850"
2020-08-15,,,,
2020-08-16,,,,
2020-08-17,,"22,850","22,810","22,130"
2020-08-18,,"22,130","22,130","21,950"
2020-08-19,,"21,950","21,950","22,450"
2020-08-20,,,,
2020-08-21,,"22,450","22,650","22,650"
2020-08-22,,,,
2020-08-23,,,,
2020-08-24,,"22,650","22,550","22,840"
2020-08-25,,"22,840","22,850","22,880"
2020-08-26,,"22,880","22,500","22,500"
2020-08-27,,"22,500","22,500","22,600"
2020-08-28,,"22,600","22,590","22,890"
2020-08-29,,,,
2020-08-30,,,,
2020-08-31,,"22,890","22,990","23,110"
2020-09-01,,"23,110","23,200","23,480"
2020-09-02,,"23,480","23,110","23,850"
2020-09-03,,"23,850","24,210","24,500"
2020-09-04,,"24,500","24,610","24,900"
2020-09-05,,,,
2020-09-06,,,,
2020-09-07,,"24,900","24,900","24,700"
2020-09-08,,"24,700","24,880","24,870"
2020-09-09,,"24,870","25,100","25,060"
2020-09-10,,"25,060","25,060","25,090"
2020-09-11,,"25,090","25,500","25,200"
2020-09-12,,,,
2020-09-13,,,,
2020-09-14,,"25,200","25,400","24,860"
2020-09-15,,"24,860","24,790","24,790"
2020-09-16,,"24,790","24,850","24,520"
2020-09-17,,"24,520","24,700","24,700"
2020-09-18,,"24,700","24,750","24,750"
2020-09-19,,,,
2020-09-20,,,,
2020-09-21,,"24,750","24,750","24,690"
2020-09-22,,"24,690","24,690","24,480"
2020-09-23,,"24,480","24,100","24,650"
2020-09-24,,"24,650","24,600","24,410"
2020-09-25,,"24,410","24,410","24,500"
2020-09-26,,,,
2020-09-27,,,,
2020-09-28,,,,
2020-09-29,,,,
2020-09-30,,,,
2020-10-01,,,,
2020-10-02,,,,
2020-10-03,,,,
2020-10-04,,,,
2020-10-05,,,,
2020-10-06,,,,
2020-10-07,,,,
2020-10-08,,,,
2020-10-09,,,,
2020-10-10,,,,
2020-10-11,,,,
2020-10-12,,,,
2020-10-13,,,,
2020-10-14,,,,
2020-10-15,,,,
2020-10-16,,,,
2020-10-17,,,,
2020-10-18,,,,
2020-10-19,,,,
2020-10-20,,,,
2020-10-21,,,,
2020-10-22,,,,
2020-10-23,,,,
2020-10-24,,,,
2020-10-25,,,,
2020-10-26,,,,
2020-10-27,,,,
2020-10-28,,,,
2020-10-29,,,,
2020-10-30,,,,
2020-10-31,,,,
2020-11-01,,,,
2020-11-02,,,,
2020-11-03,,,,
2020-11-04,,,,
2020-11-05,,,,
2020-11-06,,,,
2020-11-07,,,,
2020-11-08,,,,
2020-11-09,,,,
2020-11-10,,,,
2020-11-11,,,,
2020-11-12,,,,
2020-11-13,,,,
2020-11-14,,,,
2020-11-15,,,,
2020-11-16,,,,
2020-11-17,,,,
2020-11-18,,,,
2020-11-19,,,,
2020-11-20,,,,
2020-11-21,,,,
2020-11-22,,,,
2020-11-23,,,,
2020-11-24,,,,
2020-11-25,,,,
2020-11-26,,,,
2020-11-27,,,,
2020-11-28,,,,
2020-11-29,,,,
2020-11-30,,,,
2020-12-01,,,,
2020-12-02,,,,
2020-12-03,,,,
2020-12-04,,,,
2020-12-05,,,,
2020-12-06,,,,
2020-12-07,,,,
2020-12-08,,,,
2020-12-09,,,,
2020-12-10,,,,
2020-12-11,,,,
2020-12-12,,,,
2020-12-13,,,,
2020-12-14,,,,
2020-12-15,,,,
2020-12-16,,,,
2020-12-17,,,,
2020-12-18,,,,
2020-12-19,,,,
2020-12-20,,,,
2020-12-21,,,,
2020-12-22,,,,
2020-12-23,,,,
2020-12-24,,,,
2020-12-25,,,,
2020-12-26,,,,
2020-12-27,,,,
2020-12-28,,,,
2020-12-29,,,,
2020-12-30,,,,
2020-12-31,,,,
