,TELNET,ref,ouverture,cloture
2018-01-01,,,,
2018-01-02,,,,
2018-01-03,,"13,200","13,380","13,780"
2018-01-04,,"13,780","13,800","13,600"
2018-01-05,,"13,600","13,550","13,410"
2018-01-06,,,,
2018-01-07,,,,
2018-01-08,,"13,410","13,420","13,930"
2018-01-09,,"13,930","13,800","13,780"
2018-01-10,,"13,780","13,750","13,540"
2018-01-11,,"13,540","13,550","13,500"
2018-01-12,,,,
2018-01-13,,,,
2018-01-14,,,,
2018-01-15,,"13,730","13,530","13,900"
2018-01-16,,,,
2018-01-17,,,,
2018-01-18,,,,
2018-01-19,,,,
2018-01-20,,,,
2018-01-21,,,,
2018-01-22,,,,
2018-01-23,,,,
2018-01-24,,,,
2018-01-25,,,,
2018-01-26,,"13,980","14,260","13,970"
2018-01-27,,,,
2018-01-28,,,,
2018-01-29,,,,
2018-01-30,,,,
2018-01-31,,,,
2018-02-01,,,,
2018-02-02,,,,
2018-02-03,,,,
2018-02-04,,,,
2018-02-05,,,,
2018-02-06,,,,
2018-02-07,,,,
2018-02-08,,,,
2018-02-09,,,,
2018-02-10,,,,
2018-02-11,,,,
2018-02-12,,,,
2018-02-13,,,,
2018-02-14,,,,
2018-02-15,,,,
2018-02-16,,,,
2018-02-17,,,,
2018-02-18,,,,
2018-02-19,,,,
2018-02-20,,"14,750","14,750","14,900"
2018-02-21,,"14,900","14,900","14,950"
2018-02-22,,,,
2018-02-23,,,,
2018-02-24,,,,
2018-02-25,,,,
2018-02-26,,,,
2018-02-27,,,,
2018-02-28,,,,
2018-03-01,,,,
2018-03-02,,,,
2018-03-03,,,,
2018-03-04,,,,
2018-03-05,,,,
2018-03-06,,,,
2018-03-07,,"14,800","14,800","14,740"
2018-03-08,,"14,740","14,700","14,500"
2018-03-09,,"14,500","14,600","14,500"
2018-03-10,,,,
2018-03-11,,,,
2018-03-12,,"14,500","14,490","14,500"
2018-03-13,,"14,500","14,700","14,450"
2018-03-14,,"14,450","14,700","14,400"
2018-03-15,,"14,400","14,450","14,270"
2018-03-16,,"14,270","14,530","14,980"
2018-03-17,,,,
2018-03-18,,,,
2018-03-19,,"14,980","14,980","14,900"
2018-03-20,,,,
2018-03-21,,"14,900","14,850","14,500"
2018-03-22,,"14,500","14,900","14,500"
2018-03-23,,"14,500","14,510","14,250"
2018-03-24,,,,
2018-03-25,,,,
2018-03-26,,"14,250","14,250","14,550"
2018-03-27,,"14,550","14,580","14,450"
2018-03-28,,"14,450","14,550","14,400"
2018-03-29,,"14,400","14,400","14,300"
2018-03-30,,"14,300","14,060","14,300"
2018-03-31,,,,
2018-04-01,,,,
2018-04-02,,"14,300","14,300","14,320"
2018-04-03,,"14,320","14,400","14,390"
2018-04-04,,"14,390","14,300","14,250"
2018-04-05,,"14,250","14,250","14,350"
2018-04-06,,"14,350","14,390","14,400"
2018-04-07,,,,
2018-04-08,,,,
2018-04-09,,,,
2018-04-10,,"14,400","14,400","14,160"
2018-04-11,,"14,160","14,160","14,400"
2018-04-12,,"14,400","14,400","14,390"
2018-04-13,,"14,390","14,400","14,390"
2018-04-14,,,,
2018-04-15,,,,
2018-04-16,,"14,390","14,400","14,300"
2018-04-17,,"14,300","14,380","14,350"
2018-04-18,,"14,350","14,360","14,350"
2018-04-19,,"14,350","14,310","14,400"
2018-04-20,,"14,400","14,320","14,380"
2018-04-21,,,,
2018-04-22,,,,
2018-04-23,,"14,380","14,380","14,350"
2018-04-24,,"14,350","14,350","14,330"
2018-04-25,,"14,330","14,130","14,290"
2018-04-26,,"14,290","14,200","14,280"
2018-04-27,,"14,280","14,280","14,290"
2018-04-28,,,,
2018-04-29,,,,
2018-04-30,,"14,290","14,280","14,380"
2018-05-01,,,,
2018-05-02,,"14,380","14,380","14,300"
2018-05-03,,"14,300","14,300","14,290"
2018-05-04,,"14,290","14,220","14,270"
2018-05-05,,,,
2018-05-06,,,,
2018-05-07,,"14,270","14,300","14,340"
2018-05-08,,"14,340","14,340","14,400"
2018-05-09,,"14,400","14,400","14,370"
2018-05-10,,"14,370","14,400","14,830"
2018-05-11,,"14,830","14,900","14,700"
2018-05-12,,,,
2018-05-13,,,,
2018-05-14,,"14,700","14,700","14,700"
2018-05-15,,"14,700","14,510","14,330"
2018-05-16,,"14,330","14,290","14,670"
2018-05-17,,"14,670","14,680","14,950"
2018-05-18,,"14,950","15,040","15,300"
2018-05-19,,,,
2018-05-20,,,,
2018-05-21,,"15,300","15,420","15,410"
2018-05-22,,"15,410","15,400","15,500"
2018-05-23,,"15,500","15,700","15,230"
2018-05-24,,"15,230","15,780","15,650"
2018-05-25,,"15,650","15,600","15,500"
2018-05-26,,,,
2018-05-27,,,,
2018-05-28,,"15,500","15,500","15,650"
2018-05-29,,"15,650","15,750","15,990"
2018-05-30,,"15,990","16,650","16,550"
2018-05-31,,"16,550","16,210","16,450"
2018-06-01,,"16,450","16,450","16,490"
2018-06-02,,,,
2018-06-03,,,,
2018-06-04,,"16,490","16,500","16,480"
2018-06-05,,"16,480","16,480","16,450"
2018-06-06,,"16,450","16,450","16,440"
2018-06-07,,,,
2018-06-08,,"16,400","16,450","16,360"
2018-06-09,,,,
2018-06-10,,,,
2018-06-11,,"16,360","16,310","16,390"
2018-06-12,,"16,090","16,300","16,300"
2018-06-13,,"16,300","16,300","16,280"
2018-06-14,,"16,280","16,040","16,280"
2018-06-15,,,,
2018-06-16,,,,
2018-06-17,,,,
2018-06-18,,"16,280","16,400","16,300"
2018-06-19,,"16,300","16,200","16,300"
2018-06-20,,"16,300","16,210","16,190"
2018-06-21,,"16,190","16,100","15,900"
2018-06-22,,"15,900","15,980","15,800"
2018-06-23,,,,
2018-06-24,,,,
2018-06-25,,"15,800","15,890","15,780"
2018-06-26,,"15,780","15,700","15,750"
2018-06-27,,"15,750","15,700","15,640"
2018-06-28,,"15,640","15,640","15,740"
2018-06-29,,"15,740","15,770","16,100"
2018-06-30,,,,
2018-07-01,,,,
2018-07-02,,,,
2018-07-03,,"16,200","15,700","16,100"
2018-07-04,,"16,100","16,100","16,300"
2018-07-05,,"16,300","16,300","16,400"
2018-07-06,,"16,400","16,400","16,340"
2018-07-07,,,,
2018-07-08,,,,
2018-07-09,,"16,340","16,300","16,290"
2018-07-10,,"16,290",,
2018-07-11,,"16,290","16,250","16,250"
2018-07-12,,"16,250","16,250","16,250"
2018-07-13,,"16,250","16,250","16,000"
2018-07-14,,,,
2018-07-15,,,,
2018-07-16,,"16,000","16,000","16,300"
2018-07-17,,"16,300","16,000","16,280"
2018-07-18,,"16,280","16,350","16,340"
2018-07-19,,"16,340","16,330","16,300"
2018-07-20,,"16,300","16,100","16,550"
2018-07-21,,,,
2018-07-22,,,,
2018-07-23,,"16,550","16,700","17,040"
2018-07-24,,"17,040","16,900","17,350"
2018-07-25,,,,
2018-07-26,,"17,350","17,150","17,300"
2018-07-27,,"17,300","17,350","17,280"
2018-07-28,,,,
2018-07-29,,,,
2018-07-30,,"17,280","17,300","17,200"
2018-07-31,,"17,200","17,200","17,350"
2018-08-01,,"17,350","17,350","17,350"
2018-08-02,,,,
2018-08-03,,,,
2018-08-04,,,,
2018-08-05,,,,
2018-08-06,,"17,300","17,290","17,390"
2018-08-07,,"17,390","17,390","17,400"
2018-08-08,,"17,400","17,420","17,850"
2018-08-09,,"17,850","17,520","17,850"
2018-08-10,,"17,850","17,850","18,300"
2018-08-11,,,,
2018-08-12,,,,
2018-08-13,,,,
2018-08-14,,"18,300","18,800","18,780"
2018-08-15,,"18,780","18,500","18,220"
2018-08-16,,"18,220","18,220","18,200"
2018-08-17,,"18,200","18,200","18,000"
2018-08-18,,,,
2018-08-19,,,,
2018-08-20,,"18,000","18,060","18,000"
2018-08-21,,,,
2018-08-22,,,,
2018-08-23,,"18,000","17,740","18,000"
2018-08-24,,"18,000","17,980","17,970"
2018-08-25,,,,
2018-08-26,,,,
2018-08-27,,"17,970","17,970","17,970"
2018-08-28,,"17,970","17,900","17,900"
2018-08-29,,"17,900","17,800","17,790"
2018-08-30,,"17,790","17,510","17,590"
2018-08-31,,"17,590","17,780","17,640"
2018-09-01,,,,
2018-09-02,,,,
2018-09-03,,"17,640","17,490","17,250"
2018-09-04,,"17,250","17,050","16,900"
2018-09-05,,,,
2018-09-06,,"17,000","17,000","16,980"
2018-09-07,,"16,980","16,960","17,390"
2018-09-08,,,,
2018-09-09,,,,
2018-09-10,,,,
2018-09-11,,,,
2018-09-12,,"17,500","17,400","17,350"
2018-09-13,,"17,350","17,050","16,990"
2018-09-14,,"16,990","16,420","16,800"
2018-09-15,,,,
2018-09-16,,,,
2018-09-17,,"16,800","17,300","16,900"
2018-09-18,,"16,900","16,800","16,970"
2018-09-19,,"16,970","17,100","16,850"
2018-09-20,,"16,850","16,850","16,850"
2018-09-21,,"16,850","16,500","16,690"
2018-09-22,,,,
2018-09-23,,,,
2018-09-24,,"16,690","16,800","16,680"
2018-09-25,,"16,680","16,670","16,600"
2018-09-26,,"16,600","16,600","16,570"
2018-09-27,,"16,570","16,600","16,500"
2018-09-28,,"16,500","16,500","16,500"
2018-09-29,,,,
2018-09-30,,,,
2018-10-01,,"16,500","16,500","16,480"
2018-10-02,,"16,480","16,310","16,500"
2018-10-03,,"16,500","16,500","16,320"
2018-10-04,,"16,320","16,320","16,300"
2018-10-05,,"16,300","16,400","16,200"
2018-10-06,,,,
2018-10-07,,,,
2018-10-08,,"16,200","16,300","16,300"
2018-10-09,,"16,300","16,300","16,290"
2018-10-10,,"16,290","16,290","16,300"
2018-10-11,,,,
2018-10-12,,"16,280","16,250","16,230"
2018-10-13,,,,
2018-10-14,,,,
2018-10-15,,,,
2018-10-16,,"16,230","16,180","16,210"
2018-10-17,,"16,210","16,210","16,210"
2018-10-18,,"16,210","16,160","16,130"
2018-10-19,,"16,130","16,150","16,000"
2018-10-20,,,,
2018-10-21,,,,
2018-10-22,,"16,000","16,000","16,190"
2018-10-23,,"16,190","16,190","16,660"
2018-10-24,,"16,660","17,000","16,500"
2018-10-25,,"16,500","16,330","16,250"
2018-10-26,,"16,250","16,480","16,250"
2018-10-27,,,,
2018-10-28,,,,
2018-10-29,,"16,250","16,140","16,300"
2018-10-30,,"16,300","16,150","16,150"
2018-10-31,,"16,150","16,200","16,300"
2018-11-01,,"16,300","16,300","16,300"
2018-11-02,,"16,300","16,250","16,250"
2018-11-03,,,,
2018-11-04,,,,
2018-11-05,,"16,250","16,200","16,200"
2018-11-06,,"16,200","16,200","16,000"
2018-11-07,,"16,000","16,000","15,990"
2018-11-08,,"15,990","15,990","16,000"
2018-11-09,,"16,000","16,300","16,150"
2018-11-10,,,,
2018-11-11,,,,
2018-11-12,,"16,150","16,160","16,100"
2018-11-13,,"16,100","16,010","15,990"
2018-11-14,,"15,990","15,950","15,950"
2018-11-15,,"15,950","15,950","15,800"
2018-11-16,,"15,800","15,800","15,680"
2018-11-17,,,,
2018-11-18,,,,
2018-11-19,,"15,680","15,650","15,640"
2018-11-20,,,,
2018-11-21,,,,
2018-11-22,,"15,680","15,680","15,600"
2018-11-23,,"15,600","15,550","15,900"
2018-11-24,,,,
2018-11-25,,,,
2018-11-26,,"15,900","15,900","15,900"
2018-11-27,,"15,900","15,900","15,890"
2018-11-28,,"15,890","15,630","15,890"
2018-11-29,,"15,890","15,900","16,000"
2018-11-30,,"16,000","16,000","15,950"
2018-12-01,,,,
2018-12-02,,,,
2018-12-03,,"15,950","15,950","15,900"
2018-12-04,,"15,900","15,900","15,800"
2018-12-05,,"15,800","15,600","15,750"
2018-12-06,,"15,750","15,900","15,890"
2018-12-07,,"15,890","15,890","15,600"
2018-12-08,,,,
2018-12-09,,,,
2018-12-10,,"15,600","15,850","15,600"
2018-12-11,,"15,600","15,500","15,600"
2018-12-12,,"15,600","15,850","15,610"
2018-12-13,,"15,610","15,620","15,500"
2018-12-14,,"15,500","15,600","15,550"
2018-12-15,,,,
2018-12-16,,,,
2018-12-17,,"15,550","15,550","15,500"
2018-12-18,,,,
2018-12-19,,"15,700","15,500","15,700"
2018-12-20,,"15,700","15,700","15,500"
2018-12-21,,"15,500","15,550","15,600"
2018-12-22,,,,
2018-12-23,,,,
2018-12-24,,"15,600","15,590","15,500"
2018-12-25,,"15,500","15,550","15,500"
2018-12-26,,"15,500","15,380","15,490"
2018-12-27,,"15,490","15,490","15,550"
2018-12-28,,"15,550","15,550","15,850"
2018-12-29,,,,
2018-12-30,,,,
2018-12-31,,"15,850","15,900","15,950"
2019-01-01,,,,
2019-01-02,,"15,950","15,700","15,730"
2019-01-03,,"15,730","15,730","15,850"
2019-01-04,,"15,850","15,900","15,790"
2019-01-05,,,,
2019-01-06,,,,
2019-01-07,,"15,790","15,350","15,790"
2019-01-08,,"15,790","15,810","15,700"
2019-01-09,,,,
2019-01-10,,"15,750","15,750","15,700"
2019-01-11,,"15,700","15,700","15,700"
2019-01-12,,,,
2019-01-13,,,,
2019-01-14,,,,
2019-01-15,,"15,700","15,700","15,700"
2019-01-16,,"15,700","16,090","15,700"
2019-01-17,,"15,700","15,420","15,550"
2019-01-18,,"15,550","15,740","15,530"
2019-01-19,,,,
2019-01-20,,,,
2019-01-21,,"15,530","15,550","15,500"
2019-01-22,,"15,500","15,440","15,450"
2019-01-23,,"15,450","16,140","15,950"
2019-01-24,,"15,950","15,950","15,950"
2019-01-25,,"15,950","15,860","15,500"
2019-01-26,,,,
2019-01-27,,,,
2019-01-28,,"15,500","15,550","15,800"
2019-01-29,,"15,800","15,950","15,890"
2019-01-30,,"15,890","15,960","15,940"
2019-01-31,,"15,940","15,950","16,400"
2019-02-01,,"16,400","16,400","16,340"
2019-02-02,,,,
2019-02-03,,,,
2019-02-04,,"16,340","16,340","16,280"
2019-02-05,,"16,280","16,100","16,180"
2019-02-06,,,,
2019-02-07,,,,
2019-02-08,,"16,190","16,190","16,200"
2019-02-09,,,,
2019-02-10,,,,
2019-02-11,,,,
2019-02-12,,,,
2019-02-13,,"16,150","16,290","16,290"
2019-02-14,,"16,290","16,200","16,200"
2019-02-15,,"16,200","16,100","16,170"
2019-02-16,,,,
2019-02-17,,,,
2019-02-18,,"16,170","16,170","16,100"
2019-02-19,,"16,100","16,020","16,040"
2019-02-20,,"16,040","16,040","15,910"
2019-02-21,,"15,910","16,000","15,960"
2019-02-22,,,,
2019-02-23,,,,
2019-02-24,,,,
2019-02-25,,"16,000","16,000","16,000"
2019-02-26,,"16,000","15,940","16,000"
2019-02-27,,"16,000","15,810","15,900"
2019-02-28,,"15,900","15,840","15,900"
2019-03-01,,"15,900","15,890","15,880"
2019-03-02,,,,
2019-03-03,,,,
2019-03-04,,"15,880","15,600","15,650"
2019-03-05,,"15,650","15,690","15,680"
2019-03-06,,"15,680","15,880","15,860"
2019-03-07,,"15,860","15,780","15,600"
2019-03-08,,"15,600","15,510","15,600"
2019-03-09,,,,
2019-03-10,,,,
2019-03-11,,"15,600","15,500","15,500"
2019-03-12,,"15,500","15,500","15,470"
2019-03-13,,"15,470","15,040","15,250"
2019-03-14,,"15,250","15,050","15,250"
2019-03-15,,"15,250","15,340","15,300"
2019-03-16,,,,
2019-03-17,,,,
2019-03-18,,"15,300","15,300","15,250"
2019-03-19,,"15,250","15,250","15,250"
2019-03-20,,,,
2019-03-21,,"15,250","15,330","15,130"
2019-03-22,,"15,130","15,200","15,150"
2019-03-23,,,,
2019-03-24,,,,
2019-03-25,,"15,150","15,290","15,260"
2019-03-26,,"15,260","15,330","15,500"
2019-03-27,,"15,500","15,550","15,200"
2019-03-28,,,,
2019-03-29,,"15,250","15,440","15,150"
2019-03-30,,,,
2019-03-31,,,,
2019-04-01,,"15,150","15,100","15,190"
2019-04-02,,"15,190","15,200","15,310"
2019-04-03,,"15,310","15,480","15,200"
2019-04-04,,"15,200","15,300","15,480"
2019-04-05,,"15,480","15,490","15,240"
2019-04-06,,,,
2019-04-07,,,,
2019-04-08,,"15,240","15,240","15,240"
2019-04-09,,,,
2019-04-10,,"15,240","15,240","15,170"
2019-04-11,,"15,170","15,170","15,050"
2019-04-12,,"15,050","15,050","15,940"
2019-04-13,,,,
2019-04-14,,,,
2019-04-15,,"15,940","15,920","15,940"
2019-04-16,,"15,940","15,990","15,730"
2019-04-17,,"15,730","15,970","16,130"
2019-04-18,,"16,130","16,110","16,100"
2019-04-19,,"16,100","16,100","16,100"
2019-04-20,,,,
2019-04-21,,,,
2019-04-22,,"16,100","15,930","15,800"
2019-04-23,,"15,800","16,000","15,970"
2019-04-24,,"15,970","15,940","15,600"
2019-04-25,,"15,600","15,600","15,500"
2019-04-26,,"15,500","15,500","15,700"
2019-04-27,,,,
2019-04-28,,,,
2019-04-29,,"15,700","15,740","15,680"
2019-04-30,,"15,680","15,300","15,650"
2019-05-01,,,,
2019-05-02,,"15,650","15,640","15,650"
2019-05-03,,"15,650","15,650","15,550"
2019-05-04,,,,
2019-05-05,,,,
2019-05-06,,"15,550","15,590","15,220"
2019-05-07,,"15,220","15,500","15,300"
2019-05-08,,"15,300","15,730","15,300"
2019-05-09,,"15,300","15,250","15,600"
2019-05-10,,"15,600","15,500","15,500"
2019-05-11,,,,
2019-05-12,,,,
2019-05-13,,"15,500","15,500","15,600"
2019-05-14,,"15,600","15,600","15,500"
2019-05-15,,"15,500","15,500","15,330"
2019-05-16,,"15,330","15,330","15,580"
2019-05-17,,"15,580","15,580","15,730"
2019-05-18,,,,
2019-05-19,,,,
2019-05-20,,"15,730","15,730","15,500"
2019-05-21,,"15,500","15,600","15,700"
2019-05-22,,"15,700","15,790","15,790"
2019-05-23,,"15,790","15,790","15,750"
2019-05-24,,"15,750","15,750","15,700"
2019-05-25,,,,
2019-05-26,,,,
2019-05-27,,"15,700","15,700","15,590"
2019-05-28,,"15,590","15,610","15,660"
2019-05-29,,"15,660","15,660","15,660"
2019-05-30,,"15,660","15,800","15,690"
2019-05-31,,"15,690","15,750","15,600"
2019-06-01,,,,
2019-06-02,,,,
2019-06-03,,"15,600","15,750","15,600"
2019-06-04,,,,
2019-06-05,,,,
2019-06-06,,,,
2019-06-07,,"15,600","15,600","15,600"
2019-06-08,,,,
2019-06-09,,,,
2019-06-10,,"15,600","15,590","15,450"
2019-06-11,,,,
2019-06-12,,"15,550","15,600","15,600"
2019-06-13,,"15,600","15,780","15,450"
2019-06-14,,"15,450","15,650","15,660"
2019-06-15,,,,
2019-06-16,,,,
2019-06-17,,"15,660","15,600","15,680"
2019-06-18,,"15,680","15,500","15,640"
2019-06-19,,"15,640","15,630","15,630"
2019-06-20,,"15,630","15,640","15,640"
2019-06-21,,"15,310","15,600","15,490"
2019-06-22,,,,
2019-06-23,,,,
2019-06-24,,"15,490","15,490","15,470"
2019-06-25,,"15,470","15,550","15,450"
2019-06-26,,"15,450","15,410","15,300"
2019-06-27,,"15,300","15,400","15,030"
2019-06-28,,"15,030","15,450","15,240"
2019-06-29,,,,
2019-06-30,,,,
2019-07-01,,"15,240","15,450","15,450"
2019-07-02,,"15,450","15,440","15,400"
2019-07-03,,"15,400","15,500","15,550"
2019-07-04,,"15,550","15,590","15,520"
2019-07-05,,"15,520","15,400","15,400"
2019-07-06,,,,
2019-07-07,,,,
2019-07-08,,"15,400","15,600","15,390"
2019-07-09,,"15,390","15,400","15,400"
2019-07-10,,"15,400","15,450","15,400"
2019-07-11,,"15,400","15,480","15,400"
2019-07-12,,"15,400","15,400","15,350"
2019-07-13,,,,
2019-07-14,,,,
2019-07-15,,"15,350","15,330","15,300"
2019-07-16,,"15,300","15,350","15,300"
2019-07-17,,"15,300","15,200","15,210"
2019-07-18,,"15,210","15,300","15,300"
2019-07-19,,"15,300","15,300","15,200"
2019-07-20,,,,
2019-07-21,,,,
2019-07-22,,"15,200","15,200","15,300"
2019-07-23,,"15,300","15,440","15,300"
2019-07-24,,,,
2019-07-25,,,,
2019-07-26,,"15,300","15,300","15,300"
2019-07-27,,,,
2019-07-28,,,,
2019-07-29,,,,
2019-07-30,,"15,300","15,300","15,250"
2019-07-31,,"15,250","15,250","15,250"
2019-08-01,,"15,250","15,200","15,300"
2019-08-02,,"15,300","15,300","15,300"
2019-08-03,,,,
2019-08-04,,,,
2019-08-05,,"15,300","15,300","15,300"
2019-08-06,,"15,300","15,210","15,210"
2019-08-07,,"15,210","15,300","15,280"
2019-08-08,,"15,280","15,250","15,260"
2019-08-09,,"15,260","15,260","15,260"
2019-08-10,,,,
2019-08-11,,,,
2019-08-12,,,,
2019-08-13,,,,
2019-08-14,,"15,260","15,260","15,300"
2019-08-15,,"15,300","15,300","15,300"
2019-08-16,,"15,300","15,280","15,280"
2019-08-17,,,,
2019-08-18,,,,
2019-08-19,,"15,280","15,280","15,280"
2019-08-20,,"15,280","15,200","15,260"
2019-08-21,,"15,260","15,200","15,260"
2019-08-22,,"15,260","15,200","15,200"
2019-08-23,,"15,200","15,200","15,190"
2019-08-24,,,,
2019-08-25,,,,
2019-08-26,,"15,190","15,150","15,200"
2019-08-27,,"15,200","15,110","15,100"
2019-08-28,,"15,100","15,060","15,150"
2019-08-29,,"15,150","15,150","15,100"
2019-08-30,,"15,100","14,900","14,950"
2019-08-31,,,,
2019-09-01,,,,
2019-09-02,,"14,950","14,610","14,740"
2019-09-03,,"14,740","14,500","14,720"
2019-09-04,,"14,720","14,720","14,720"
2019-09-05,,"14,720","14,600","14,580"
2019-09-06,,"14,580","14,550","14,400"
2019-09-07,,,,
2019-09-08,,,,
2019-09-09,,,,
2019-09-10,,,,
2019-09-11,,"14,400","14,500","14,710"
2019-09-12,,"14,710","14,710","14,580"
2019-09-13,,"14,580","14,700","14,550"
2019-09-14,,,,
2019-09-15,,,,
2019-09-16,,"14,550","14,520","14,500"
2019-09-17,,"14,500","14,550","14,500"
2019-09-18,,"14,500","14,500","14,300"
2019-09-19,,"14,300","14,300","14,250"
2019-09-20,,"14,250","14,290","14,200"
2019-09-21,,,,
2019-09-22,,,,
2019-09-23,,"14,200","14,200","13,980"
2019-09-24,,"13,980","13,980","13,780"
2019-09-25,,"13,780","13,800","13,950"
2019-09-26,,"13,950","13,800","14,150"
2019-09-27,,"14,150","14,200","14,180"
2019-09-28,,,,
2019-09-29,,,,
2019-09-30,,"14,180","14,290","14,100"
2019-10-01,,"14,100","14,010","14,250"
2019-10-02,,"14,250","13,830","14,240"
2019-10-03,,"14,240","14,250","14,240"
2019-10-04,,"14,240","13,900","14,200"
2019-10-05,,,,
2019-10-06,,,,
2019-10-07,,"14,200","14,200","14,150"
2019-10-08,,"14,150","14,090","14,090"
2019-10-09,,"14,090","14,050","14,050"
2019-10-10,,"14,050","14,050","14,050"
2019-10-11,,"14,050","14,050","14,000"
2019-10-12,,,,
2019-10-13,,,,
2019-10-14,,"14,000","14,150","14,090"
2019-10-15,,,,
2019-10-16,,"14,090","14,150","14,150"
2019-10-17,,"14,150","14,150","14,150"
2019-10-18,,"14,150","14,140","14,150"
2019-10-19,,,,
2019-10-20,,,,
2019-10-21,,"14,150","14,150","14,200"
2019-10-22,,"14,200","14,200","14,150"
2019-10-23,,"14,150","14,200","14,150"
2019-10-24,,"14,150","14,130","14,000"
2019-10-25,,"14,000","14,200","14,090"
2019-10-26,,,,
2019-10-27,,,,
2019-10-28,,"14,090","14,090","14,000"
2019-10-29,,"14,000","14,000","14,000"
2019-10-30,,"14,000","13,610","13,900"
2019-10-31,,"13,900","14,000","13,990"
2019-11-01,,"13,990","13,990","13,990"
2019-11-02,,,,
2019-11-03,,,,
2019-11-04,,"13,990","13,580","13,990"
2019-11-05,,"13,990","13,800","13,830"
2019-11-06,,"13,830","13,850","13,790"
2019-11-07,,"13,790","13,750","13,700"
2019-11-08,,"13,700","13,700","13,790"
2019-11-09,,,,
2019-11-10,,,,
2019-11-11,,"13,790","13,500","13,700"
2019-11-12,,"13,700","13,700","13,700"
2019-11-13,,"13,700","13,750","13,680"
2019-11-14,,"13,680","13,680","13,670"
2019-11-15,,"13,670","13,670","13,650"
2019-11-16,,,,
2019-11-17,,,,
2019-11-18,,"13,650",,
2019-11-19,,"13,650","13,610","13,680"
2019-11-20,,"13,680","13,750","13,660"
2019-11-21,,"13,660","13,670","13,670"
2019-11-22,,"13,670","13,420","13,500"
2019-11-23,,,,
2019-11-24,,,,
2019-11-25,,"13,500","13,550","13,420"
2019-11-26,,"13,420","13,400","13,500"
2019-11-27,,"13,500","13,500","13,640"
2019-11-28,,"13,640","13,650","13,650"
2019-11-29,,"13,650","13,650","13,650"
2019-11-30,,,,
2019-12-01,,,,
2019-12-02,,"13,650","13,650","13,600"
2019-12-03,,"13,600","13,590","13,600"
2019-12-04,,"13,600","13,700","13,500"
2019-12-05,,"13,500","13,700","13,550"
2019-12-06,,"13,550","13,700","13,500"
2019-12-07,,,,
2019-12-08,,,,
2019-12-09,,"13,500","13,700","13,500"
2019-12-10,,"13,500","13,500","13,400"
2019-12-11,,"13,400","13,400","13,500"
2019-12-12,,"13,500","13,450","13,400"
2019-12-13,,"13,400","13,400","13,400"
2019-12-14,,,,
2019-12-15,,,,
2019-12-16,,"13,400","13,400","13,350"
2019-12-17,,"13,350","13,400","13,200"
2019-12-18,,"13,200","13,250","13,120"
2019-12-19,,"13,120","13,120","13,290"
2019-12-20,,"13,290","13,300","13,290"
2019-12-21,,,,
2019-12-22,,,,
2019-12-23,,"13,290","13,290","13,280"
2019-12-24,,"13,280","13,280","13,280"
2019-12-25,,"13,280","13,300","13,200"
2019-12-26,,"13,200","13,200","13,400"
2019-12-27,,"13,400","13,500","13,200"
2019-12-28,,,,
2019-12-29,,,,
2019-12-30,,"13,200","13,350","13,750"
2019-12-31,,"13,750","13,800","13,510"
2020-01-01,,,,
2020-01-02,,"13,510","13,500","13,300"
2020-01-03,,"13,300","13,700","13,400"
2020-01-04,,,,
2020-01-05,,,,
2020-01-06,,"13,400","13,300","13,200"
2020-01-07,,"13,200","13,200","13,000"
2020-01-08,,"13,000","13,250","13,000"
2020-01-09,,"13,000","13,000","13,390"
2020-01-10,,"13,390","13,300","13,150"
2020-01-11,,,,
2020-01-12,,,,
2020-01-13,,"13,150","13,160","13,480"
2020-01-14,,,,
2020-01-15,,"13,480","13,490","13,470"
2020-01-16,,"13,470","13,470","13,440"
2020-01-17,,"13,440","13,480","13,650"
2020-01-18,,,,
2020-01-19,,,,
2020-01-20,,"13,650","13,670","13,890"
2020-01-21,,"13,890","13,850","13,700"
2020-01-22,,"13,700","13,700","13,950"
2020-01-23,,"13,950","14,000","13,900"
2020-01-24,,"13,900","13,900","13,900"
2020-01-25,,,,
2020-01-26,,,,
2020-01-27,,"13,900","13,880","13,800"
2020-01-28,,"13,800","13,700","13,890"
2020-01-29,,"13,890","13,700","13,850"
2020-01-30,,"13,850","13,850","13,850"
2020-01-31,,"13,850","13,850","13,750"
2020-02-01,,,,
2020-02-02,,,,
2020-02-03,,"13,750","13,750","14,000"
2020-02-04,,"14,000","14,000","13,800"
2020-02-05,,"13,800","14,000","13,950"
2020-02-06,,"13,950","13,950","13,900"
2020-02-07,,"13,900","13,900","13,900"
2020-02-08,,,,
2020-02-09,,,,
2020-02-10,,"13,900","13,800","13,800"
2020-02-11,,"13,800","13,890","13,890"
2020-02-12,,"13,890","13,900","14,300"
2020-02-13,,"14,300","14,940","14,900"
2020-02-14,,"14,900","15,000","14,960"
2020-02-15,,,,
2020-02-16,,,,
2020-02-17,,,,
2020-02-18,,,,
2020-02-19,,,,
2020-02-20,,,,
2020-02-21,,,,
2020-02-22,,,,
2020-02-23,,,,
2020-02-24,,,,
2020-02-25,,,,
2020-02-26,,"14,740","14,800","14,640"
2020-02-27,,,,
2020-02-28,,,,
2020-02-29,,,,
2020-03-01,,,,
2020-03-02,,,,
2020-03-03,,,,
2020-03-04,,,,
2020-03-05,,"14,600","14,600","14,500"
2020-03-06,,"14,500","14,480","14,450"
2020-03-07,,,,
2020-03-08,,,,
2020-03-09,,"14,450","14,280","14,020"
2020-03-10,,"14,020","13,850","14,090"
2020-03-11,,"14,090","14,100","13,900"
2020-03-12,,"13,900","13,800","13,590"
2020-03-13,,"13,490","13,470","13,100"
2020-03-14,,,,
2020-03-15,,,,
2020-03-16,,"13,100","12,800","12,420"
2020-03-17,,"12,420","12,050","12,050"
2020-03-18,,"12,050","11,690","11,690"
2020-03-19,,"11,690","12,040","11,340"
2020-03-20,,,,
2020-03-21,,,,
2020-03-22,,,,
2020-03-23,,"11,340","11,330","11,300"
2020-03-24,,"11,300","11,600","11,350"
2020-03-25,,"11,350","11,350","11,690"
2020-03-26,,"11,690","12,030","11,900"
2020-03-27,,"11,900","11,950","11,800"
2020-03-28,,,,
2020-03-29,,,,
2020-03-30,,"11,800","11,800","11,800"
2020-03-31,,"11,800","11,800","11,980"
2020-04-01,,"11,980","11,630","11,970"
2020-04-02,,"11,970","11,630","11,900"
2020-04-03,,"11,900","11,550","11,550"
2020-04-04,,,,
2020-04-05,,,,
2020-04-06,,"11,550","11,210","11,210"
2020-04-07,,"11,210","10,910","11,450"
2020-04-08,,"11,450","11,400","11,110"
2020-04-09,,,,
2020-04-10,,,,
2020-04-11,,,,
2020-04-12,,,,
2020-04-13,,"11,110","11,000","11,400"
2020-04-14,,"11,400","11,500","11,100"
2020-04-15,,"11,100","11,300","11,290"
2020-04-16,,"11,290","11,480","11,300"
2020-04-17,,"11,300","11,360","11,280"
2020-04-18,,,,
2020-04-19,,,,
2020-04-20,,"11,280","11,500","11,100"
2020-04-21,,"11,100","11,390","11,200"
2020-04-22,,"11,200","11,000","11,250"
2020-04-23,,"11,250","11,350","11,250"
2020-04-24,,"11,250","11,190","11,200"
2020-04-25,,,,
2020-04-26,,,,
2020-04-27,,"11,200","11,000","11,000"
2020-04-28,,"11,000","10,970","10,690"
2020-04-29,,"10,690","10,900","10,750"
2020-04-30,,"10,750","10,750","10,430"
2020-05-01,,,,
2020-05-02,,,,
2020-05-03,,,,
2020-05-04,,"10,430","10,430","10,430"
2020-05-05,,"10,430","10,430","10,430"
2020-05-06,,"10,430","10,400","10,120"
2020-05-07,,"10,120","10,100","10,080"
2020-05-08,,"10,080","10,350","10,000"
2020-05-09,,,,
2020-05-10,,,,
2020-05-11,,"10,000","9,700","9,700"
2020-05-12,,"9,700","9,700","9,990"
2020-05-13,,"9,990","10,280","9,700"
2020-05-14,,"9,700","9,420","9,590"
2020-05-15,,"9,590","9,590","9,750"
2020-05-16,,,,
2020-05-17,,,,
2020-05-18,,"9,750","9,500","9,850"
2020-05-19,,"9,850","9,800","9,580"
2020-05-20,,"9,580","9,300","9,690"
2020-05-21,,"9,690","9,400","9,700"
2020-05-22,,"9,700","9,700","9,600"
2020-05-23,,,,
2020-05-24,,,,
2020-05-25,,,,
2020-05-26,,"9,600","9,600","9,740"
2020-05-27,,"9,740","9,840","9,720"
2020-05-28,,"9,720","9,700","9,700"
2020-05-29,,"9,700","9,700","9,690"
2020-05-30,,,,
2020-05-31,,,,
2020-06-01,,,,
2020-06-02,,"9,980","9,990","10,270"
2020-06-03,,,,
2020-06-04,,"10,560","10,860","10,560"
2020-06-05,,"10,560","10,540","10,360"
2020-06-06,,,,
2020-06-07,,,,
2020-06-08,,"10,360","10,540","10,360"
2020-06-09,,"10,360","10,480","10,190"
2020-06-10,,"10,190","10,170","10,150"
2020-06-11,,"10,150","10,000","10,370"
2020-06-12,,"10,370","10,350","10,190"
2020-06-13,,,,
2020-06-14,,,,
2020-06-15,,"10,190","10,190","10,200"
2020-06-16,,"10,200","10,200","10,200"
2020-06-17,,"10,200","10,080","10,300"
2020-06-18,,"10,300","10,400","10,420"
2020-06-19,,"10,420","10,330","10,340"
2020-06-20,,,,
2020-06-21,,,,
2020-06-22,,"10,340","10,030","10,150"
2020-06-23,,"10,150","10,300","10,280"
2020-06-24,,"10,280","10,300","10,290"
2020-06-25,,"10,290","10,510","10,350"
2020-06-26,,"10,350","10,400","10,350"
2020-06-27,,,,
2020-06-28,,,,
2020-06-29,,"10,350","10,650","10,450"
2020-06-30,,"10,450","10,300","10,450"
2020-07-01,,"10,450","10,450","10,450"
2020-07-02,,"10,450","10,420","10,000"
2020-07-03,,"10,000","10,010","10,350"
2020-07-04,,,,
2020-07-05,,,,
2020-07-06,,"10,350","10,380","10,380"
2020-07-07,,"10,380","10,280","10,000"
2020-07-08,,"10,000","10,000","10,190"
2020-07-09,,"10,190","10,210","10,200"
2020-07-10,,"10,200","10,240","10,220"
2020-07-11,,,,
2020-07-12,,,,
2020-07-13,,"10,220","10,200","10,170"
2020-07-14,,"10,170","9,990","9,980"
2020-07-15,,"9,980","9,970","9,980"
2020-07-16,,"9,980","10,100","10,150"
2020-07-17,,"10,150","10,180","10,150"
2020-07-18,,,,
2020-07-19,,,,
2020-07-20,,"10,150","10,020","10,140"
2020-07-21,,"10,140","10,140","10,000"
2020-07-22,,"10,000","10,150","10,230"
2020-07-23,,"10,230","10,220","10,420"
2020-07-24,,"10,420","10,400","10,420"
2020-07-25,,,,
2020-07-26,,,,
2020-07-27,,"10,420","10,420","10,700"
2020-07-28,,"10,700","10,700","11,000"
2020-07-29,,"11,000","11,300","11,100"
2020-07-30,,"11,100","11,100","11,300"
2020-07-31,,,,
2020-08-01,,,,
2020-08-02,,,,
2020-08-03,,"11,300","11,400","11,420"
2020-08-04,,"11,420","11,630","11,880"
2020-08-05,,"11,880","12,200","11,840"
2020-08-06,,"11,840","11,750","11,690"
2020-08-07,,"11,690","11,700","11,980"
2020-08-08,,,,
2020-08-09,,,,
2020-08-10,,"11,980","12,500","12,500"
2020-08-11,,"12,500","12,500","12,750"
2020-08-12,,"12,750","12,750","12,750"
2020-08-13,,,,
2020-08-14,,"12,750","12,750","12,500"
2020-08-15,,,,
2020-08-16,,,,
2020-08-17,,"12,500","12,670","12,540"
2020-08-18,,"12,540","12,540","12,590"
2020-08-19,,"12,590","12,600","12,680"
2020-08-20,,,,
2020-08-21,,"12,680","12,680","12,800"
2020-08-22,,,,
2020-08-23,,,,
2020-08-24,,"12,800","12,750","12,700"
2020-08-25,,"12,700","12,700","13,000"
2020-08-26,,"13,000","13,000","12,900"
2020-08-27,,"12,900","12,900","12,900"
2020-08-28,,"12,900","12,970","13,000"
2020-08-29,,,,
2020-08-30,,,,
2020-08-31,,"13,000","13,100","12,900"
2020-09-01,,"12,900","13,000","12,610"
2020-09-02,,"12,610","12,960","12,900"
2020-09-03,,"12,900","12,900","12,900"
2020-09-04,,"12,900","12,890","12,880"
2020-09-05,,,,
2020-09-06,,,,
2020-09-07,,"12,880","12,790","12,790"
2020-09-08,,"12,790","12,750","12,700"
2020-09-09,,"12,700","12,350","12,680"
2020-09-10,,"12,680","12,590","12,400"
2020-09-11,,"12,400","12,150","12,400"
2020-09-12,,,,
2020-09-13,,,,
2020-09-14,,"12,400","12,030","12,380"
2020-09-15,,"12,380","12,370","12,400"
2020-09-16,,"12,400","12,350","12,400"
2020-09-17,,"12,400","12,200","12,200"
2020-09-18,,"12,200","12,200","12,230"
2020-09-19,,,,
2020-09-20,,,,
2020-09-21,,"12,230","12,300","12,150"
2020-09-22,,"12,150","12,000","11,980"
2020-09-23,,"11,980","12,000","12,200"
2020-09-24,,"12,200","12,200","12,200"
2020-09-25,,"12,200","12,190","12,290"
2020-09-26,,,,
2020-09-27,,,,
2020-09-28,,,,
2020-09-29,,,,
2020-09-30,,,,
2020-10-01,,,,
2020-10-02,,,,
2020-10-03,,,,
2020-10-04,,,,
2020-10-05,,,,
2020-10-06,,,,
2020-10-07,,,,
2020-10-08,,,,
2020-10-09,,,,
2020-10-10,,,,
2020-10-11,,,,
2020-10-12,,,,
2020-10-13,,,,
2020-10-14,,,,
2020-10-15,,,,
2020-10-16,,,,
2020-10-17,,,,
2020-10-18,,,,
2020-10-19,,,,
2020-10-20,,,,
2020-10-21,,,,
2020-10-22,,,,
2020-10-23,,,,
2020-10-24,,,,
2020-10-25,,,,
2020-10-26,,,,
2020-10-27,,,,
2020-10-28,,,,
2020-10-29,,,,
2020-10-30,,,,
2020-10-31,,,,
2020-11-01,,,,
2020-11-02,,,,
2020-11-03,,,,
2020-11-04,,,,
2020-11-05,,,,
2020-11-06,,,,
2020-11-07,,,,
2020-11-08,,,,
2020-11-09,,,,
2020-11-10,,,,
2020-11-11,,,,
2020-11-12,,,,
2020-11-13,,,,
2020-11-14,,,,
2020-11-15,,,,
2020-11-16,,,,
2020-11-17,,,,
2020-11-18,,,,
2020-11-19,,,,
2020-11-20,,,,
2020-11-21,,,,
2020-11-22,,,,
2020-11-23,,,,
2020-11-24,,,,
2020-11-25,,,,
2020-11-26,,,,
2020-11-27,,,,
2020-11-28,,,,
2020-11-29,,,,
2020-11-30,,,,
2020-12-01,,,,
2020-12-02,,,,
2020-12-03,,,,
2020-12-04,,,,
2020-12-05,,,,
2020-12-06,,,,
2020-12-07,,,,
2020-12-08,,,,
2020-12-09,,,,
2020-12-10,,,,
2020-12-11,,,,
2020-12-12,,,,
2020-12-13,,,,
2020-12-14,,,,
2020-12-15,,,,
2020-12-16,,,,
2020-12-17,,,,
2020-12-18,,,,
2020-12-19,,,,
2020-12-20,,,,
2020-12-21,,,,
2020-12-22,,,,
2020-12-23,,,,
2020-12-24,,,,
2020-12-25,,,,
2020-12-26,,,,
2020-12-27,,,,
2020-12-28,,,,
2020-12-29,,,,
2020-12-30,,,,
2020-12-31,,,,
