,SOTETEL,ref,ouverture,cloture
2018-01-01,,,,
2018-01-02,,,,
2018-01-03,,"2,810","2,820","2,820"
2018-01-04,,"2,820","2,890","2,880"
2018-01-05,,"2,880","2,870","2,880"
2018-01-06,,,,
2018-01-07,,,,
2018-01-08,,"2,880",,
2018-01-09,,"2,880","2,880","2,800"
2018-01-10,,"2,800","2,880","2,800"
2018-01-11,,"2,800","2,790","2,840"
2018-01-12,,,,
2018-01-13,,,,
2018-01-14,,,,
2018-01-15,,"2,840",,
2018-01-16,,,,
2018-01-17,,,,
2018-01-18,,,,
2018-01-19,,,,
2018-01-20,,,,
2018-01-21,,,,
2018-01-22,,,,
2018-01-23,,,,
2018-01-24,,,,
2018-01-25,,,,
2018-01-26,,"2,800","2,800","2,880"
2018-01-27,,,,
2018-01-28,,,,
2018-01-29,,,,
2018-01-30,,,,
2018-01-31,,,,
2018-02-01,,,,
2018-02-02,,,,
2018-02-03,,,,
2018-02-04,,,,
2018-02-05,,,,
2018-02-06,,,,
2018-02-07,,,,
2018-02-08,,,,
2018-02-09,,,,
2018-02-10,,,,
2018-02-11,,,,
2018-02-12,,,,
2018-02-13,,,,
2018-02-14,,,,
2018-02-15,,,,
2018-02-16,,,,
2018-02-17,,,,
2018-02-18,,,,
2018-02-19,,,,
2018-02-20,,"2,830","2,800","2,830"
2018-02-21,,"2,830","2,750","2,790"
2018-02-22,,,,
2018-02-23,,,,
2018-02-24,,,,
2018-02-25,,,,
2018-02-26,,,,
2018-02-27,,,,
2018-02-28,,,,
2018-03-01,,,,
2018-03-02,,,,
2018-03-03,,,,
2018-03-04,,,,
2018-03-05,,,,
2018-03-06,,,,
2018-03-07,,"2,780","2,840","2,850"
2018-03-08,,"2,850","2,900","2,890"
2018-03-09,,"2,890","2,770","2,800"
2018-03-10,,,,
2018-03-11,,,,
2018-03-12,,"2,800","2,850","2,840"
2018-03-13,,"2,840","2,910","2,860"
2018-03-14,,"2,860","2,790","2,790"
2018-03-15,,"2,790","2,740","2,790"
2018-03-16,,"2,790","2,790","2,850"
2018-03-17,,,,
2018-03-18,,,,
2018-03-19,,"2,850","2,780","2,780"
2018-03-20,,,,
2018-03-21,,"2,780","2,730","2,790"
2018-03-22,,"2,790","2,730","2,720"
2018-03-23,,"2,720","2,790","2,790"
2018-03-24,,,,
2018-03-25,,,,
2018-03-26,,"2,790","2,740","2,750"
2018-03-27,,"2,750","2,790","2,740"
2018-03-28,,"2,740","2,790","2,780"
2018-03-29,,"2,780","2,730","2,760"
2018-03-30,,"2,760","2,710","2,760"
2018-03-31,,,,
2018-04-01,,,,
2018-04-02,,"2,760","2,690","2,700"
2018-04-03,,"2,700","2,680","2,630"
2018-04-04,,"2,630","2,630","2,740"
2018-04-05,,"2,740","2,660","2,700"
2018-04-06,,"2,700","2,650","2,660"
2018-04-07,,,,
2018-04-08,,,,
2018-04-09,,,,
2018-04-10,,"2,660","2,650","2,610"
2018-04-11,,"2,610","2,650","2,650"
2018-04-12,,"2,650","2,600","2,600"
2018-04-13,,"2,600","2,650","2,650"
2018-04-14,,,,
2018-04-15,,,,
2018-04-16,,"2,650","2,650","2,720"
2018-04-17,,"2,720","2,720","2,790"
2018-04-18,,"2,790","2,840","2,750"
2018-04-19,,"2,750","2,830","2,800"
2018-04-20,,"2,800","2,720","2,750"
2018-04-21,,,,
2018-04-22,,,,
2018-04-23,,"2,750","2,790","2,710"
2018-04-24,,"2,710","2,690","2,730"
2018-04-25,,"2,730","2,660","2,730"
2018-04-26,,"2,730","2,670","2,610"
2018-04-27,,"2,610","2,600","2,560"
2018-04-28,,,,
2018-04-29,,,,
2018-04-30,,"2,560","2,560","2,540"
2018-05-01,,,,
2018-05-02,,"2,540","2,540","2,550"
2018-05-03,,"2,550","2,620","2,550"
2018-05-04,,"2,550","2,620","2,620"
2018-05-05,,,,
2018-05-06,,,,
2018-05-07,,"2,620","2,600","2,600"
2018-05-08,,"2,600","2,620","2,610"
2018-05-09,,"2,610","2,550","2,600"
2018-05-10,,"2,600","2,550","2,600"
2018-05-11,,"2,600","2,510","2,600"
2018-05-12,,,,
2018-05-13,,,,
2018-05-14,,"2,600","2,550","2,590"
2018-05-15,,"2,590","2,530","2,590"
2018-05-16,,"2,590","2,560","2,570"
2018-05-17,,"2,570","2,520","2,590"
2018-05-18,,"2,590","2,590","2,660"
2018-05-19,,,,
2018-05-20,,,,
2018-05-21,,"2,660","2,700","2,780"
2018-05-22,,"2,780","2,860","2,820"
2018-05-23,,"2,820","2,880","2,850"
2018-05-24,,"2,850","2,850","2,930"
2018-05-25,,"2,970",,
2018-05-26,,,,
2018-05-27,,,,
2018-05-28,,"3,100","3,210","3,280"
2018-05-29,,"3,280","3,380","3,470"
2018-05-30,,"3,470","3,550","3,670"
2018-05-31,,"3,670","3,760","3,800"
2018-06-01,,"3,800","3,780","3,670"
2018-06-02,,,,
2018-06-03,,,,
2018-06-04,,"3,670","3,670","3,500"
2018-06-05,,"3,500","3,500","3,700"
2018-06-06,,"3,700","3,790","3,880"
2018-06-07,,,,
2018-06-08,,"3,960","3,930","3,900"
2018-06-09,,,,
2018-06-10,,,,
2018-06-11,,"3,850","3,770","3,910"
2018-06-12,,"3,910","3,920","3,880"
2018-06-13,,"3,880","3,800","3,920"
2018-06-14,,"3,920","3,930","4,100"
2018-06-15,,,,
2018-06-16,,,,
2018-06-17,,,,
2018-06-18,,"4,100","4,200","4,200"
2018-06-19,,"4,200","4,240","4,150"
2018-06-20,,"4,150","4,050","4,030"
2018-06-21,,"4,030","4,000","3,820"
2018-06-22,,"3,820","3,750","3,820"
2018-06-23,,,,
2018-06-24,,,,
2018-06-25,,"3,820","3,710","3,820"
2018-06-26,,"3,820","3,740","3,850"
2018-06-27,,"3,850","3,900","4,080"
2018-06-28,,"4,080","4,090","4,080"
2018-06-29,,"4,080","4,090","3,980"
2018-06-30,,,,
2018-07-01,,,,
2018-07-02,,,,
2018-07-03,,"4,040","4,030","4,000"
2018-07-04,,"4,000","4,000","3,900"
2018-07-05,,"3,900","3,950","3,850"
2018-07-06,,"3,850","3,940","3,850"
2018-07-07,,,,
2018-07-08,,,,
2018-07-09,,"3,830","3,800","3,800"
2018-07-10,,"3,800","3,840","3,830"
2018-07-11,,"3,830","3,880","3,820"
2018-07-12,,"3,820","3,820","3,800"
2018-07-13,,"3,800","3,740","3,750"
2018-07-14,,,,
2018-07-15,,,,
2018-07-16,,"3,750","3,730","3,750"
2018-07-17,,"3,750","3,700","3,740"
2018-07-18,,"3,740","3,730","3,880"
2018-07-19,,"3,880","3,850","3,860"
2018-07-20,,"3,860","3,790","3,900"
2018-07-21,,,,
2018-07-22,,,,
2018-07-23,,"3,900","3,900","3,850"
2018-07-24,,"3,850","3,750","3,800"
2018-07-25,,,,
2018-07-26,,"3,800","3,800","3,760"
2018-07-27,,"3,760","3,850","3,740"
2018-07-28,,,,
2018-07-29,,,,
2018-07-30,,"3,740","3,750","3,900"
2018-07-31,,"3,900","3,900","4,070"
2018-08-01,,"4,070","3,950","3,900"
2018-08-02,,,,
2018-08-03,,,,
2018-08-04,,,,
2018-08-05,,,,
2018-08-06,,"3,900","3,970","3,880"
2018-08-07,,"3,880","3,940","3,900"
2018-08-08,,"3,900","3,850","3,790"
2018-08-09,,"3,790","3,690","3,740"
2018-08-10,,"3,740","3,700","3,730"
2018-08-11,,,,
2018-08-12,,,,
2018-08-13,,,,
2018-08-14,,"3,730","3,720","3,690"
2018-08-15,,"3,690","3,620","3,750"
2018-08-16,,"3,750","3,790","3,680"
2018-08-17,,"3,680","3,730","3,620"
2018-08-18,,,,
2018-08-19,,,,
2018-08-20,,"3,620","3,700","3,790"
2018-08-21,,,,
2018-08-22,,,,
2018-08-23,,"3,790","3,700","3,790"
2018-08-24,,"3,790","3,700","3,900"
2018-08-25,,,,
2018-08-26,,,,
2018-08-27,,"3,900","3,900","3,900"
2018-08-28,,"3,900","3,900","3,790"
2018-08-29,,"3,790","3,800","3,800"
2018-08-30,,"3,800","3,720","3,700"
2018-08-31,,"3,700","3,650","3,750"
2018-09-01,,,,
2018-09-02,,,,
2018-09-03,,"3,750","3,860","3,750"
2018-09-04,,"3,750","3,740","3,640"
2018-09-05,,,,
2018-09-06,,"3,510","3,500","3,500"
2018-09-07,,"3,500","3,600","3,500"
2018-09-08,,,,
2018-09-09,,,,
2018-09-10,,,,
2018-09-11,,,,
2018-09-12,,"3,580","3,420","3,420"
2018-09-13,,"3,420","3,400","3,440"
2018-09-14,,"3,440","3,440","3,340"
2018-09-15,,,,
2018-09-16,,,,
2018-09-17,,"3,340","3,430","3,330"
2018-09-18,,"3,330","3,330","3,370"
2018-09-19,,"3,370","3,380","3,570"
2018-09-20,,"3,570","3,650","3,560"
2018-09-21,,"3,560","3,600","3,500"
2018-09-22,,,,
2018-09-23,,,,
2018-09-24,,"3,500","3,400","3,500"
2018-09-25,,"3,500","3,400","3,500"
2018-09-26,,"3,500","3,400","3,410"
2018-09-27,,"3,410","3,500","3,550"
2018-09-28,,"3,550","3,450","3,640"
2018-09-29,,,,
2018-09-30,,,,
2018-10-01,,"3,640","3,540","3,530"
2018-10-02,,"3,530","3,440","3,440"
2018-10-03,,"3,440","3,530","3,380"
2018-10-04,,"3,380","3,380","3,380"
2018-10-05,,"3,380","3,380","3,390"
2018-10-06,,,,
2018-10-07,,,,
2018-10-08,,"3,390","3,310","3,400"
2018-10-09,,"3,400","3,370","3,300"
2018-10-10,,"3,300","3,270","3,180"
2018-10-11,,,,
2018-10-12,,"3,120","3,200","3,190"
2018-10-13,,,,
2018-10-14,,,,
2018-10-15,,,,
2018-10-16,,"3,190","3,190","3,190"
2018-10-17,,"3,190","3,190","3,250"
2018-10-18,,"3,250","3,250","3,250"
2018-10-19,,"3,250","3,260","3,340"
2018-10-20,,,,
2018-10-21,,,,
2018-10-22,,"3,340","3,350","3,350"
2018-10-23,,"3,350","3,380","3,380"
2018-10-24,,"3,380","3,390","3,350"
2018-10-25,,"3,350",,
2018-10-26,,"3,350","3,200","3,280"
2018-10-27,,,,
2018-10-28,,,,
2018-10-29,,"3,280","3,200","3,180"
2018-10-30,,"3,180","3,070","3,200"
2018-10-31,,"3,200","3,200","3,380"
2018-11-01,,"3,380","3,380","3,370"
2018-11-02,,"3,370","3,450","3,400"
2018-11-03,,,,
2018-11-04,,,,
2018-11-05,,"3,400","3,450","3,350"
2018-11-06,,"3,350","3,250","3,390"
2018-11-07,,"3,390","3,390","3,390"
2018-11-08,,"3,390","3,400","3,360"
2018-11-09,,"3,360","3,260","3,350"
2018-11-10,,,,
2018-11-11,,,,
2018-11-12,,"3,350","3,350","3,320"
2018-11-13,,"3,320","3,390","3,290"
2018-11-14,,"3,290","3,290","3,290"
2018-11-15,,"3,290","3,290","3,300"
2018-11-16,,"3,300","3,230","3,350"
2018-11-17,,,,
2018-11-18,,,,
2018-11-19,,"3,350","3,300","3,250"
2018-11-20,,,,
2018-11-21,,,,
2018-11-22,,"3,220","3,170","3,210"
2018-11-23,,"3,210","3,170","3,260"
2018-11-24,,,,
2018-11-25,,,,
2018-11-26,,"3,260","3,170","3,190"
2018-11-27,,"3,190","3,120","3,380"
2018-11-28,,"3,380","3,530","3,580"
2018-11-29,,"3,580","3,660","3,610"
2018-11-30,,"3,610","3,710","3,620"
2018-12-01,,,,
2018-12-02,,,,
2018-12-03,,"3,620","3,620","3,560"
2018-12-04,,"3,560","3,600","3,450"
2018-12-05,,"3,450","3,550","3,500"
2018-12-06,,"3,500","3,500","3,500"
2018-12-07,,"3,500","3,580","3,480"
2018-12-08,,,,
2018-12-09,,,,
2018-12-10,,"3,480","3,480","3,380"
2018-12-11,,"3,380","3,330","3,580"
2018-12-12,,"3,580","3,680","3,790"
2018-12-13,,"3,790","3,890","4,020"
2018-12-14,,"4,020","4,130","4,250"
2018-12-15,,,,
2018-12-16,,,,
2018-12-17,,"4,260","4,380","4,460"
2018-12-18,,,,
2018-12-19,,"4,680","4,610","4,890"
2018-12-20,,"4,890","5,030","5,120"
2018-12-21,,"5,120","5,000","5,230"
2018-12-22,,,,
2018-12-23,,,,
2018-12-24,,"5,230","5,230","5,400"
2018-12-25,,"5,400","5,380","5,110"
2018-12-26,,"5,110","5,160","5,410"
2018-12-27,,"5,410","5,480","5,730"
2018-12-28,,"5,730","5,900","5,750"
2018-12-29,,,,
2018-12-30,,,,
2018-12-31,,"5,750","5,620","5,740"
2019-01-01,,,,
2019-01-02,,"5,740","5,780","5,820"
2019-01-03,,"5,820","5,820","5,750"
2019-01-04,,"5,750","5,690","5,580"
2019-01-05,,,,
2019-01-06,,,,
2019-01-07,,"5,580","5,420","5,900"
2019-01-08,,"5,900","5,900","5,810"
2019-01-09,,,,
2019-01-10,,"5,850","5,850","6,000"
2019-01-11,,"6,000","6,000","6,300"
2019-01-12,,,,
2019-01-13,,,,
2019-01-14,,,,
2019-01-15,,"6,300","6,200","6,610"
2019-01-16,,"6,610","6,460","6,600"
2019-01-17,,"6,600","6,590","6,700"
2019-01-18,,"6,700","6,560","6,760"
2019-01-19,,,,
2019-01-20,,,,
2019-01-21,,"6,760","6,750","6,700"
2019-01-22,,"6,700","6,700","6,450"
2019-01-23,,"6,450","6,300","6,120"
2019-01-24,,"6,120","5,950","6,300"
2019-01-25,,"6,300","6,150","6,270"
2019-01-26,,,,
2019-01-27,,,,
2019-01-28,,"6,270","6,450","6,290"
2019-01-29,,"6,290","6,130","6,190"
2019-01-30,,"6,190","6,290","6,110"
2019-01-31,,"6,110","5,930","6,190"
2019-02-01,,"6,190","6,270","6,160"
2019-02-02,,,,
2019-02-03,,,,
2019-02-04,,"6,160","6,230","6,050"
2019-02-05,,"6,050","6,180","6,000"
2019-02-06,,,,
2019-02-07,,,,
2019-02-08,,"6,300","6,300","6,350"
2019-02-09,,,,
2019-02-10,,,,
2019-02-11,,,,
2019-02-12,,,,
2019-02-13,,"6,380","6,400","6,350"
2019-02-14,,"6,350","6,370","6,390"
2019-02-15,,"6,390","6,260","6,250"
2019-02-16,,,,
2019-02-17,,,,
2019-02-18,,"6,250","6,110","6,150"
2019-02-19,,"6,150","6,200","6,420"
2019-02-20,,"6,470","6,530","6,750"
2019-02-21,,"6,750","6,790","6,940"
2019-02-22,,,,
2019-02-23,,,,
2019-02-24,,,,
2019-02-25,,"7,180","7,200","7,500"
2019-02-26,,"7,500","7,560","7,340"
2019-02-27,,"7,340","7,220","7,130"
2019-02-28,,"7,130","6,920","7,190"
2019-03-01,,"7,190","7,190","7,000"
2019-03-02,,,,
2019-03-03,,,,
2019-03-04,,"7,000","7,100","6,890"
2019-03-05,,"6,890","6,890","6,990"
2019-03-06,,"6,990","6,990","7,080"
2019-03-07,,"7,080","7,120","7,330"
2019-03-08,,"7,330","7,450","7,400"
2019-03-09,,,,
2019-03-10,,,,
2019-03-11,,"7,400","7,220","7,280"
2019-03-12,,"7,280","7,300","7,300"
2019-03-13,,"7,300","7,360","7,140"
2019-03-14,,"7,140","7,000","7,120"
2019-03-15,,"7,120","7,130","7,070"
2019-03-16,,,,
2019-03-17,,,,
2019-03-18,,"7,070","6,900","7,000"
2019-03-19,,"7,000","6,990","7,040"
2019-03-20,,,,
2019-03-21,,"7,040","7,040","7,050"
2019-03-22,,"7,050","6,870","7,030"
2019-03-23,,,,
2019-03-24,,,,
2019-03-25,,"7,030","6,870","6,820"
2019-03-26,,"6,820","6,700","6,900"
2019-03-27,,"6,900","6,970","7,100"
2019-03-28,,,,
2019-03-29,,"7,150","6,950","6,940"
2019-03-30,,,,
2019-03-31,,,,
2019-04-01,,"6,940","6,940","6,940"
2019-04-02,,"6,940","6,980","6,900"
2019-04-03,,"6,900","6,740","7,080"
2019-04-04,,"7,080","7,000","7,400"
2019-04-05,,"7,400","7,500","7,600"
2019-04-06,,,,
2019-04-07,,,,
2019-04-08,,"7,600","7,600","7,690"
2019-04-09,,,,
2019-04-10,,"7,690","7,470","7,580"
2019-04-11,,"7,580","7,400","7,400"
2019-04-12,,"7,400","7,370","7,390"
2019-04-13,,,,
2019-04-14,,,,
2019-04-15,,"7,390","7,250","7,390"
2019-04-16,,"7,390","7,390","7,390"
2019-04-17,,"7,390","7,440","7,380"
2019-04-18,,"7,380","7,300","7,250"
2019-04-19,,"7,250","7,350","7,220"
2019-04-20,,,,
2019-04-21,,,,
2019-04-22,,"7,220","7,350","7,020"
2019-04-23,,"7,020","6,900","7,020"
2019-04-24,,"7,020","7,010","6,840"
2019-04-25,,"6,840","6,800","6,800"
2019-04-26,,"6,800","6,600","6,500"
2019-04-27,,,,
2019-04-28,,,,
2019-04-29,,"6,500","6,480","6,320"
2019-04-30,,"6,320","6,300","6,400"
2019-05-01,,,,
2019-05-02,,"6,400","6,400","6,400"
2019-05-03,,"6,400","6,500","6,580"
2019-05-04,,,,
2019-05-05,,,,
2019-05-06,,"6,580","6,390","6,580"
2019-05-07,,"6,580","6,450","6,630"
2019-05-08,,"6,630","6,790","6,590"
2019-05-09,,"6,590","6,650","6,630"
2019-05-10,,"6,630","6,600","6,600"
2019-05-11,,,,
2019-05-12,,,,
2019-05-13,,"6,600","6,600","6,600"
2019-05-14,,"6,600","6,740","6,690"
2019-05-15,,"6,690","6,680","6,480"
2019-05-16,,"6,480","6,410","6,390"
2019-05-17,,"6,390","6,400","6,570"
2019-05-18,,,,
2019-05-19,,,,
2019-05-20,,"6,570","6,400","6,560"
2019-05-21,,"6,560","6,540","6,540"
2019-05-22,,"6,540","6,550","6,730"
2019-05-23,,"6,730","6,700","6,650"
2019-05-24,,"6,650","6,550","6,540"
2019-05-25,,,,
2019-05-26,,,,
2019-05-27,,"6,540","6,600","6,700"
2019-05-28,,"6,700","6,700","6,700"
2019-05-29,,"6,700","6,690","6,800"
2019-05-30,,"6,800","6,800","6,800"
2019-05-31,,"6,800","6,720","6,830"
2019-06-01,,,,
2019-06-02,,,,
2019-06-03,,"6,830","6,650","6,800"
2019-06-04,,,,
2019-06-05,,,,
2019-06-06,,,,
2019-06-07,,"6,800","6,600","6,780"
2019-06-08,,,,
2019-06-09,,,,
2019-06-10,,"6,780","6,600","6,580"
2019-06-11,,,,
2019-06-12,,"6,350","6,480","6,480"
2019-06-13,,"6,480","6,290","6,450"
2019-06-14,,"6,450","6,290","6,330"
2019-06-15,,,,
2019-06-16,,,,
2019-06-17,,"6,330","6,200","6,330"
2019-06-18,,"6,330","6,400","6,400"
2019-06-19,,"6,400","6,300","6,400"
2019-06-20,,"6,400",,
2019-06-21,,"6,400","6,300","6,390"
2019-06-22,,,,
2019-06-23,,,,
2019-06-24,,"6,390","6,470","6,330"
2019-06-25,,"6,330","6,330","6,300"
2019-06-26,,"6,300","6,400","6,350"
2019-06-27,,"6,350","6,200","6,160"
2019-06-28,,"6,160","6,160","6,290"
2019-06-29,,,,
2019-06-30,,,,
2019-07-01,,"6,290","6,280","6,280"
2019-07-02,,"6,280","6,320","6,290"
2019-07-03,,"6,290","6,160","6,470"
2019-07-04,,"6,470","6,550","6,500"
2019-07-05,,"6,500","6,500","6,500"
2019-07-06,,,,
2019-07-07,,,,
2019-07-08,,"6,500","6,310","6,310"
2019-07-09,,"6,310","6,130","6,310"
2019-07-10,,"6,310","6,470","6,470"
2019-07-11,,"6,470","6,280","6,400"
2019-07-12,,"6,400","6,280","6,390"
2019-07-13,,,,
2019-07-14,,,,
2019-07-15,,"6,390","6,390","6,580"
2019-07-16,,"6,670","6,850","7,070"
2019-07-17,,"7,070","7,150","6,940"
2019-07-18,,"6,730","6,730","6,640"
2019-07-19,,"6,640","6,760","6,600"
2019-07-20,,,,
2019-07-21,,,,
2019-07-22,,"6,600","6,660","6,600"
2019-07-23,,"6,600","6,600","6,540"
2019-07-24,,,,
2019-07-25,,,,
2019-07-26,,"6,550","6,590","6,500"
2019-07-27,,,,
2019-07-28,,,,
2019-07-29,,,,
2019-07-30,,"6,500","6,500","6,500"
2019-07-31,,"6,500","6,330","6,270"
2019-08-01,,"6,270","6,390","6,370"
2019-08-02,,"6,370","6,490","6,300"
2019-08-03,,,,
2019-08-04,,,,
2019-08-05,,"6,300","6,390","6,250"
2019-08-06,,"6,250","6,260","6,300"
2019-08-07,,"6,300","6,380","6,380"
2019-08-08,,"6,380","6,380","6,390"
2019-08-09,,"6,390","6,360","6,340"
2019-08-10,,,,
2019-08-11,,,,
2019-08-12,,,,
2019-08-13,,,,
2019-08-14,,"6,340","6,340","6,330"
2019-08-15,,"6,330","6,340","6,340"
2019-08-16,,"6,340","6,160","6,150"
2019-08-17,,,,
2019-08-18,,,,
2019-08-19,,"6,150","5,970","5,970"
2019-08-20,,"5,870","5,850","5,950"
2019-08-21,,"5,950","5,930","6,100"
2019-08-22,,"6,100","6,280","6,100"
2019-08-23,,"6,100","5,920","6,010"
2019-08-24,,,,
2019-08-25,,,,
2019-08-26,,"6,090","6,190","6,180"
2019-08-27,,"6,180","5,920","6,100"
2019-08-28,,"6,100","5,940","5,920"
2019-08-29,,"5,920","6,050","5,900"
2019-08-30,,"5,870","6,040","5,860"
2019-08-31,,,,
2019-09-01,,,,
2019-09-02,,"5,860","5,860","5,800"
2019-09-03,,"5,800","5,850","5,700"
2019-09-04,,"5,700","5,530","5,590"
2019-09-05,,"5,590","5,650","5,640"
2019-09-06,,"5,640","5,500","5,480"
2019-09-07,,,,
2019-09-08,,,,
2019-09-09,,,,
2019-09-10,,,,
2019-09-11,,"5,550","5,700","5,640"
2019-09-12,,"5,640","5,780","5,610"
2019-09-13,,"5,610","5,470","5,590"
2019-09-14,,,,
2019-09-15,,,,
2019-09-16,,"5,590","5,430","5,480"
2019-09-17,,"5,480","5,620","5,540"
2019-09-18,,"5,540","5,410","5,530"
2019-09-19,,"5,530","5,500","5,480"
2019-09-20,,"5,480","5,510","5,350"
2019-09-21,,,,
2019-09-22,,,,
2019-09-23,,"5,350","5,490","5,400"
2019-09-24,,"5,400","5,250","5,390"
2019-09-25,,"5,390","5,380","5,250"
2019-09-26,,"5,250","5,380","5,370"
2019-09-27,,"5,370","5,390","5,350"
2019-09-28,,,,
2019-09-29,,,,
2019-09-30,,"5,350","5,290","5,200"
2019-10-01,,"5,200","5,290","5,180"
2019-10-02,,"5,180","5,330","5,170"
2019-10-03,,"5,170","5,090","4,980"
2019-10-04,,"4,980","4,800","4,800"
2019-10-05,,,,
2019-10-06,,,,
2019-10-07,,"4,800","4,900","4,800"
2019-10-08,,"4,800","4,870","4,730"
2019-10-09,,"4,730","4,590","4,600"
2019-10-10,,"4,590","4,460","4,590"
2019-10-11,,"4,590","4,600","4,700"
2019-10-12,,,,
2019-10-13,,,,
2019-10-14,,"4,700","4,840","4,910"
2019-10-15,,,,
2019-10-16,,"4,910","5,130","5,200"
2019-10-17,,"5,200","5,350","5,510"
2019-10-18,,"5,510","5,670","5,840"
2019-10-19,,,,
2019-10-20,,,,
2019-10-21,,"5,840","5,840","5,750"
2019-10-22,,"5,750","5,800","5,750"
2019-10-23,,"5,750","5,900","5,750"
2019-10-24,,"5,750","5,750","5,580"
2019-10-25,,"5,580","5,740","5,400"
2019-10-26,,,,
2019-10-27,,,,
2019-10-28,,"5,400","5,400","5,160"
2019-10-29,,"5,160","5,280","5,050"
2019-10-30,,"5,050","5,160","5,010"
2019-10-31,,"5,010","4,900","5,010"
2019-11-01,,"5,010","5,110","4,960"
2019-11-02,,,,
2019-11-03,,,,
2019-11-04,,"4,960","5,100","4,950"
2019-11-05,,"4,950","4,810","4,730"
2019-11-06,,"4,730","4,870","4,660"
2019-11-07,,"4,660","4,690","4,830"
2019-11-08,,"4,830","4,970","5,000"
2019-11-09,,,,
2019-11-10,,,,
2019-11-11,,"5,000","5,150","5,000"
2019-11-12,,"5,000","5,150","5,000"
2019-11-13,,"5,000","5,000","5,000"
2019-11-14,,"5,000","5,050","5,000"
2019-11-15,,"5,000","5,100","4,990"
2019-11-16,,,,
2019-11-17,,,,
2019-11-18,,"4,990","4,990","5,130"
2019-11-19,,"5,130","5,250","5,440"
2019-11-20,,"5,440","5,640","5,570"
2019-11-21,,"5,570","5,450","5,500"
2019-11-22,,"5,500","5,550","5,540"
2019-11-23,,,,
2019-11-24,,,,
2019-11-25,,"5,540","5,400","5,380"
2019-11-26,,"5,380","5,370","5,350"
2019-11-27,,"5,350","5,250","5,350"
2019-11-28,,"5,350","5,350","5,380"
2019-11-29,,"5,380","5,380","5,300"
2019-11-30,,,,
2019-12-01,,,,
2019-12-02,,"5,300","5,380","5,300"
2019-12-03,,"5,300","5,290","5,250"
2019-12-04,,"5,250","5,200","5,200"
2019-12-05,,"5,200","5,200","5,050"
2019-12-06,,"5,050","5,050","5,170"
2019-12-07,,,,
2019-12-08,,,,
2019-12-09,,"5,170","5,270","5,170"
2019-12-10,,"5,170","5,260","5,260"
2019-12-11,,"5,260","5,260","5,230"
2019-12-12,,"5,230","5,080","5,080"
2019-12-13,,"5,080","5,220","5,090"
2019-12-14,,,,
2019-12-15,,,,
2019-12-16,,"5,090","5,190","5,240"
2019-12-17,,"5,240","5,090","5,080"
2019-12-18,,"5,080","5,080","5,080"
2019-12-19,,"5,080","4,950","5,080"
2019-12-20,,"5,080","5,080","5,150"
2019-12-21,,,,
2019-12-22,,,,
2019-12-23,,"5,150","5,050","5,100"
2019-12-24,,"5,100","5,050","5,100"
2019-12-25,,"5,100","5,000","5,150"
2019-12-26,,"5,150","5,140","5,140"
2019-12-27,,"5,140","5,100","5,120"
2019-12-28,,,,
2019-12-29,,,,
2019-12-30,,"5,120","5,120","5,100"
2019-12-31,,"5,100","5,100","5,150"
2020-01-01,,,,
2020-01-02,,"5,150","5,000","5,150"
2020-01-03,,"5,150","5,000","5,150"
2020-01-04,,,,
2020-01-05,,,,
2020-01-06,,"5,150","5,000","5,100"
2020-01-07,,"5,100","5,000","5,000"
2020-01-08,,"5,000",,
2020-01-09,,"5,000","4,970","4,980"
2020-01-10,,"4,980","4,980","4,900"
2020-01-11,,,,
2020-01-12,,,,
2020-01-13,,"4,900","4,980","4,840"
2020-01-14,,,,
2020-01-15,,"4,840","4,980","5,130"
2020-01-16,,"5,130","5,130","5,350"
2020-01-17,,"5,350","5,350","5,180"
2020-01-18,,,,
2020-01-19,,,,
2020-01-20,,"5,180","5,250","5,240"
2020-01-21,,"5,240","5,130","5,200"
2020-01-22,,"5,200","5,150","5,160"
2020-01-23,,"5,160","5,180","5,280"
2020-01-24,,"5,280","5,290","5,210"
2020-01-25,,,,
2020-01-26,,,,
2020-01-27,,"5,210","5,400","5,520"
2020-01-28,,"5,520","5,650","5,360"
2020-01-29,,"5,360","5,500","5,430"
2020-01-30,,"5,430","5,270","5,360"
2020-01-31,,"5,360","5,270","5,120"
2020-02-01,,,,
2020-02-02,,,,
2020-02-03,,"5,120","5,270","5,200"
2020-02-04,,"5,200","5,220","5,250"
2020-02-05,,"5,250","5,230","5,450"
2020-02-06,,"5,450","5,440","5,440"
2020-02-07,,"5,440","5,490","5,770"
2020-02-08,,,,
2020-02-09,,,,
2020-02-10,,"5,770","6,020","5,770"
2020-02-11,,"5,770","5,850","5,750"
2020-02-12,,"5,750","5,500","5,690"
2020-02-13,,"5,690","5,680","5,640"
2020-02-14,,"5,640","5,490","5,600"
2020-02-15,,,,
2020-02-16,,,,
2020-02-17,,,,
2020-02-18,,,,
2020-02-19,,,,
2020-02-20,,,,
2020-02-21,,,,
2020-02-22,,,,
2020-02-23,,,,
2020-02-24,,,,
2020-02-25,,,,
2020-02-26,,"5,570","5,570","5,480"
2020-02-27,,,,
2020-02-28,,,,
2020-02-29,,,,
2020-03-01,,,,
2020-03-02,,,,
2020-03-03,,,,
2020-03-04,,,,
2020-03-05,,"5,580","5,420","5,420"
2020-03-06,,"5,420","5,270","5,490"
2020-03-07,,,,
2020-03-08,,,,
2020-03-09,,"5,490","5,330","5,330"
2020-03-10,,"5,330","5,100","5,300"
2020-03-11,,"5,300","5,180","5,150"
2020-03-12,,"5,150","5,260","5,180"
2020-03-13,,"5,180","5,030","5,030"
2020-03-14,,,,
2020-03-15,,,,
2020-03-16,,"5,030","5,100","4,730"
2020-03-17,,"4,730","4,520","4,520"
2020-03-18,,"4,520","4,500","4,640"
2020-03-19,,"4,640","4,700","4,510"
2020-03-20,,,,
2020-03-21,,,,
2020-03-22,,,,
2020-03-23,,"4,510","4,550","4,510"
2020-03-24,,"4,510","4,600","4,600"
2020-03-25,,"4,600","4,720","4,480"
2020-03-26,,"4,480","4,600","4,610"
2020-03-27,,"4,610","4,480","4,600"
2020-03-28,,,,
2020-03-29,,,,
2020-03-30,,"4,600","4,700","4,600"
2020-03-31,,"4,600","4,720","4,650"
2020-04-01,,"4,470","4,410","4,570"
2020-04-02,,"4,570","4,450","4,440"
2020-04-03,,"4,440","4,400","4,390"
2020-04-04,,,,
2020-04-05,,,,
2020-04-06,,"4,390","4,260","4,260"
2020-04-07,,"4,260","4,300","4,290"
2020-04-08,,"4,290","4,390","4,280"
2020-04-09,,,,
2020-04-10,,,,
2020-04-11,,,,
2020-04-12,,,,
2020-04-13,,"4,280","4,300","4,290"
2020-04-14,,"4,290","4,170","4,350"
2020-04-15,,"4,350","4,400","4,480"
2020-04-16,,"4,480","4,580","4,540"
2020-04-17,,"4,540","4,420","4,410"
2020-04-18,,,,
2020-04-19,,,,
2020-04-20,,"4,410","4,280","4,400"
2020-04-21,,"4,400","4,490","4,530"
2020-04-22,,"4,530","4,650","4,640"
2020-04-23,,"4,640","4,630","4,640"
2020-04-24,,"4,640","4,660","4,630"
2020-04-25,,,,
2020-04-26,,,,
2020-04-27,,"4,630","4,500","4,500"
2020-04-28,,"4,500","4,370","4,490"
2020-04-29,,"4,490","4,620","4,360"
2020-04-30,,"4,360","4,260","4,460"
2020-05-01,,,,
2020-05-02,,,,
2020-05-03,,,,
2020-05-04,,"4,460","4,490","4,500"
2020-05-05,,"4,500","4,600","4,370"
2020-05-06,,"4,370","4,500","4,490"
2020-05-07,,"4,490","4,360","4,360"
2020-05-08,,"4,360","4,400","4,440"
2020-05-09,,,,
2020-05-10,,,,
2020-05-11,,"4,440","4,400","4,550"
2020-05-12,,"4,550","4,420","4,550"
2020-05-13,,"4,550","4,600","4,600"
2020-05-14,,"4,600","4,470","4,470"
2020-05-15,,"4,470","4,340","4,350"
2020-05-16,,,,
2020-05-17,,,,
2020-05-18,,"4,350","4,240","4,350"
2020-05-19,,"4,350","4,220","4,220"
2020-05-20,,"4,220","4,110","4,160"
2020-05-21,,"4,160","4,260","4,250"
2020-05-22,,"4,250","4,130","4,370"
2020-05-23,,,,
2020-05-24,,,,
2020-05-25,,,,
2020-05-26,,"4,370","4,370","4,240"
2020-05-27,,"4,240","4,130","4,120"
2020-05-28,,"4,120","4,010","4,100"
2020-05-29,,"4,100","4,100","4,150"
2020-05-30,,,,
2020-05-31,,,,
2020-06-01,,,,
2020-06-02,,"4,170","4,120","4,120"
2020-06-03,,,,
2020-06-04,,"4,140","4,230","4,260"
2020-06-05,,"4,260","4,380","4,380"
2020-06-06,,,,
2020-06-07,,,,
2020-06-08,,"4,380","4,380","4,430"
2020-06-09,,"4,430","4,500","4,490"
2020-06-10,,"4,490","4,450","4,460"
2020-06-11,,"4,460","4,400","4,400"
2020-06-12,,"4,400","4,450","4,370"
2020-06-13,,,,
2020-06-14,,,,
2020-06-15,,"4,370","4,490","4,370"
2020-06-16,,"4,370","4,240","4,250"
2020-06-17,,"4,250","4,300","4,200"
2020-06-18,,"4,200","4,230","4,150"
2020-06-19,,"4,150","4,210","4,150"
2020-06-20,,,,
2020-06-21,,,,
2020-06-22,,"4,150","4,220","4,400"
2020-06-23,,"4,400","4,590","4,660"
2020-06-24,,"4,660","4,800","4,600"
2020-06-25,,"4,600","4,720","4,580"
2020-06-26,,"4,580","4,380","4,420"
2020-06-27,,,,
2020-06-28,,,,
2020-06-29,,"4,420","4,450","4,460"
2020-06-30,,"4,460","4,330","4,450"
2020-07-01,,"4,450","4,370","4,380"
2020-07-02,,"4,380","4,370","4,360"
2020-07-03,,"4,360","4,470","4,340"
2020-07-04,,,,
2020-07-05,,,,
2020-07-06,,"4,340","4,340","4,320"
2020-07-07,,"4,320","4,390","4,520"
2020-07-08,,"4,520",,
2020-07-09,,"4,720",,
2020-07-10,,"4,930","5,070","5,230"
2020-07-11,,,,
2020-07-12,,,,
2020-07-13,,"5,230","5,240","5,250"
2020-07-14,,"5,250","5,320","5,140"
2020-07-15,,"5,090","5,000","4,850"
2020-07-16,,"4,850","4,670","4,900"
2020-07-17,,"4,900","4,970","4,980"
2020-07-18,,,,
2020-07-19,,,,
2020-07-20,,"4,980","5,060","4,910"
2020-07-21,,"4,910","4,690","4,620"
2020-07-22,,"4,620","4,690","4,550"
2020-07-23,,"4,550","4,650","4,600"
2020-07-24,,"4,520","4,610","4,480"
2020-07-25,,,,
2020-07-26,,,,
2020-07-27,,"4,480","4,550","4,440"
2020-07-28,,"4,440","4,440","4,620"
2020-07-29,,"4,620","4,640","4,770"
2020-07-30,,"4,770","4,900","4,840"
2020-07-31,,,,
2020-08-01,,,,
2020-08-02,,,,
2020-08-03,,"4,840","4,890","4,880"
2020-08-04,,"4,880","4,740","4,800"
2020-08-05,,"4,800","4,590","4,750"
2020-08-06,,"4,750","4,550","4,700"
2020-08-07,,"4,700","4,700","4,690"
2020-08-08,,,,
2020-08-09,,,,
2020-08-10,,"4,690","4,740","4,600"
2020-08-11,,"4,600","4,500","4,580"
2020-08-12,,"4,580","4,590","4,590"
2020-08-13,,,,
2020-08-14,,"4,590","4,470","4,580"
2020-08-15,,,,
2020-08-16,,,,
2020-08-17,,"4,580","4,570","4,450"
2020-08-18,,"4,450","4,400","4,400"
2020-08-19,,"4,400","4,500","4,450"
2020-08-20,,,,
2020-08-21,,"4,450","4,450","4,450"
2020-08-22,,,,
2020-08-23,,,,
2020-08-24,,"4,450","4,400","4,440"
2020-08-25,,"4,440","4,410","4,420"
2020-08-26,,"4,420","4,420","4,300"
2020-08-27,,"4,300","4,390","4,380"
2020-08-28,,"4,380","4,260","4,400"
2020-08-29,,,,
2020-08-30,,,,
2020-08-31,,"4,400","4,380","4,300"
2020-09-01,,"4,300","4,330","4,210"
2020-09-02,,"4,210","4,300","4,240"
2020-09-03,,"4,240","4,300","4,180"
2020-09-04,,"4,180","4,300","4,430"
2020-09-05,,,,
2020-09-06,,,,
2020-09-07,,"4,430",,
2020-09-08,,"4,620","4,660","4,790"
2020-09-09,,"4,900",,
2020-09-10,,"5,120","5,100","5,010"
2020-09-11,,"5,010","5,080","5,080"
2020-09-12,,,,
2020-09-13,,,,
2020-09-14,,"5,080","5,230","5,000"
2020-09-15,,"5,000","4,850","4,850"
2020-09-16,,"4,850","4,850","4,790"
2020-09-17,,"4,790","4,730","4,930"
2020-09-18,,"4,930","5,020","4,930"
2020-09-19,,,,
2020-09-20,,,,
2020-09-21,,"4,930","5,000","4,890"
2020-09-22,,"4,890","4,750","4,750"
2020-09-23,,"4,750","4,740","4,800"
2020-09-24,,"4,800","4,790","4,780"
2020-09-25,,"4,780","4,790","4,920"
2020-09-26,,,,
2020-09-27,,,,
2020-09-28,,,,
2020-09-29,,,,
2020-09-30,,,,
2020-10-01,,,,
2020-10-02,,,,
2020-10-03,,,,
2020-10-04,,,,
2020-10-05,,,,
2020-10-06,,,,
2020-10-07,,,,
2020-10-08,,,,
2020-10-09,,,,
2020-10-10,,,,
2020-10-11,,,,
2020-10-12,,,,
2020-10-13,,,,
2020-10-14,,,,
2020-10-15,,,,
2020-10-16,,,,
2020-10-17,,,,
2020-10-18,,,,
2020-10-19,,,,
2020-10-20,,,,
2020-10-21,,,,
2020-10-22,,,,
2020-10-23,,,,
2020-10-24,,,,
2020-10-25,,,,
2020-10-26,,,,
2020-10-27,,,,
2020-10-28,,,,
2020-10-29,,,,
2020-10-30,,,,
2020-10-31,,,,
2020-11-01,,,,
2020-11-02,,,,
2020-11-03,,,,
2020-11-04,,,,
2020-11-05,,,,
2020-11-06,,,,
2020-11-07,,,,
2020-11-08,,,,
2020-11-09,,,,
2020-11-10,,,,
2020-11-11,,,,
2020-11-12,,,,
2020-11-13,,,,
2020-11-14,,,,
2020-11-15,,,,
2020-11-16,,,,
2020-11-17,,,,
2020-11-18,,,,
2020-11-19,,,,
2020-11-20,,,,
2020-11-21,,,,
2020-11-22,,,,
2020-11-23,,,,
2020-11-24,,,,
2020-11-25,,,,
2020-11-26,,,,
2020-11-27,,,,
2020-11-28,,,,
2020-11-29,,,,
2020-11-30,,,,
2020-12-01,,,,
2020-12-02,,,,
2020-12-03,,,,
2020-12-04,,,,
2020-12-05,,,,
2020-12-06,,,,
2020-12-07,,,,
2020-12-08,,,,
2020-12-09,,,,
2020-12-10,,,,
2020-12-11,,,,
2020-12-12,,,,
2020-12-13,,,,
2020-12-14,,,,
2020-12-15,,,,
2020-12-16,,,,
2020-12-17,,,,
2020-12-18,,,,
2020-12-19,,,,
2020-12-20,,,,
2020-12-21,,,,
2020-12-22,,,,
2020-12-23,,,,
2020-12-24,,,,
2020-12-25,,,,
2020-12-26,,,,
2020-12-27,,,,
2020-12-28,,,,
2020-12-29,,,,
2020-12-30,,,,
2020-12-31,,,,
