,STAR,ref,ouverture,cloture
2018-01-01,,,,
2018-01-02,,,,
2018-01-03,,"98,000","98,000","100,000"
2018-01-04,,"100,000","98,000","99,980"
2018-01-05,,"99,980","97,200","97,000"
2018-01-06,,,,
2018-01-07,,,,
2018-01-08,,"97,000","96,990","96,990"
2018-01-09,,"96,990","96,970","95,000"
2018-01-10,,"95,000","94,990","95,000"
2018-01-11,,"95,000","94,380","94,000"
2018-01-12,,,,
2018-01-13,,,,
2018-01-14,,,,
2018-01-15,,"91,180","91,160","90,000"
2018-01-16,,,,
2018-01-17,,,,
2018-01-18,,,,
2018-01-19,,,,
2018-01-20,,,,
2018-01-21,,,,
2018-01-22,,,,
2018-01-23,,,,
2018-01-24,,,,
2018-01-25,,,,
2018-01-26,,"89,240","89,000","89,000"
2018-01-27,,,,
2018-01-28,,,,
2018-01-29,,,,
2018-01-30,,,,
2018-01-31,,,,
2018-02-01,,,,
2018-02-02,,,,
2018-02-03,,,,
2018-02-04,,,,
2018-02-05,,,,
2018-02-06,,,,
2018-02-07,,,,
2018-02-08,,,,
2018-02-09,,,,
2018-02-10,,,,
2018-02-11,,,,
2018-02-12,,,,
2018-02-13,,,,
2018-02-14,,,,
2018-02-15,,,,
2018-02-16,,,,
2018-02-17,,,,
2018-02-18,,,,
2018-02-19,,,,
2018-02-20,,"78,000","77,500","78,000"
2018-02-21,,"78,000","78,000","79,000"
2018-02-22,,,,
2018-02-23,,,,
2018-02-24,,,,
2018-02-25,,,,
2018-02-26,,,,
2018-02-27,,,,
2018-02-28,,,,
2018-03-01,,,,
2018-03-02,,,,
2018-03-03,,,,
2018-03-04,,,,
2018-03-05,,,,
2018-03-06,,,,
2018-03-07,,"79,600","79,560","79,580"
2018-03-08,,"79,580","79,960","79,560"
2018-03-09,,"79,560","79,560","79,000"
2018-03-10,,,,
2018-03-11,,,,
2018-03-12,,"79,000","78,030","80,000"
2018-03-13,,"80,370","82,450","82,450"
2018-03-14,,"82,450","82,400","80,000"
2018-03-15,,"80,000","81,000","79,880"
2018-03-16,,"79,880","81,000","79,880"
2018-03-17,,,,
2018-03-18,,,,
2018-03-19,,"79,880","82,270","82,200"
2018-03-20,,,,
2018-03-21,,"82,200",,
2018-03-22,,"82,200","82,450","83,550"
2018-03-23,,"83,550","81,890","81,000"
2018-03-24,,,,
2018-03-25,,,,
2018-03-26,,"81,000","79,500","78,570"
2018-03-27,,"78,570","78,000","78,000"
2018-03-28,,"78,000","79,500","79,000"
2018-03-29,,"79,000","79,000","80,500"
2018-03-30,,"80,500","80,000","80,000"
2018-03-31,,,,
2018-04-01,,,,
2018-04-02,,"80,000","80,000","81,700"
2018-04-03,,"81,700","81,500","80,000"
2018-04-04,,"80,000","80,500","80,500"
2018-04-05,,"80,500","80,000","81,990"
2018-04-06,,"81,990","81,990","81,990"
2018-04-07,,,,
2018-04-08,,,,
2018-04-09,,,,
2018-04-10,,"81,990",,
2018-04-11,,"81,990","81,900","83,500"
2018-04-12,,"83,500","82,990","86,000"
2018-04-13,,"86,000","84,510","88,310"
2018-04-14,,,,
2018-04-15,,,,
2018-04-16,,"88,310","88,320","93,680"
2018-04-17,,"93,680","96,490","99,380"
2018-04-18,,"99,380","102,360","105,010"
2018-04-19,,"105,430","108,590","111,850"
2018-04-20,,"111,850","115,000","117,850"
2018-04-21,,,,
2018-04-22,,,,
2018-04-23,,"117,850","117,850","117,850"
2018-04-24,,"117,850","117,790","118,220"
2018-04-25,,"118,220","118,200","119,000"
2018-04-26,,"119,000","119,000","119,900"
2018-04-27,,"119,900","119,000","118,000"
2018-04-28,,,,
2018-04-29,,,,
2018-04-30,,"118,000","118,000","118,000"
2018-05-01,,,,
2018-05-02,,"118,000","118,000","120,000"
2018-05-03,,"120,000","120,990","119,000"
2018-05-04,,"119,000","120,480","120,480"
2018-05-05,,,,
2018-05-06,,,,
2018-05-07,,"120,480","120,420","119,480"
2018-05-08,,"119,480","119,160","118,000"
2018-05-09,,"118,000","116,000","115,000"
2018-05-10,,"115,000","115,980","115,990"
2018-05-11,,"115,990","116,000","116,990"
2018-05-12,,,,
2018-05-13,,,,
2018-05-14,,"116,990",,
2018-05-15,,"116,990","116,000","116,970"
2018-05-16,,"116,970","116,890","116,890"
2018-05-17,,"116,890","113,520","116,890"
2018-05-18,,"116,890","116,990","116,990"
2018-05-19,,,,
2018-05-20,,,,
2018-05-21,,"116,990","117,000","117,970"
2018-05-22,,"117,970","117,000","117,970"
2018-05-23,,"117,970","117,000","118,000"
2018-05-24,,"118,000","117,000","118,000"
2018-05-25,,"118,000","115,000","116,000"
2018-05-26,,,,
2018-05-27,,,,
2018-05-28,,"116,000",,
2018-05-29,,"116,000","116,000","117,000"
2018-05-30,,"115,780","117,000","117,900"
2018-05-31,,"117,900","116,900","114,400"
2018-06-01,,"114,400","114,370","116,900"
2018-06-02,,,,
2018-06-03,,,,
2018-06-04,,"116,900","114,500","114,500"
2018-06-05,,"114,500","114,500","114,500"
2018-06-06,,"114,500","114,500","114,500"
2018-06-07,,,,
2018-06-08,,"113,500","113,510","114,500"
2018-06-09,,,,
2018-06-10,,,,
2018-06-11,,"114,500","114,400","114,500"
2018-06-12,,"114,500","113,600","113,500"
2018-06-13,,"113,500","114,000","114,000"
2018-06-14,,"114,000","114,000","117,000"
2018-06-15,,,,
2018-06-16,,,,
2018-06-17,,,,
2018-06-18,,"117,000","117,000","124,000"
2018-06-19,,"124,000","125,990","126,960"
2018-06-20,,"126,960","126,940","126,500"
2018-06-21,,"126,500","122,710","126,390"
2018-06-22,,"126,390","122,710","125,900"
2018-06-23,,,,
2018-06-24,,,,
2018-06-25,,"125,900","122,150","126,380"
2018-06-26,,"126,380","125,900","126,480"
2018-06-27,,"126,480","126,480","127,000"
2018-06-28,,"127,000","127,020","132,730"
2018-06-29,,"132,730","134,500","140,700"
2018-06-30,,,,
2018-07-01,,,,
2018-07-02,,,,
2018-07-03,,"148,200","148,190","150,000"
2018-07-04,,"150,000","148,000","150,000"
2018-07-05,,"150,000","149,000","148,000"
2018-07-06,,"148,000","147,000","147,750"
2018-07-07,,,,
2018-07-08,,,,
2018-07-09,,"147,750","147,740","147,900"
2018-07-10,,"147,900","147,500","147,500"
2018-07-11,,"147,500","143,080","143,080"
2018-07-12,,"143,080","143,080","140,000"
2018-07-13,,"140,000","140,000","144,200"
2018-07-14,,,,
2018-07-15,,,,
2018-07-16,,"144,200","145,790","147,400"
2018-07-17,,"147,400","150,000","154,000"
2018-07-18,,"154,000","155,000","154,000"
2018-07-19,,"154,000","154,990","153,000"
2018-07-20,,"153,000","151,200","149,900"
2018-07-21,,,,
2018-07-22,,,,
2018-07-23,,"149,900","147,000","147,000"
2018-07-24,,"147,000","148,000","148,000"
2018-07-25,,,,
2018-07-26,,"148,000","147,990","147,990"
2018-07-27,,"147,990","146,000","147,900"
2018-07-28,,,,
2018-07-29,,,,
2018-07-30,,"147,900","144,000","147,000"
2018-07-31,,"147,000","147,000","145,000"
2018-08-01,,"145,000","146,900","146,900"
2018-08-02,,,,
2018-08-03,,,,
2018-08-04,,,,
2018-08-05,,,,
2018-08-06,,"147,000","147,200","147,000"
2018-08-07,,"147,000","147,200","145,600"
2018-08-08,,"145,600","145,000","146,000"
2018-08-09,,"146,000","146,000","141,620"
2018-08-10,,"141,620","142,490","142,000"
2018-08-11,,,,
2018-08-12,,,,
2018-08-13,,,,
2018-08-14,,"142,000","144,500","138,210"
2018-08-15,,"138,210","142,000","141,990"
2018-08-16,,"141,990","141,980","140,000"
2018-08-17,,"140,000","140,000","141,000"
2018-08-18,,,,
2018-08-19,,,,
2018-08-20,,"141,000","140,000","140,000"
2018-08-21,,,,
2018-08-22,,,,
2018-08-23,,"140,000","140,000","140,000"
2018-08-24,,"140,000","140,000","137,000"
2018-08-25,,,,
2018-08-26,,,,
2018-08-27,,"137,000","136,000","137,020"
2018-08-28,,"137,020","140,000","140,000"
2018-08-29,,"140,000","137,020","137,020"
2018-08-30,,"137,020","137,020","132,910"
2018-08-31,,"132,910","132,000","132,500"
2018-09-01,,,,
2018-09-02,,,,
2018-09-03,,"132,500","132,000","128,100"
2018-09-04,,"128,100","130,990","129,200"
2018-09-05,,,,
2018-09-06,,"133,070","136,890","129,200"
2018-09-07,,"129,200","133,060","135,000"
2018-09-08,,,,
2018-09-09,,,,
2018-09-10,,,,
2018-09-11,,,,
2018-09-12,,"138,000","134,000","136,500"
2018-09-13,,"136,500","139,400","139,000"
2018-09-14,,"139,000","143,170","140,000"
2018-09-15,,,,
2018-09-16,,,,
2018-09-17,,"140,000","143,160","136,720"
2018-09-18,,"136,720","140,500","139,000"
2018-09-19,,"139,000","139,000","140,000"
2018-09-20,,"140,000",,
2018-09-21,,"135,800","134,830","137,980"
2018-09-22,,,,
2018-09-23,,,,
2018-09-24,,"137,980","142,000","141,890"
2018-09-25,,"141,890",,
2018-09-26,,"141,890",,
2018-09-27,,"141,890","140,990","137,640"
2018-09-28,,"137,640","137,600","135,000"
2018-09-29,,,,
2018-09-30,,,,
2018-10-01,,"135,000",,
2018-10-02,,"135,000","136,000","135,500"
2018-10-03,,"135,500",,
2018-10-04,,"135,500","131,440","131,440"
2018-10-05,,"131,440","131,440","135,300"
2018-10-06,,,,
2018-10-07,,,,
2018-10-08,,"135,300","131,510","135,500"
2018-10-09,,"135,500",,
2018-10-10,,"135,500","135,500","135,400"
2018-10-11,,,,
2018-10-12,,"131,600","129,000","131,000"
2018-10-13,,,,
2018-10-14,,,,
2018-10-15,,,,
2018-10-16,,"131,000","128,010","134,000"
2018-10-17,,"134,000","134,000","134,000"
2018-10-18,,"134,000","131,600","133,990"
2018-10-19,,"133,990","134,900","133,990"
2018-10-20,,,,
2018-10-21,,,,
2018-10-22,,"133,990","134,000","133,980"
2018-10-23,,"133,980",,
2018-10-24,,"133,980","133,980","133,000"
2018-10-25,,"133,000","130,000","132,990"
2018-10-26,,"132,990","133,000","132,000"
2018-10-27,,,,
2018-10-28,,,,
2018-10-29,,"132,000","134,900","137,600"
2018-10-30,,"137,600","137,600","139,900"
2018-10-31,,"139,900","135,720","140,900"
2018-11-01,,"140,900","140,890","140,000"
2018-11-02,,"140,000","139,800","139,800"
2018-11-03,,,,
2018-11-04,,,,
2018-11-05,,"139,800",,
2018-11-06,,"139,800","139,700","135,610"
2018-11-07,,"135,610","139,600","139,500"
2018-11-08,,"139,500","135,500","138,850"
2018-11-09,,"138,850","135,500","135,500"
2018-11-10,,,,
2018-11-11,,,,
2018-11-12,,"135,500","134,000","134,000"
2018-11-13,,"134,000",,
2018-11-14,,"134,000","132,000","132,000"
2018-11-15,,"132,000","133,800","132,000"
2018-11-16,,"132,000","132,000","133,490"
2018-11-17,,,,
2018-11-18,,,,
2018-11-19,,"133,490","130,010","134,500"
2018-11-20,,,,
2018-11-21,,,,
2018-11-22,,"134,920",,
2018-11-23,,"134,920",,
2018-11-24,,,,
2018-11-25,,,,
2018-11-26,,"134,920","134,000","134,000"
2018-11-27,,"134,000","131,300","133,890"
2018-11-28,,"133,890","133,900","134,000"
2018-11-29,,"134,000","134,000","137,990"
2018-11-30,,"137,990",,
2018-12-01,,,,
2018-12-02,,,,
2018-12-03,,"137,990",,
2018-12-04,,"137,990",,
2018-12-05,,"137,990",,
2018-12-06,,"137,990",,
2018-12-07,,"137,990",,
2018-12-08,,,,
2018-12-09,,,,
2018-12-10,,"137,990",,
2018-12-11,,"137,990","133,860","133,860"
2018-12-12,,"133,860","130,000","137,470"
2018-12-13,,"137,470","137,000","135,000"
2018-12-14,,"135,000","134,890","134,890"
2018-12-15,,,,
2018-12-16,,,,
2018-12-17,,"134,890",,
2018-12-18,,,,
2018-12-19,,"130,000","130,000","130,000"
2018-12-20,,"130,000","130,000","126,500"
2018-12-21,,"126,500","126,510","126,500"
2018-12-22,,,,
2018-12-23,,,,
2018-12-24,,"126,500","126,500","126,500"
2018-12-25,,"126,500","124,500","128,230"
2018-12-26,,"128,230","124,390","130,000"
2018-12-27,,"130,000","126,100","126,100"
2018-12-28,,"126,100","122,320","129,880"
2018-12-29,,,,
2018-12-30,,,,
2018-12-31,,"129,880","135,720","135,720"
2019-01-01,,,,
2019-01-02,,"135,720","136,900","137,000"
2019-01-03,,"137,000",,
2019-01-04,,"132,890","131,990","131,990"
2019-01-05,,,,
2019-01-06,,,,
2019-01-07,,"131,990",,
2019-01-08,,"131,990",,
2019-01-09,,,,
2019-01-10,,"131,990","131,000","131,000"
2019-01-11,,"131,000",,
2019-01-12,,,,
2019-01-13,,,,
2019-01-14,,,,
2019-01-15,,"131,000",,
2019-01-16,,"131,000",,
2019-01-17,,"131,000","127,070","127,070"
2019-01-18,,"127,070",,
2019-01-19,,,,
2019-01-20,,,,
2019-01-21,,"127,070",,
2019-01-22,,"127,070","123,300","123,300"
2019-01-23,,"123,300","119,610","119,610"
2019-01-24,,"119,610","123,190","119,610"
2019-01-25,,"119,610",,
2019-01-26,,,,
2019-01-27,,,,
2019-01-28,,"119,610","119,600","123,100"
2019-01-29,,"123,100","125,990","125,990"
2019-01-30,,"125,990",,
2019-01-31,,"125,990","120,330","130,990"
2019-02-01,,"130,990","130,000","129,000"
2019-02-02,,,,
2019-02-03,,,,
2019-02-04,,"129,000",,
2019-02-05,,"129,000","123,200","128,000"
2019-02-06,,,,
2019-02-07,,,,
2019-02-08,,"132,000","132,000","132,000"
2019-02-09,,,,
2019-02-10,,,,
2019-02-11,,,,
2019-02-12,,,,
2019-02-13,,"129,000","127,000","127,000"
2019-02-14,,"127,000","130,810","130,810"
2019-02-15,,"130,810","131,990","131,990"
2019-02-16,,,,
2019-02-17,,,,
2019-02-18,,"131,990","130,990","135,900"
2019-02-19,,"135,900","132,900","142,000"
2019-02-20,,"142,000","142,000","150,520"
2019-02-21,,"150,520","155,030","149,000"
2019-02-22,,,,
2019-02-23,,,,
2019-02-24,,,,
2019-02-25,,"150,000","153,900","150,000"
2019-02-26,,"150,000","147,000","147,000"
2019-02-27,,"147,000","146,000","145,000"
2019-02-28,,"145,000","146,000","145,000"
2019-03-01,,"145,000","147,000","146,990"
2019-03-02,,,,
2019-03-03,,,,
2019-03-04,,"146,990","146,990","146,990"
2019-03-05,,"146,990",,
2019-03-06,,"146,990",,
2019-03-07,,"146,990","141,000","146,800"
2019-03-08,,"146,800","146,400","146,800"
2019-03-09,,,,
2019-03-10,,,,
2019-03-11,,"146,800","142,500","142,500"
2019-03-12,,"142,500","148,500","145,000"
2019-03-13,,"145,000","146,000","144,000"
2019-03-14,,"144,000","144,950","144,900"
2019-03-15,,"144,900","140,800","144,900"
2019-03-16,,,,
2019-03-17,,,,
2019-03-18,,"144,900","140,560","144,850"
2019-03-19,,"144,850","144,690","144,690"
2019-03-20,,,,
2019-03-21,,"144,690","140,350","148,900"
2019-03-22,,"148,900","148,500","148,350"
2019-03-23,,,,
2019-03-24,,,,
2019-03-25,,"148,350",,
2019-03-26,,"148,350","143,900","140,100"
2019-03-27,,"140,100","144,000","140,300"
2019-03-28,,,,
2019-03-29,,"140,300","141,300","140,010"
2019-03-30,,,,
2019-03-31,,,,
2019-04-01,,"140,010","140,010","138,000"
2019-04-02,,"138,000","140,000","140,000"
2019-04-03,,"140,000","140,000","140,000"
2019-04-04,,"140,000","135,800","140,000"
2019-04-05,,"140,000","144,000","143,990"
2019-04-06,,,,
2019-04-07,,,,
2019-04-08,,"143,990","139,680","144,190"
2019-04-09,,,,
2019-04-10,,"144,190","144,000","144,000"
2019-04-11,,"144,000","139,680","139,680"
2019-04-12,,"139,680","140,000","140,000"
2019-04-13,,,,
2019-04-14,,,,
2019-04-15,,"140,000","139,900","141,500"
2019-04-16,,"141,500","139,000","141,390"
2019-04-17,,"141,390","137,150","137,500"
2019-04-18,,"137,500","133,510","133,510"
2019-04-19,,"133,510","133,510","137,510"
2019-04-20,,,,
2019-04-21,,,,
2019-04-22,,"137,510","141,100","135,000"
2019-04-23,,"135,000","132,000","135,000"
2019-04-24,,"135,000","135,000","135,000"
2019-04-25,,"135,000","132,000","132,000"
2019-04-26,,"132,000","132,000","132,000"
2019-04-27,,,,
2019-04-28,,,,
2019-04-29,,"132,000",,
2019-04-30,,"132,000","137,940","137,850"
2019-05-01,,,,
2019-05-02,,"137,850","138,900","138,900"
2019-05-03,,"138,900","138,900","138,900"
2019-05-04,,,,
2019-05-05,,,,
2019-05-06,,"138,900","135,000","135,000"
2019-05-07,,"135,000","130,960","134,850"
2019-05-08,,"134,850","134,850","138,750"
2019-05-09,,"138,750","140,000","135,000"
2019-05-10,,"135,000","135,000","135,000"
2019-05-11,,,,
2019-05-12,,,,
2019-05-13,,"135,000","132,000","132,000"
2019-05-14,,"132,000","135,000","132,000"
2019-05-15,,"128,920",,
2019-05-16,,"128,920",,
2019-05-17,,"128,920","132,490","132,500"
2019-05-18,,,,
2019-05-19,,,,
2019-05-20,,"132,500",,
2019-05-21,,"132,500","129,000","132,000"
2019-05-22,,"132,000","130,000","130,000"
2019-05-23,,"130,000","130,000","131,000"
2019-05-24,,"131,000","131,000","134,900"
2019-05-25,,,,
2019-05-26,,,,
2019-05-27,,"134,900","138,900","138,900"
2019-05-28,,"138,900",,
2019-05-29,,"138,900",,
2019-05-30,,"138,900",,
2019-05-31,,"138,900","135,000","138,000"
2019-06-01,,,,
2019-06-02,,,,
2019-06-03,,"138,000",,
2019-06-04,,,,
2019-06-05,,,,
2019-06-06,,,,
2019-06-07,,"138,000","137,990","137,000"
2019-06-08,,,,
2019-06-09,,,,
2019-06-10,,"137,000",,
2019-06-11,,,,
2019-06-12,,"137,000",,
2019-06-13,,"137,000",,
2019-06-14,,"137,000","130,840","135,000"
2019-06-15,,,,
2019-06-16,,,,
2019-06-17,,"135,000","134,000","138,000"
2019-06-18,,"138,000","138,000","143,000"
2019-06-19,,"143,000","141,500","141,500"
2019-06-20,,"141,500",,
2019-06-21,,"141,500","140,000","140,000"
2019-06-22,,,,
2019-06-23,,,,
2019-06-24,,"140,000","139,000","141,000"
2019-06-25,,"141,000",,
2019-06-26,,"141,000","136,500","135,800"
2019-06-27,,"135,800","131,730","131,730"
2019-06-28,,"131,730","131,740","131,800"
2019-06-29,,,,
2019-06-30,,,,
2019-07-01,,"131,800",,
2019-07-02,,"131,800","134,900","134,700"
2019-07-03,,"134,700","134,600","135,000"
2019-07-04,,"135,000",,
2019-07-05,,"135,000",,
2019-07-06,,,,
2019-07-07,,,,
2019-07-08,,"135,000","136,990","136,990"
2019-07-09,,"136,990","138,490","138,500"
2019-07-10,,"138,500","138,490","138,490"
2019-07-11,,"138,490",,
2019-07-12,,"138,490",,
2019-07-13,,,,
2019-07-14,,,,
2019-07-15,,"138,490","138,400","138,490"
2019-07-16,,"138,490","132,260","138,000"
2019-07-17,,"138,000",,
2019-07-18,,"138,000","137,000","138,000"
2019-07-19,,"138,000",,
2019-07-20,,,,
2019-07-21,,,,
2019-07-22,,"138,000","134,000","138,000"
2019-07-23,,"138,000","138,000","138,000"
2019-07-24,,,,
2019-07-25,,,,
2019-07-26,,"138,000",,
2019-07-27,,,,
2019-07-28,,,,
2019-07-29,,,,
2019-07-30,,"138,000",,
2019-07-31,,"138,000",,
2019-08-01,,"138,000",,
2019-08-02,,"138,000",,
2019-08-03,,,,
2019-08-04,,,,
2019-08-05,,"138,000",,
2019-08-06,,"138,000",,
2019-08-07,,"138,000",,
2019-08-08,,"131,790","134,000","130,000"
2019-08-09,,"130,000",,
2019-08-10,,,,
2019-08-11,,,,
2019-08-12,,,,
2019-08-13,,,,
2019-08-14,,"130,000",,
2019-08-15,,"130,000",,
2019-08-16,,"130,000","132,000","132,000"
2019-08-17,,,,
2019-08-18,,,,
2019-08-19,,"132,000",,
2019-08-20,,"132,000","134,000","134,000"
2019-08-21,,"134,000",,
2019-08-22,,"134,000",,
2019-08-23,,"134,000",,
2019-08-24,,,,
2019-08-25,,,,
2019-08-26,,"134,000",,
2019-08-27,,"134,000",,
2019-08-28,,"134,000",,
2019-08-29,,"134,000",,
2019-08-30,,"134,000","130,000","130,000"
2019-08-31,,,,
2019-09-01,,,,
2019-09-02,,"130,000","129,000","127,000"
2019-09-03,,"127,000","130,810","130,810"
2019-09-04,,"130,810","132,000","132,000"
2019-09-05,,"132,000",,
2019-09-06,,"132,000",,
2019-09-07,,,,
2019-09-08,,,,
2019-09-09,,,,
2019-09-10,,,,
2019-09-11,,"132,180",,
2019-09-12,,"132,180",,
2019-09-13,,"132,180","126,240","131,870"
2019-09-14,,,,
2019-09-15,,,,
2019-09-16,,"131,870","126,000","126,000"
2019-09-17,,"126,000","129,780","129,780"
2019-09-18,,"129,780","126,000","132,000"
2019-09-19,,"132,000",,
2019-09-20,,"132,000","130,000","132,000"
2019-09-21,,,,
2019-09-22,,,,
2019-09-23,,"132,000",,
2019-09-24,,"132,000",,
2019-09-25,,"132,000","132,000","135,500"
2019-09-26,,"135,500","138,730","138,740"
2019-09-27,,"138,740","134,600","134,600"
2019-09-28,,,,
2019-09-29,,,,
2019-09-30,,"134,600",,
2019-10-01,,"134,600","130,600","130,600"
2019-10-02,,"130,600","127,000","134,500"
2019-10-03,,"134,500","131,000","137,000"
2019-10-04,,"137,000","136,990","133,000"
2019-10-05,,,,
2019-10-06,,,,
2019-10-07,,"133,000","136,990","136,990"
2019-10-08,,"136,990","136,990","137,000"
2019-10-09,,"137,000",,
2019-10-10,,"137,000",,
2019-10-11,,"137,000","133,000","137,000"
2019-10-12,,,,
2019-10-13,,,,
2019-10-14,,"137,000","137,000","137,000"
2019-10-15,,,,
2019-10-16,,"137,000",,
2019-10-17,,"137,000","137,000","139,000"
2019-10-18,,"139,000","138,000","139,000"
2019-10-19,,,,
2019-10-20,,,,
2019-10-21,,"139,000",,
2019-10-22,,"139,000",,
2019-10-23,,"139,000",,
2019-10-24,,"139,000","139,000","139,000"
2019-10-25,,"139,000",,
2019-10-26,,,,
2019-10-27,,,,
2019-10-28,,"139,000",,
2019-10-29,,"139,000",,
2019-10-30,,"139,000",,
2019-10-31,,"132,750","131,000","134,900"
2019-11-01,,"134,900","134,790","134,790"
2019-11-02,,,,
2019-11-03,,,,
2019-11-04,,"134,790",,
2019-11-05,,"134,790",,
2019-11-06,,"134,790","132,500","134,000"
2019-11-07,,"134,000","134,000","134,000"
2019-11-08,,"134,000",,
2019-11-09,,,,
2019-11-10,,,,
2019-11-11,,"134,000",,
2019-11-12,,"134,000",,
2019-11-13,,"134,000",,
2019-11-14,,"134,000","134,000","134,000"
2019-11-15,,"134,000",,
2019-11-16,,,,
2019-11-17,,,,
2019-11-18,,"134,000",,
2019-11-19,,"134,000",,
2019-11-20,,"134,000",,
2019-11-21,,"134,000",,
2019-11-22,,"134,000",,
2019-11-23,,,,
2019-11-24,,,,
2019-11-25,,"134,000",,
2019-11-26,,"134,000",,
2019-11-27,,"134,000","131,500","133,000"
2019-11-28,,"133,000",,
2019-11-29,,"133,000","133,000","134,780"
2019-11-30,,,,
2019-12-01,,,,
2019-12-02,,"134,780",,
2019-12-03,,"134,780","138,790","138,790"
2019-12-04,,"138,790",,
2019-12-05,,"138,790",,
2019-12-06,,"138,790",,
2019-12-07,,,,
2019-12-08,,,,
2019-12-09,,"138,790",,
2019-12-10,,"138,790",,
2019-12-11,,"138,790",,
2019-12-12,,"138,790","137,000","138,790"
2019-12-13,,"138,790","138,790","140,400"
2019-12-14,,,,
2019-12-15,,,,
2019-12-16,,"140,400",,
2019-12-17,,"140,400",,
2019-12-18,,"140,400","139,880","140,380"
2019-12-19,,"140,380","140,400","142,000"
2019-12-20,,"142,000",,
2019-12-21,,,,
2019-12-22,,,,
2019-12-23,,"142,000",,
2019-12-24,,"142,000","140,990","141,000"
2019-12-25,,"141,000","140,900","142,000"
2019-12-26,,"142,000","143,990","141,000"
2019-12-27,,"141,000","141,000","142,000"
2019-12-28,,,,
2019-12-29,,,,
2019-12-30,,"142,000","143,400","141,400"
2019-12-31,,"141,400","141,000","137,160"
2020-01-01,,,,
2020-01-02,,,,
2020-01-03,,,,
2020-01-04,,,,
2020-01-05,,,,
2020-01-06,,,,
2020-01-07,,,,
2020-01-08,,,,
2020-01-09,,,,
2020-01-10,,,,
2020-01-11,,,,
2020-01-12,,,,
2020-01-13,,,,
2020-01-14,,,,
2020-01-15,,,,
2020-01-16,,,,
2020-01-17,,,,
2020-01-18,,,,
2020-01-19,,,,
2020-01-20,,,,
2020-01-21,,,,
2020-01-22,,,,
2020-01-23,,,,
2020-01-24,,,,
2020-01-25,,,,
2020-01-26,,,,
2020-01-27,,,,
2020-01-28,,,,
2020-01-29,,,,
2020-01-30,,,,
2020-01-31,,,,
2020-02-01,,,,
2020-02-02,,,,
2020-02-03,,,,
2020-02-04,,,,
2020-02-05,,,,
2020-02-06,,,,
2020-02-07,,,,
2020-02-08,,,,
2020-02-09,,,,
2020-02-10,,,,
2020-02-11,,,,
2020-02-12,,,,
2020-02-13,,,,
2020-02-14,,,,
2020-02-15,,,,
2020-02-16,,,,
2020-02-17,,,,
2020-02-18,,,,
2020-02-19,,,,
2020-02-20,,,,
2020-02-21,,,,
2020-02-22,,,,
2020-02-23,,,,
2020-02-24,,,,
2020-02-25,,,,
2020-02-26,,,,
2020-02-27,,,,
2020-02-28,,,,
2020-02-29,,,,
2020-03-01,,,,
2020-03-02,,,,
2020-03-03,,,,
2020-03-04,,,,
2020-03-05,,,,
2020-03-06,,,,
2020-03-07,,,,
2020-03-08,,,,
2020-03-09,,,,
2020-03-10,,,,
2020-03-11,,,,
2020-03-12,,,,
2020-03-13,,,,
2020-03-14,,,,
2020-03-15,,,,
2020-03-16,,,,
2020-03-17,,,,
2020-03-18,,,,
2020-03-19,,,,
2020-03-20,,,,
2020-03-21,,,,
2020-03-22,,,,
2020-03-23,,,,
2020-03-24,,,,
2020-03-25,,,,
2020-03-26,,,,
2020-03-27,,,,
2020-03-28,,,,
2020-03-29,,,,
2020-03-30,,,,
2020-03-31,,,,
2020-04-01,,,,
2020-04-02,,,,
2020-04-03,,,,
2020-04-04,,,,
2020-04-05,,,,
2020-04-06,,,,
2020-04-07,,,,
2020-04-08,,,,
2020-04-09,,,,
2020-04-10,,,,
2020-04-11,,,,
2020-04-12,,,,
2020-04-13,,,,
2020-04-14,,,,
2020-04-15,,,,
2020-04-16,,,,
2020-04-17,,,,
2020-04-18,,,,
2020-04-19,,,,
2020-04-20,,,,
2020-04-21,,,,
2020-04-22,,,,
2020-04-23,,,,
2020-04-24,,,,
2020-04-25,,,,
2020-04-26,,,,
2020-04-27,,,,
2020-04-28,,,,
2020-04-29,,,,
2020-04-30,,,,
2020-05-01,,,,
2020-05-02,,,,
2020-05-03,,,,
2020-05-04,,,,
2020-05-05,,,,
2020-05-06,,,,
2020-05-07,,,,
2020-05-08,,,,
2020-05-09,,,,
2020-05-10,,,,
2020-05-11,,,,
2020-05-12,,,,
2020-05-13,,,,
2020-05-14,,,,
2020-05-15,,,,
2020-05-16,,,,
2020-05-17,,,,
2020-05-18,,,,
2020-05-19,,,,
2020-05-20,,,,
2020-05-21,,,,
2020-05-22,,,,
2020-05-23,,,,
2020-05-24,,,,
2020-05-25,,,,
2020-05-26,,,,
2020-05-27,,,,
2020-05-28,,,,
2020-05-29,,,,
2020-05-30,,,,
2020-05-31,,,,
2020-06-01,,,,
2020-06-02,,,,
2020-06-03,,,,
2020-06-04,,,,
2020-06-05,,,,
2020-06-06,,,,
2020-06-07,,,,
2020-06-08,,,,
2020-06-09,,,,
2020-06-10,,,,
2020-06-11,,,,
2020-06-12,,,,
2020-06-13,,,,
2020-06-14,,,,
2020-06-15,,,,
2020-06-16,,,,
2020-06-17,,,,
2020-06-18,,,,
2020-06-19,,,,
2020-06-20,,,,
2020-06-21,,,,
2020-06-22,,,,
2020-06-23,,,,
2020-06-24,,,,
2020-06-25,,,,
2020-06-26,,,,
2020-06-27,,,,
2020-06-28,,,,
2020-06-29,,,,
2020-06-30,,,,
2020-07-01,,,,
2020-07-02,,,,
2020-07-03,,,,
2020-07-04,,,,
2020-07-05,,,,
2020-07-06,,,,
2020-07-07,,,,
2020-07-08,,,,
2020-07-09,,,,
2020-07-10,,,,
2020-07-11,,,,
2020-07-12,,,,
2020-07-13,,,,
2020-07-14,,,,
2020-07-15,,,,
2020-07-16,,,,
2020-07-17,,,,
2020-07-18,,,,
2020-07-19,,,,
2020-07-20,,,,
2020-07-21,,,,
2020-07-22,,,,
2020-07-23,,,,
2020-07-24,,,,
2020-07-25,,,,
2020-07-26,,,,
2020-07-27,,,,
2020-07-28,,,,
2020-07-29,,,,
2020-07-30,,,,
2020-07-31,,,,
2020-08-01,,,,
2020-08-02,,,,
2020-08-03,,,,
2020-08-04,,,,
2020-08-05,,,,
2020-08-06,,,,
2020-08-07,,,,
2020-08-08,,,,
2020-08-09,,,,
2020-08-10,,,,
2020-08-11,,,,
2020-08-12,,,,
2020-08-13,,,,
2020-08-14,,,,
2020-08-15,,,,
2020-08-16,,,,
2020-08-17,,,,
2020-08-18,,,,
2020-08-19,,,,
2020-08-20,,,,
2020-08-21,,,,
2020-08-22,,,,
2020-08-23,,,,
2020-08-24,,,,
2020-08-25,,,,
2020-08-26,,,,
2020-08-27,,,,
2020-08-28,,,,
2020-08-29,,,,
2020-08-30,,,,
2020-08-31,,,,
2020-09-01,,,,
2020-09-02,,,,
2020-09-03,,,,
2020-09-04,,,,
2020-09-05,,,,
2020-09-06,,,,
2020-09-07,,,,
2020-09-08,,,,
2020-09-09,,,,
2020-09-10,,,,
2020-09-11,,,,
2020-09-12,,,,
2020-09-13,,,,
2020-09-14,,,,
2020-09-15,,,,
2020-09-16,,,,
2020-09-17,,,,
2020-09-18,,,,
2020-09-19,,,,
2020-09-20,,,,
2020-09-21,,,,
2020-09-22,,,,
2020-09-23,,,,
2020-09-24,,,,
2020-09-25,,,,
2020-09-26,,,,
2020-09-27,,,,
2020-09-28,,,,
2020-09-29,,,,
2020-09-30,,,,
2020-10-01,,,,
2020-10-02,,,,
2020-10-03,,,,
2020-10-04,,,,
2020-10-05,,,,
2020-10-06,,,,
2020-10-07,,,,
2020-10-08,,,,
2020-10-09,,,,
2020-10-10,,,,
2020-10-11,,,,
2020-10-12,,,,
2020-10-13,,,,
2020-10-14,,,,
2020-10-15,,,,
2020-10-16,,,,
2020-10-17,,,,
2020-10-18,,,,
2020-10-19,,,,
2020-10-20,,,,
2020-10-21,,,,
2020-10-22,,,,
2020-10-23,,,,
2020-10-24,,,,
2020-10-25,,,,
2020-10-26,,,,
2020-10-27,,,,
2020-10-28,,,,
2020-10-29,,,,
2020-10-30,,,,
2020-10-31,,,,
2020-11-01,,,,
2020-11-02,,,,
2020-11-03,,,,
2020-11-04,,,,
2020-11-05,,,,
2020-11-06,,,,
2020-11-07,,,,
2020-11-08,,,,
2020-11-09,,,,
2020-11-10,,,,
2020-11-11,,,,
2020-11-12,,,,
2020-11-13,,,,
2020-11-14,,,,
2020-11-15,,,,
2020-11-16,,,,
2020-11-17,,,,
2020-11-18,,,,
2020-11-19,,,,
2020-11-20,,,,
2020-11-21,,,,
2020-11-22,,,,
2020-11-23,,,,
2020-11-24,,,,
2020-11-25,,,,
2020-11-26,,,,
2020-11-27,,,,
2020-11-28,,,,
2020-11-29,,,,
2020-11-30,,,,
2020-12-01,,,,
2020-12-02,,,,
2020-12-03,,,,
2020-12-04,,,,
2020-12-05,,,,
2020-12-06,,,,
2020-12-07,,,,
2020-12-08,,,,
2020-12-09,,,,
2020-12-10,,,,
2020-12-11,,,,
2020-12-12,,,,
2020-12-13,,,,
2020-12-14,,,,
2020-12-15,,,,
2020-12-16,,,,
2020-12-17,,,,
2020-12-18,,,,
2020-12-19,,,,
2020-12-20,,,,
2020-12-21,,,,
2020-12-22,,,,
2020-12-23,,,,
2020-12-24,,,,
2020-12-25,,,,
2020-12-26,,,,
2020-12-27,,,,
2020-12-28,,,,
2020-12-29,,,,
2020-12-30,,,,
2020-12-31,,,,
