,tijari,ref,ouverture,cloture
2018-01-01,,,,
2018-01-02,,,,
2018-01-03,,"36,600","36,000","36,150"
2018-01-04,,"36,150","36,160","36,470"
2018-01-05,,"36,470","36,410","36,860"
2018-01-06,,,,
2018-01-07,,,,
2018-01-08,,"36,860","36,890","37,330"
2018-01-09,,"37,330","37,330","37,370"
2018-01-10,,"37,370","37,370","37,500"
2018-01-11,,"37,500","37,420","38,400"
2018-01-12,,,,
2018-01-13,,,,
2018-01-14,,,,
2018-01-15,,"39,100","39,500","39,800"
2018-01-16,,,,
2018-01-17,,,,
2018-01-18,,,,
2018-01-19,,,,
2018-01-20,,,,
2018-01-21,,,,
2018-01-22,,,,
2018-01-23,,,,
2018-01-24,,,,
2018-01-25,,,,
2018-01-26,,"43,090","43,350","43,650"
2018-01-27,,,,
2018-01-28,,,,
2018-01-29,,,,
2018-01-30,,,,
2018-01-31,,,,
2018-02-01,,,,
2018-02-02,,,,
2018-02-03,,,,
2018-02-04,,,,
2018-02-05,,,,
2018-02-06,,,,
2018-02-07,,,,
2018-02-08,,,,
2018-02-09,,,,
2018-02-10,,,,
2018-02-11,,,,
2018-02-12,,,,
2018-02-13,,,,
2018-02-14,,,,
2018-02-15,,,,
2018-02-16,,,,
2018-02-17,,,,
2018-02-18,,,,
2018-02-19,,,,
2018-02-20,,"45,810","45,810","46,000"
2018-02-21,,"46,000","46,000","46,890"
2018-02-22,,,,
2018-02-23,,,,
2018-02-24,,,,
2018-02-25,,,,
2018-02-26,,,,
2018-02-27,,,,
2018-02-28,,,,
2018-03-01,,,,
2018-03-02,,,,
2018-03-03,,,,
2018-03-04,,,,
2018-03-05,,,,
2018-03-06,,,,
2018-03-07,,"46,950","46,990","46,800"
2018-03-08,,"46,800","46,800","46,650"
2018-03-09,,"46,650","46,650","46,300"
2018-03-10,,,,
2018-03-11,,,,
2018-03-12,,"46,300","46,300","46,200"
2018-03-13,,"46,200","46,300","46,400"
2018-03-14,,"46,400","46,350","46,400"
2018-03-15,,"46,400","46,200","46,200"
2018-03-16,,"46,200","46,400","47,250"
2018-03-17,,,,
2018-03-18,,,,
2018-03-19,,"47,250","46,650","47,200"
2018-03-20,,,,
2018-03-21,,"47,200","47,200","46,800"
2018-03-22,,"46,800","46,660","47,010"
2018-03-23,,"47,010","47,200","48,000"
2018-03-24,,,,
2018-03-25,,,,
2018-03-26,,"48,000","47,210","48,120"
2018-03-27,,"48,120","48,000","49,020"
2018-03-28,,"49,020","49,020","49,100"
2018-03-29,,"49,100","49,300","50,300"
2018-03-30,,"50,300","50,300","49,960"
2018-03-31,,,,
2018-04-01,,,,
2018-04-02,,"49,960","49,950","50,400"
2018-04-03,,"50,400","50,060","51,300"
2018-04-04,,"51,300","51,010","50,020"
2018-04-05,,"50,020","51,400","50,890"
2018-04-06,,"50,890","50,800","49,650"
2018-04-07,,,,
2018-04-08,,,,
2018-04-09,,,,
2018-04-10,,"49,650","47,420","46,630"
2018-04-11,,"46,630","44,540","45,490"
2018-04-12,,"45,490","45,000","45,810"
2018-04-13,,"45,810","46,000","48,000"
2018-04-14,,,,
2018-04-15,,,,
2018-04-16,,"48,000","47,990","47,680"
2018-04-17,,"47,680","47,870","47,190"
2018-04-18,,"47,190","47,200","47,490"
2018-04-19,,"47,490","47,300","46,450"
2018-04-20,,"46,450","46,450","46,100"
2018-04-21,,,,
2018-04-22,,,,
2018-04-23,,"46,100","46,100","46,000"
2018-04-24,,"46,000","45,920","45,500"
2018-04-25,,"45,500","45,480","45,480"
2018-04-26,,"45,480","45,300","44,860"
2018-04-27,,"44,860","43,620","43,850"
2018-04-28,,,,
2018-04-29,,,,
2018-04-30,,"43,850","43,850","43,440"
2018-05-01,,,,
2018-05-02,,"43,440","43,010","43,300"
2018-05-03,,"43,300","43,400","44,590"
2018-05-04,,"44,590","44,590","44,800"
2018-05-05,,,,
2018-05-06,,,,
2018-05-07,,"44,800","44,800","44,800"
2018-05-08,,"43,600","44,660","43,600"
2018-05-09,,"43,600","44,700","44,820"
2018-05-10,,"44,820","44,820","45,700"
2018-05-11,,"45,700","45,000","46,000"
2018-05-12,,,,
2018-05-13,,,,
2018-05-14,,"46,000","46,000","46,900"
2018-05-15,,"46,900","47,000","46,700"
2018-05-16,,"46,700","46,700","46,650"
2018-05-17,,"46,650","46,600","46,480"
2018-05-18,,"46,480","46,500","46,400"
2018-05-19,,,,
2018-05-20,,,,
2018-05-21,,"46,400","46,400","46,310"
2018-05-22,,"46,310","46,360","47,020"
2018-05-23,,"47,020","47,030","47,200"
2018-05-24,,"47,200","47,200","48,000"
2018-05-25,,"46,820","48,000","47,500"
2018-05-26,,,,
2018-05-27,,,,
2018-05-28,,"47,500","47,840","47,850"
2018-05-29,,"47,850","47,860","49,000"
2018-05-30,,"49,000","49,280","49,000"
2018-05-31,,"49,000","49,000","49,000"
2018-06-01,,"49,000","49,000","49,300"
2018-06-02,,,,
2018-06-03,,,,
2018-06-04,,"49,300","49,100","49,100"
2018-06-05,,"49,100","49,100","49,200"
2018-06-06,,"49,200","49,100","49,900"
2018-06-07,,,,
2018-06-08,,"50,500","50,510","50,500"
2018-06-09,,,,
2018-06-10,,,,
2018-06-11,,"50,500","49,900","50,000"
2018-06-12,,"50,000","50,000","50,200"
2018-06-13,,"50,200","50,200","50,200"
2018-06-14,,"50,200","50,200","50,700"
2018-06-15,,,,
2018-06-16,,,,
2018-06-17,,,,
2018-06-18,,"50,700","50,800","52,300"
2018-06-19,,"52,300","52,300","53,200"
2018-06-20,,"53,200","52,210","53,760"
2018-06-21,,"53,760","53,300","52,300"
2018-06-22,,"52,300","52,100","51,600"
2018-06-23,,,,
2018-06-24,,,,
2018-06-25,,"51,600","50,710","51,480"
2018-06-26,,"51,480","51,450","52,000"
2018-06-27,,"52,000","52,000","51,500"
2018-06-28,,"51,500","51,510","51,000"
2018-06-29,,"51,000","51,200","50,500"
2018-06-30,,,,
2018-07-01,,,,
2018-07-02,,,,
2018-07-03,,"50,250","51,000","51,500"
2018-07-04,,"51,500","51,500","51,000"
2018-07-05,,"51,000","51,010","51,000"
2018-07-06,,"51,000","50,980","50,500"
2018-07-07,,,,
2018-07-08,,,,
2018-07-09,,"50,500","50,500","50,100"
2018-07-10,,"50,100","50,000","49,800"
2018-07-11,,"49,800","49,800","49,820"
2018-07-12,,"49,820","49,800","49,480"
2018-07-13,,"49,480","49,450","49,500"
2018-07-14,,,,
2018-07-15,,,,
2018-07-16,,"49,500","49,500","49,900"
2018-07-17,,"49,900","50,000","49,400"
2018-07-18,,"49,400","49,400","50,750"
2018-07-19,,"50,750","50,750","50,200"
2018-07-20,,"50,200","50,200","50,850"
2018-07-21,,,,
2018-07-22,,,,
2018-07-23,,"50,850","50,850","50,340"
2018-07-24,,"50,340","50,600","50,600"
2018-07-25,,,,
2018-07-26,,"50,600","50,600","50,490"
2018-07-27,,"50,490","50,600","50,550"
2018-07-28,,,,
2018-07-29,,,,
2018-07-30,,"50,550","50,500","51,000"
2018-07-31,,"51,000","51,000","52,500"
2018-08-01,,"52,500","52,990","53,000"
2018-08-02,,,,
2018-08-03,,,,
2018-08-04,,,,
2018-08-05,,,,
2018-08-06,,"54,000","54,750","54,510"
2018-08-07,,"54,510","54,990","54,990"
2018-08-08,,"54,990","54,990","54,650"
2018-08-09,,"54,650","54,600","54,110"
2018-08-10,,"54,110","54,500","53,010"
2018-08-11,,,,
2018-08-12,,,,
2018-08-13,,,,
2018-08-14,,"53,010","53,050","53,500"
2018-08-15,,"53,500","53,500","53,000"
2018-08-16,,"53,000","53,500","53,000"
2018-08-17,,"53,000","53,000","52,010"
2018-08-18,,,,
2018-08-19,,,,
2018-08-20,,"52,010","52,500","52,980"
2018-08-21,,,,
2018-08-22,,,,
2018-08-23,,"52,980","52,980","52,980"
2018-08-24,,"52,980","52,700","52,700"
2018-08-25,,,,
2018-08-26,,,,
2018-08-27,,"52,700","52,440","52,280"
2018-08-28,,"52,280","52,210","54,000"
2018-08-29,,"54,000","54,100","54,500"
2018-08-30,,"54,500","53,000","53,100"
2018-08-31,,"53,100","53,100","53,300"
2018-09-01,,,,
2018-09-02,,,,
2018-09-03,,"53,300","53,290","52,040"
2018-09-04,,"52,040","52,000","51,500"
2018-09-05,,,,
2018-09-06,,"50,450","49,500","47,390"
2018-09-07,,"47,390","47,300","50,100"
2018-09-08,,,,
2018-09-09,,,,
2018-09-10,,,,
2018-09-11,,,,
2018-09-12,,"51,000","51,980","49,900"
2018-09-13,,"49,900","49,000","49,880"
2018-09-14,,"49,880","49,500","49,350"
2018-09-15,,,,
2018-09-16,,,,
2018-09-17,,"49,350","49,500","49,400"
2018-09-18,,"49,400","49,400","49,900"
2018-09-19,,"49,900","49,890","49,150"
2018-09-20,,"49,150","49,150","48,950"
2018-09-21,,"48,950","48,810","48,800"
2018-09-22,,,,
2018-09-23,,,,
2018-09-24,,"48,800","48,500","48,800"
2018-09-25,,"48,800","48,800","49,200"
2018-09-26,,"49,200","49,800","49,100"
2018-09-27,,"49,100","49,100","48,800"
2018-09-28,,"48,800","48,500","48,790"
2018-09-29,,,,
2018-09-30,,,,
2018-10-01,,"48,790","48,790","48,400"
2018-10-02,,"48,400","48,450","47,920"
2018-10-03,,"47,920","47,700","46,270"
2018-10-04,,"46,270","46,270","44,910"
2018-10-05,,"44,910","44,530","45,860"
2018-10-06,,,,
2018-10-07,,,,
2018-10-08,,"45,860","45,780","45,800"
2018-10-09,,"45,800","45,500","44,500"
2018-10-10,,"44,500","44,510","45,490"
2018-10-11,,,,
2018-10-12,,"44,510","45,000","44,000"
2018-10-13,,,,
2018-10-14,,,,
2018-10-15,,,,
2018-10-16,,"44,000","43,000","42,950"
2018-10-17,,"42,950","42,950","41,670"
2018-10-18,,"41,670","41,670","41,600"
2018-10-19,,"41,600","41,700","42,480"
2018-10-20,,,,
2018-10-21,,,,
2018-10-22,,"42,480","42,750","43,450"
2018-10-23,,"43,450","44,390","43,060"
2018-10-24,,"43,060","43,430","42,130"
2018-10-25,,"42,130","42,130","41,780"
2018-10-26,,"41,780","40,700","42,400"
2018-10-27,,,,
2018-10-28,,,,
2018-10-29,,"42,400","42,400","43,000"
2018-10-30,,"43,000","42,410","43,000"
2018-10-31,,"43,000","43,000","43,010"
2018-11-01,,"43,010","43,410","43,000"
2018-11-02,,"43,000","43,000","43,000"
2018-11-03,,,,
2018-11-04,,,,
2018-11-05,,"43,000","43,000","43,000"
2018-11-06,,"43,000","42,900","42,900"
2018-11-07,,"42,900","42,600","42,600"
2018-11-08,,"42,600","42,590","42,600"
2018-11-09,,"42,600","42,500","42,300"
2018-11-10,,,,
2018-11-11,,,,
2018-11-12,,"42,300","42,000","42,090"
2018-11-13,,"42,090","42,300","42,090"
2018-11-14,,"42,090","42,090","42,400"
2018-11-15,,"42,400","42,000","42,110"
2018-11-16,,"42,110","41,100","42,200"
2018-11-17,,,,
2018-11-18,,,,
2018-11-19,,"42,200","42,190","42,190"
2018-11-20,,,,
2018-11-21,,,,
2018-11-22,,"42,000","42,000","41,990"
2018-11-23,,"41,990","41,500","41,400"
2018-11-24,,,,
2018-11-25,,,,
2018-11-26,,"41,400","41,290","40,480"
2018-11-27,,"40,480","41,600","41,000"
2018-11-28,,"41,000","41,900","41,200"
2018-11-29,,"41,200","41,200","41,000"
2018-11-30,,"41,000","41,000","41,500"
2018-12-01,,,,
2018-12-02,,,,
2018-12-03,,"41,500","41,500","42,500"
2018-12-04,,"42,500","43,440","43,000"
2018-12-05,,"43,000","43,000","42,990"
2018-12-06,,"42,990","42,990","42,990"
2018-12-07,,"42,990","43,010","42,650"
2018-12-08,,,,
2018-12-09,,,,
2018-12-10,,"42,650","41,800","40,550"
2018-12-11,,"40,550","41,100","42,330"
2018-12-12,,"42,330","41,070","42,000"
2018-12-13,,"42,000","41,950","42,000"
2018-12-14,,"42,000","42,100","41,500"
2018-12-15,,,,
2018-12-16,,,,
2018-12-17,,"41,500","41,500","41,960"
2018-12-18,,,,
2018-12-19,,"41,940","41,020","41,200"
2018-12-20,,"41,200","41,200","41,950"
2018-12-21,,"41,950","42,000","41,900"
2018-12-22,,,,
2018-12-23,,,,
2018-12-24,,"41,900","41,850","41,800"
2018-12-25,,"41,800","41,790","41,100"
2018-12-26,,"41,100","40,940","40,800"
2018-12-27,,"40,800","40,800","41,900"
2018-12-28,,"41,900","42,000","42,280"
2018-12-29,,,,
2018-12-30,,,,
2018-12-31,,"42,280","42,240","41,000"
2019-01-01,,,,
2019-01-02,,"41,000","41,900","41,000"
2019-01-03,,"41,000","41,200","41,500"
2019-01-04,,"41,500","41,500","41,200"
2019-01-05,,,,
2019-01-06,,,,
2019-01-07,,"41,200","41,200","41,000"
2019-01-08,,"41,000","41,000","41,400"
2019-01-09,,,,
2019-01-10,,"41,000","41,400","41,000"
2019-01-11,,"41,000","41,000","42,000"
2019-01-12,,,,
2019-01-13,,,,
2019-01-14,,,,
2019-01-15,,"42,000","41,000","42,230"
2019-01-16,,"42,230","42,200","43,400"
2019-01-17,,"43,400","43,400","43,300"
2019-01-18,,"43,300","43,250","43,100"
2019-01-19,,,,
2019-01-20,,,,
2019-01-21,,"43,100","43,090","42,980"
2019-01-22,,"42,980","42,970","43,300"
2019-01-23,,"43,300","43,300","43,200"
2019-01-24,,"43,200","43,300","42,900"
2019-01-25,,"42,900","42,900","42,500"
2019-01-26,,,,
2019-01-27,,,,
2019-01-28,,"42,500","42,640","42,100"
2019-01-29,,"42,100","41,600","42,300"
2019-01-30,,"42,300","42,300","42,300"
2019-01-31,,"42,300","42,200","42,300"
2019-02-01,,"42,300","42,190","42,190"
2019-02-02,,,,
2019-02-03,,,,
2019-02-04,,"42,190","41,300","42,000"
2019-02-05,,"42,000","42,000","41,970"
2019-02-06,,,,
2019-02-07,,,,
2019-02-08,,"41,850","41,250","41,780"
2019-02-09,,,,
2019-02-10,,,,
2019-02-11,,,,
2019-02-12,,,,
2019-02-13,,"40,750","39,650","40,000"
2019-02-14,,"40,000","40,700","40,000"
2019-02-15,,"40,000","40,000","40,700"
2019-02-16,,,,
2019-02-17,,,,
2019-02-18,,"40,700","40,000","40,690"
2019-02-19,,"40,690","40,000","40,700"
2019-02-20,,"40,700","40,500","40,000"
2019-02-21,,"40,000","39,500","39,980"
2019-02-22,,,,
2019-02-23,,,,
2019-02-24,,,,
2019-02-25,,"39,000","38,900","39,300"
2019-02-26,,"39,300","39,300","39,000"
2019-02-27,,"39,000","39,000","38,500"
2019-02-28,,"38,500","37,800","38,190"
2019-03-01,,"38,190","38,180","39,300"
2019-03-02,,,,
2019-03-03,,,,
2019-03-04,,"39,300","38,300","39,300"
2019-03-05,,"39,300","39,000","39,000"
2019-03-06,,"39,000","38,500","38,400"
2019-03-07,,"38,400","38,300","38,190"
2019-03-08,,"38,190","37,900","37,950"
2019-03-09,,,,
2019-03-10,,,,
2019-03-11,,"37,950","37,900","36,770"
2019-03-12,,"36,770","36,590","34,950"
2019-03-13,,"34,950","33,880","32,860"
2019-03-14,,"32,860",,
2019-03-15,,"32,860","32,500","31,040"
2019-03-16,,,,
2019-03-17,,,,
2019-03-18,,"30,860","29,480","31,850"
2019-03-19,,"31,850","33,280","33,100"
2019-03-20,,,,
2019-03-21,,"33,100","33,900","32,890"
2019-03-22,,"32,890","33,480","34,480"
2019-03-23,,,,
2019-03-24,,,,
2019-03-25,,"34,480","35,500","36,560"
2019-03-26,,"36,560","37,650","37,000"
2019-03-27,,"37,000","37,980","36,850"
2019-03-28,,,,
2019-03-29,,"35,800","34,190","34,190"
2019-03-30,,,,
2019-03-31,,,,
2019-04-01,,"34,190","33,170","34,000"
2019-04-02,,"34,000","35,020","34,800"
2019-04-03,,"34,800","34,400","33,990"
2019-04-04,,"33,990","33,800","35,510"
2019-04-05,,"35,510","35,430","35,890"
2019-04-06,,,,
2019-04-07,,,,
2019-04-08,,"35,890","35,800","35,700"
2019-04-09,,,,
2019-04-10,,"35,700","35,700","36,650"
2019-04-11,,"36,650","36,640","37,000"
2019-04-12,,"37,000","37,000","36,890"
2019-04-13,,,,
2019-04-14,,,,
2019-04-15,,"36,890","36,880","36,800"
2019-04-16,,"36,800","36,020","36,500"
2019-04-17,,"36,500","36,490","36,000"
2019-04-18,,"36,000","36,000","35,100"
2019-04-19,,"35,100","35,100","35,100"
2019-04-20,,,,
2019-04-21,,,,
2019-04-22,,"35,100","35,400","34,050"
2019-04-23,,"34,050","34,980","34,000"
2019-04-24,,"34,000","34,000","33,840"
2019-04-25,,"33,840","34,030","34,900"
2019-04-26,,"34,900","35,940","35,800"
2019-04-27,,,,
2019-04-28,,,,
2019-04-29,,"35,800","35,800","35,790"
2019-04-30,,"35,790","36,100","36,100"
2019-05-01,,,,
2019-05-02,,"36,100","36,100","35,900"
2019-05-03,,"35,900","36,500","35,700"
2019-05-04,,,,
2019-05-05,,,,
2019-05-06,,"35,700","35,800","35,700"
2019-05-07,,"35,700","35,600","35,700"
2019-05-08,,"35,700","35,700","35,700"
2019-05-09,,"35,700","35,010","35,400"
2019-05-10,,"35,400","35,600","35,600"
2019-05-11,,,,
2019-05-12,,,,
2019-05-13,,"35,600","35,300","36,250"
2019-05-14,,"36,250","37,000","36,700"
2019-05-15,,"34,500","35,490","34,430"
2019-05-16,,"34,430","34,200","34,190"
2019-05-17,,"34,190","33,250","33,300"
2019-05-18,,,,
2019-05-19,,,,
2019-05-20,,"33,300","33,200","32,790"
2019-05-21,,"32,790","32,790","32,280"
2019-05-22,,"32,280","32,210","32,500"
2019-05-23,,"32,500","32,300","32,100"
2019-05-24,,"32,100","32,500","32,300"
2019-05-25,,,,
2019-05-26,,,,
2019-05-27,,"32,300","32,300","32,700"
2019-05-28,,"32,700","32,320","33,000"
2019-05-29,,"33,000","33,000","33,000"
2019-05-30,,"33,000","33,100","33,200"
2019-05-31,,"33,200","33,010","33,800"
2019-06-01,,,,
2019-06-02,,,,
2019-06-03,,"33,800","34,170","34,150"
2019-06-04,,,,
2019-06-05,,,,
2019-06-06,,,,
2019-06-07,,"34,150","34,500","34,990"
2019-06-08,,,,
2019-06-09,,,,
2019-06-10,,"34,990","34,990","34,980"
2019-06-11,,,,
2019-06-12,,"34,500","34,790","35,570"
2019-06-13,,"35,570","35,000","35,450"
2019-06-14,,"35,450","35,450","35,700"
2019-06-15,,,,
2019-06-16,,,,
2019-06-17,,"35,700","35,250","35,840"
2019-06-18,,"35,840","35,840","35,750"
2019-06-19,,"35,750","35,750","35,700"
2019-06-20,,"35,700","35,700","35,700"
2019-06-21,,"35,700","35,700","35,800"
2019-06-22,,,,
2019-06-23,,,,
2019-06-24,,"35,800","35,500","35,600"
2019-06-25,,"35,600","35,600","35,700"
2019-06-26,,"35,700","35,630","35,700"
2019-06-27,,"35,700","35,700","35,600"
2019-06-28,,"35,600","35,650","35,200"
2019-06-29,,,,
2019-06-30,,,,
2019-07-01,,"35,200","35,200","35,490"
2019-07-02,,"35,490","35,600","35,500"
2019-07-03,,"35,500","35,200","35,200"
2019-07-04,,"35,200","35,500","35,000"
2019-07-05,,"35,000","35,000","34,380"
2019-07-06,,,,
2019-07-07,,,,
2019-07-08,,"34,380","34,380","34,800"
2019-07-09,,"34,800","34,500","34,700"
2019-07-10,,"34,700","34,600","34,600"
2019-07-11,,"34,600","34,000","34,490"
2019-07-12,,"34,490","34,010","34,600"
2019-07-13,,,,
2019-07-14,,,,
2019-07-15,,"34,600","34,000","34,390"
2019-07-16,,"34,390","34,060","34,500"
2019-07-17,,"34,500","35,000","34,110"
2019-07-18,,"34,110","34,990","34,500"
2019-07-19,,"34,500","34,110","34,100"
2019-07-20,,,,
2019-07-21,,,,
2019-07-22,,"34,100","34,110","34,400"
2019-07-23,,"34,400","34,050","34,200"
2019-07-24,,,,
2019-07-25,,,,
2019-07-26,,"34,400","34,300","34,150"
2019-07-27,,,,
2019-07-28,,,,
2019-07-29,,,,
2019-07-30,,"34,400","34,290","34,500"
2019-07-31,,"34,500","34,410","35,000"
2019-08-01,,"35,000","34,200","34,840"
2019-08-02,,"34,840","34,200","34,800"
2019-08-03,,,,
2019-08-04,,,,
2019-08-05,,"34,800","34,800","34,500"
2019-08-06,,"34,500","34,250","34,200"
2019-08-07,,"34,200","34,250","34,250"
2019-08-08,,"34,250","34,000","34,200"
2019-08-09,,"34,200","34,000","34,300"
2019-08-10,,,,
2019-08-11,,,,
2019-08-12,,,,
2019-08-13,,,,
2019-08-14,,"34,300","34,300","34,450"
2019-08-15,,"34,450","34,000","34,400"
2019-08-16,,"34,400","34,400","34,000"
2019-08-17,,,,
2019-08-18,,,,
2019-08-19,,"34,000","34,400","34,400"
2019-08-20,,"34,400","34,500","34,400"
2019-08-21,,"34,400","34,490","34,500"
2019-08-22,,"34,500","34,020","34,000"
2019-08-23,,"34,000","33,890","34,000"
2019-08-24,,,,
2019-08-25,,,,
2019-08-26,,"34,000","33,900","34,000"
2019-08-27,,"34,000","34,000","33,990"
2019-08-28,,"33,990","33,900","34,490"
2019-08-29,,"34,490","34,390","34,000"
2019-08-30,,"34,000","33,500","34,400"
2019-08-31,,,,
2019-09-01,,,,
2019-09-02,,"34,400","34,490","34,490"
2019-09-03,,"34,490","34,480","34,480"
2019-09-04,,"34,480","34,000","34,000"
2019-09-05,,"34,000","34,470","34,470"
2019-09-06,,"34,470","34,400","34,000"
2019-09-07,,,,
2019-09-08,,,,
2019-09-09,,,,
2019-09-10,,,,
2019-09-11,,"33,990","34,400","33,900"
2019-09-12,,"33,900","33,800","33,890"
2019-09-13,,"33,890","33,900","33,890"
2019-09-14,,,,
2019-09-15,,,,
2019-09-16,,"33,890","33,610","33,890"
2019-09-17,,"33,890","33,890","33,990"
2019-09-18,,"33,990","33,990","33,980"
2019-09-19,,"33,980","33,700","33,980"
2019-09-20,,"33,980","33,980","33,890"
2019-09-21,,,,
2019-09-22,,,,
2019-09-23,,"33,890","33,720","33,000"
2019-09-24,,"33,000","32,900","33,000"
2019-09-25,,"33,000","32,160","33,600"
2019-09-26,,"33,600","33,460","33,900"
2019-09-27,,"33,900","34,300","34,200"
2019-09-28,,,,
2019-09-29,,,,
2019-09-30,,"34,200","34,400","34,300"
2019-10-01,,"34,300","34,290","33,700"
2019-10-02,,"33,700","33,710","33,850"
2019-10-03,,"33,850","34,000","33,500"
2019-10-04,,"33,500","34,000","33,500"
2019-10-05,,,,
2019-10-06,,,,
2019-10-07,,"33,500","33,900","33,350"
2019-10-08,,"33,350","33,350","33,350"
2019-10-09,,"33,350","33,720","33,750"
2019-10-10,,"33,750","33,690","33,690"
2019-10-11,,"33,690","33,500","33,200"
2019-10-12,,,,
2019-10-13,,,,
2019-10-14,,"33,200","33,450","33,000"
2019-10-15,,,,
2019-10-16,,"33,000","33,200","33,640"
2019-10-17,,"33,640","33,650","33,900"
2019-10-18,,"33,900","34,000","33,900"
2019-10-19,,,,
2019-10-20,,,,
2019-10-21,,"33,900","33,890","33,700"
2019-10-22,,"33,700","33,700","33,300"
2019-10-23,,"33,300","33,700","33,300"
2019-10-24,,"33,300","33,300","33,000"
2019-10-25,,"33,000","33,200","32,970"
2019-10-26,,,,
2019-10-27,,,,
2019-10-28,,"32,970","32,510","32,880"
2019-10-29,,"32,880","32,880","32,000"
2019-10-30,,"32,000","31,050","32,000"
2019-10-31,,"32,000","32,000","32,000"
2019-11-01,,"32,000","32,000","32,000"
2019-11-02,,,,
2019-11-03,,,,
2019-11-04,,"32,000","32,000","32,000"
2019-11-05,,"32,000","31,800","31,800"
2019-11-06,,"31,800","31,820","32,000"
2019-11-07,,"32,000","31,900","31,900"
2019-11-08,,"31,900","31,900","32,000"
2019-11-09,,,,
2019-11-10,,,,
2019-11-11,,"32,000","31,710","31,900"
2019-11-12,,"31,900","31,990","31,980"
2019-11-13,,"31,980","31,900","31,900"
2019-11-14,,"31,900","31,900","31,900"
2019-11-15,,"31,900","31,900","31,890"
2019-11-16,,,,
2019-11-17,,,,
2019-11-18,,"31,890",,
2019-11-19,,"31,890","31,900","31,780"
2019-11-20,,"31,780","31,900","31,580"
2019-11-21,,"31,580","31,580","31,500"
2019-11-22,,"31,500","31,500","31,500"
2019-11-23,,,,
2019-11-24,,,,
2019-11-25,,"31,500","31,500","31,500"
2019-11-26,,"31,500","31,500","31,400"
2019-11-27,,"31,400","31,200","30,470"
2019-11-28,,"30,470","30,000","31,400"
2019-11-29,,"31,400","31,400","31,400"
2019-11-30,,,,
2019-12-01,,,,
2019-12-02,,"31,400","31,400","31,900"
2019-12-03,,"31,900","31,900","31,500"
2019-12-04,,"31,500","31,900","31,500"
2019-12-05,,"31,500","31,490","31,510"
2019-12-06,,"31,510","32,000","31,500"
2019-12-07,,,,
2019-12-08,,,,
2019-12-09,,"31,500","31,900","31,900"
2019-12-10,,"31,900","31,900","31,900"
2019-12-11,,"31,900","31,800","31,500"
2019-12-12,,"31,500","31,000","31,750"
2019-12-13,,"31,750","31,500","31,720"
2019-12-14,,,,
2019-12-15,,,,
2019-12-16,,"31,720","31,740","31,480"
2019-12-17,,"31,480","31,480","31,740"
2019-12-18,,"31,740","31,700","31,670"
2019-12-19,,"31,670","31,670","31,670"
2019-12-20,,"31,670","31,670","31,670"
2019-12-21,,,,
2019-12-22,,,,
2019-12-23,,"31,670","31,400","31,670"
2019-12-24,,"31,670","31,670","31,500"
2019-12-25,,"31,500","31,500","32,000"
2019-12-26,,"32,000","32,000","32,300"
2019-12-27,,"32,300","31,600","32,550"
2019-12-28,,,,
2019-12-29,,,,
2019-12-30,,"32,550","33,990","33,700"
2019-12-31,,"33,700","33,000","32,690"
2020-01-01,,,,
2020-01-02,,"32,690","32,400","32,000"
2020-01-03,,"32,000","31,350","31,400"
2020-01-04,,,,
2020-01-05,,,,
2020-01-06,,"31,400","31,400","31,000"
2020-01-07,,"31,000","30,700","30,530"
2020-01-08,,"30,530","30,510","30,000"
2020-01-09,,"30,000","30,000","30,020"
2020-01-10,,"30,020","29,950","30,270"
2020-01-11,,,,
2020-01-12,,,,
2020-01-13,,"30,270","30,200","31,170"
2020-01-14,,,,
2020-01-15,,"31,170","31,390","31,200"
2020-01-16,,"31,200","31,200","31,010"
2020-01-17,,"31,010","31,200","30,950"
2020-01-18,,,,
2020-01-19,,,,
2020-01-20,,"30,950","30,950","31,200"
2020-01-21,,"31,200","31,200","31,000"
2020-01-22,,"31,000","30,950","31,050"
2020-01-23,,"31,050","31,200","30,900"
2020-01-24,,"30,900","30,720","31,180"
2020-01-25,,,,
2020-01-26,,,,
2020-01-27,,"31,180","31,140","31,000"
2020-01-28,,"31,000","30,970","30,800"
2020-01-29,,"30,800","30,800","30,800"
2020-01-30,,"30,800","30,800","30,800"
2020-01-31,,"30,800","30,800","30,800"
2020-02-01,,,,
2020-02-02,,,,
2020-02-03,,"30,800","30,800","31,200"
2020-02-04,,"31,200","31,000","31,000"
2020-02-05,,"31,000","31,000","30,850"
2020-02-06,,"30,850","30,990","30,800"
2020-02-07,,"30,800","30,610","30,990"
2020-02-08,,,,
2020-02-09,,,,
2020-02-10,,"30,990","30,990","30,990"
2020-02-11,,"30,990","30,980","30,980"
2020-02-12,,"30,980","30,980","30,980"
2020-02-13,,"30,980","30,600","30,980"
2020-02-14,,"30,980","31,000","31,200"
2020-02-15,,,,
2020-02-16,,,,
2020-02-17,,,,
2020-02-18,,,,
2020-02-19,,,,
2020-02-20,,,,
2020-02-21,,,,
2020-02-22,,,,
2020-02-23,,,,
2020-02-24,,,,
2020-02-25,,,,
2020-02-26,,"30,650","30,700","30,700"
2020-02-27,,,,
2020-02-28,,,,
2020-02-29,,,,
2020-03-01,,,,
2020-03-02,,,,
2020-03-03,,,,
2020-03-04,,,,
2020-03-05,,"30,400","30,400","30,400"
2020-03-06,,"30,400","30,120","30,050"
2020-03-07,,,,
2020-03-08,,,,
2020-03-09,,"30,050","30,050","29,900"
2020-03-10,,"29,900","29,300","29,290"
2020-03-11,,"29,290","29,300","29,590"
2020-03-12,,"29,590","29,590","29,000"
2020-03-13,,"29,000","28,850","27,260"
2020-03-14,,,,
2020-03-15,,,,
2020-03-16,,"27,260","26,040","25,800"
2020-03-17,,"25,800","25,030","24,640"
2020-03-18,,"24,640","23,910","24,600"
2020-03-19,,"24,600","25,330","25,200"
2020-03-20,,,,
2020-03-21,,,,
2020-03-22,,,,
2020-03-23,,"25,200","25,900","25,600"
2020-03-24,,"25,600","26,200","26,000"
2020-03-25,,"26,000","26,100","26,400"
2020-03-26,,"26,400","26,400","26,600"
2020-03-27,,"26,600","26,600","26,840"
2020-03-28,,,,
2020-03-29,,,,
2020-03-30,,"26,840","27,000","27,000"
2020-03-31,,"27,000","26,510","27,640"
2020-04-01,,"27,640","27,100","27,600"
2020-04-02,,"27,600","27,080","26,780"
2020-04-03,,"26,780","27,580","26,790"
2020-04-04,,,,
2020-04-05,,,,
2020-04-06,,"26,790","26,100","27,200"
2020-04-07,,"27,200","26,510","26,610"
2020-04-08,,"26,610","26,990","26,600"
2020-04-09,,,,
2020-04-10,,,,
2020-04-11,,,,
2020-04-12,,,,
2020-04-13,,"26,600","26,600","26,600"
2020-04-14,,"26,600","27,290","27,000"
2020-04-15,,"27,000","27,400","27,280"
2020-04-16,,"27,280","27,480","27,280"
2020-04-17,,"27,280","27,280","27,370"
2020-04-18,,,,
2020-04-19,,,,
2020-04-20,,"27,370","27,500","27,300"
2020-04-21,,"27,300","27,500","27,310"
2020-04-22,,"27,310","27,790","27,500"
2020-04-23,,"27,500","28,000","27,550"
2020-04-24,,"27,550","28,290","28,000"
2020-04-25,,,,
2020-04-26,,,,
2020-04-27,,"28,000","28,600","28,580"
2020-04-28,,"28,580","29,390","29,360"
2020-04-29,,"29,360","29,950","29,000"
2020-04-30,,"29,000","29,700","29,200"
2020-05-01,,,,
2020-05-02,,,,
2020-05-03,,,,
2020-05-04,,"29,200","29,000","29,300"
2020-05-05,,"29,300","29,100","29,300"
2020-05-06,,"29,300","29,310","29,300"
2020-05-07,,"29,300","29,310","30,100"
2020-05-08,,"30,100","29,400","29,700"
2020-05-09,,,,
2020-05-10,,,,
2020-05-11,,"29,700","30,450","30,300"
2020-05-12,,"30,300","30,300","30,300"
2020-05-13,,"30,300","30,500","30,000"
2020-05-14,,"30,000","30,300","30,050"
2020-05-15,,"30,050","30,050","30,800"
2020-05-16,,,,
2020-05-17,,,,
2020-05-18,,"30,800","29,900","30,150"
2020-05-19,,"30,150","30,850","30,180"
2020-05-20,,"30,180","30,380","30,220"
2020-05-21,,"30,220","30,250","30,210"
2020-05-22,,"30,210","31,110","30,880"
2020-05-23,,,,
2020-05-24,,,,
2020-05-25,,,,
2020-05-26,,"30,880","30,880","30,880"
2020-05-27,,"30,880","30,400","30,790"
2020-05-28,,"30,790","30,790","30,100"
2020-05-29,,"30,100","30,100","30,490"
2020-05-30,,,,
2020-05-31,,,,
2020-06-01,,,,
2020-06-02,,"30,300","30,400","30,300"
2020-06-03,,,,
2020-06-04,,"30,000","29,800","30,000"
2020-06-05,,"30,000","30,000","30,100"
2020-06-06,,,,
2020-06-07,,,,
2020-06-08,,"30,100","29,800","30,000"
2020-06-09,,"30,000","30,000","30,000"
2020-06-10,,"30,000","30,010","30,010"
2020-06-11,,"30,010","30,020","30,010"
2020-06-12,,"30,010","30,010","30,400"
2020-06-13,,,,
2020-06-14,,,,
2020-06-15,,"30,400","30,020","30,010"
2020-06-16,,"30,010","30,010","30,010"
2020-06-17,,"30,010","30,020","30,010"
2020-06-18,,"30,010","30,010","30,050"
2020-06-19,,"30,050","30,010","30,050"
2020-06-20,,,,
2020-06-21,,,,
2020-06-22,,"30,050","30,010","30,050"
2020-06-23,,"30,050","30,010","30,010"
2020-06-24,,"30,010","30,000","29,850"
2020-06-25,,"29,850","29,850","30,000"
2020-06-26,,"30,000","29,800","29,800"
2020-06-27,,,,
2020-06-28,,,,
2020-06-29,,"29,800","29,800","29,800"
2020-06-30,,"29,800","29,800","29,610"
2020-07-01,,"29,610","29,500","29,500"
2020-07-02,,"29,500","29,100","29,400"
2020-07-03,,"29,400","29,500","29,300"
2020-07-04,,,,
2020-07-05,,,,
2020-07-06,,"29,300","29,500","29,310"
2020-07-07,,"29,310","29,310","29,300"
2020-07-08,,"29,300","29,300","29,320"
2020-07-09,,"29,320","29,310","29,350"
2020-07-10,,"29,350","29,350","29,400"
2020-07-11,,,,
2020-07-12,,,,
2020-07-13,,"29,400","29,300","29,350"
2020-07-14,,"29,350","29,350","29,400"
2020-07-15,,"29,400","29,000","29,350"
2020-07-16,,"29,350","29,350","29,290"
2020-07-17,,"29,290","29,000","29,200"
2020-07-18,,,,
2020-07-19,,,,
2020-07-20,,"29,200","28,800","29,200"
2020-07-21,,"29,200","28,800","28,800"
2020-07-22,,"28,800","28,500","28,780"
2020-07-23,,"28,780","28,700","28,600"
2020-07-24,,"28,600","28,700","28,610"
2020-07-25,,,,
2020-07-26,,,,
2020-07-27,,"28,610","28,500","28,500"
2020-07-28,,"28,500","28,500","28,510"
2020-07-29,,"28,510","28,510","28,500"
2020-07-30,,"28,500","28,500","28,510"
2020-07-31,,,,
2020-08-01,,,,
2020-08-02,,,,
2020-08-03,,"28,510","28,550","28,650"
2020-08-04,,"28,650","28,650","28,500"
2020-08-05,,"28,500","28,500","28,900"
2020-08-06,,"28,900","28,900","28,900"
2020-08-07,,"28,900","28,500","28,000"
2020-08-08,,,,
2020-08-09,,,,
2020-08-10,,"28,000","28,990","28,000"
2020-08-11,,"28,000","28,000","28,000"
2020-08-12,,"28,000","27,700","27,700"
2020-08-13,,,,
2020-08-14,,"27,700","27,700","28,250"
2020-08-15,,,,
2020-08-16,,,,
2020-08-17,,"28,250","27,750","27,700"
2020-08-18,,"27,700","27,500","28,000"
2020-08-19,,"28,000","27,710","28,000"
2020-08-20,,,,
2020-08-21,,"28,000","28,000","28,000"
2020-08-22,,,,
2020-08-23,,,,
2020-08-24,,"28,000","28,250","28,000"
2020-08-25,,"28,000","28,250","28,200"
2020-08-26,,"28,200","28,200","28,470"
2020-08-27,,"28,470","28,200","28,500"
2020-08-28,,"28,500","28,200","28,300"
2020-08-29,,,,
2020-08-30,,,,
2020-08-31,,"28,300","28,000","28,000"
2020-09-01,,"28,000","27,900","27,880"
2020-09-02,,"27,880","27,900","27,660"
2020-09-03,,"27,660","27,510","27,000"
2020-09-04,,"27,000","26,500","26,890"
2020-09-05,,,,
2020-09-06,,,,
2020-09-07,,"26,890","26,880","26,880"
2020-09-08,,"26,880","26,880","26,400"
2020-09-09,,"26,400","26,400","26,450"
2020-09-10,,"26,450","26,450","26,450"
2020-09-11,,"26,450","26,800","26,600"
2020-09-12,,,,
2020-09-13,,,,
2020-09-14,,"26,600","26,700","26,700"
2020-09-15,,"26,700","26,690","26,800"
2020-09-16,,"26,800","26,810","26,980"
2020-09-17,,"26,980","26,990","26,610"
2020-09-18,,"26,610","26,700","26,500"
2020-09-19,,,,
2020-09-20,,,,
2020-09-21,,"26,500","26,450","26,450"
2020-09-22,,"26,450","26,450","26,150"
2020-09-23,,"26,150","26,170","26,150"
2020-09-24,,"26,150","26,490","26,100"
2020-09-25,,"26,100","26,000","25,800"
2020-09-26,,,,
2020-09-27,,,,
2020-09-28,,,,
2020-09-29,,,,
2020-09-30,,,,
2020-10-01,,,,
2020-10-02,,,,
2020-10-03,,,,
2020-10-04,,,,
2020-10-05,,,,
2020-10-06,,,,
2020-10-07,,,,
2020-10-08,,,,
2020-10-09,,,,
2020-10-10,,,,
2020-10-11,,,,
2020-10-12,,,,
2020-10-13,,,,
2020-10-14,,,,
2020-10-15,,,,
2020-10-16,,,,
2020-10-17,,,,
2020-10-18,,,,
2020-10-19,,,,
2020-10-20,,,,
2020-10-21,,,,
2020-10-22,,,,
2020-10-23,,,,
2020-10-24,,,,
2020-10-25,,,,
2020-10-26,,,,
2020-10-27,,,,
2020-10-28,,,,
2020-10-29,,,,
2020-10-30,,,,
2020-10-31,,,,
2020-11-01,,,,
2020-11-02,,,,
2020-11-03,,,,
2020-11-04,,,,
2020-11-05,,,,
2020-11-06,,,,
2020-11-07,,,,
2020-11-08,,,,
2020-11-09,,,,
2020-11-10,,,,
2020-11-11,,,,
2020-11-12,,,,
2020-11-13,,,,
2020-11-14,,,,
2020-11-15,,,,
2020-11-16,,,,
2020-11-17,,,,
2020-11-18,,,,
2020-11-19,,,,
2020-11-20,,,,
2020-11-21,,,,
2020-11-22,,,,
2020-11-23,,,,
2020-11-24,,,,
2020-11-25,,,,
2020-11-26,,,,
2020-11-27,,,,
2020-11-28,,,,
2020-11-29,,,,
2020-11-30,,,,
2020-12-01,,,,
2020-12-02,,,,
2020-12-03,,,,
2020-12-04,,,,
2020-12-05,,,,
2020-12-06,,,,
2020-12-07,,,,
2020-12-08,,,,
2020-12-09,,,,
2020-12-10,,,,
2020-12-11,,,,
2020-12-12,,,,
2020-12-13,,,,
2020-12-14,,,,
2020-12-15,,,,
2020-12-16,,,,
2020-12-17,,,,
2020-12-18,,,,
2020-12-19,,,,
2020-12-20,,,,
2020-12-21,,,,
2020-12-22,,,,
2020-12-23,,,,
2020-12-24,,,,
2020-12-25,,,,
2020-12-26,,,,
2020-12-27,,,,
2020-12-28,,,,
2020-12-29,,,,
2020-12-30,,,,
2020-12-31,,,,
