,UDAH,ref,ouverture,cloture
2018-01-01,,,,
2018-01-02,,,,
2018-01-03,,"2,450","2,450","2,460"
2018-01-04,,"2,460","2,540","2,600"
2018-01-05,,"2,600","2,690","2,690"
2018-01-06,,,,
2018-01-07,,,,
2018-01-08,,"2,690","2,650","2,650"
2018-01-09,,"2,650","2,610","2,580"
2018-01-10,,"2,580","2,510","2,440"
2018-01-11,,"2,440","2,420","2,370"
2018-01-12,,,,
2018-01-13,,,,
2018-01-14,,,,
2018-01-15,,"2,300","2,240","2,240"
2018-01-16,,,,
2018-01-17,,,,
2018-01-18,,,,
2018-01-19,,,,
2018-01-20,,,,
2018-01-21,,,,
2018-01-22,,,,
2018-01-23,,,,
2018-01-24,,,,
2018-01-25,,,,
2018-01-26,,"2,190","2,180","2,150"
2018-01-27,,,,
2018-01-28,,,,
2018-01-29,,,,
2018-01-30,,,,
2018-01-31,,,,
2018-02-01,,,,
2018-02-02,,,,
2018-02-03,,,,
2018-02-04,,,,
2018-02-05,,,,
2018-02-06,,,,
2018-02-07,,,,
2018-02-08,,,,
2018-02-09,,,,
2018-02-10,,,,
2018-02-11,,,,
2018-02-12,,,,
2018-02-13,,,,
2018-02-14,,,,
2018-02-15,,,,
2018-02-16,,,,
2018-02-17,,,,
2018-02-18,,,,
2018-02-19,,,,
2018-02-20,,"2,400",,
2018-02-21,,"2,400",,
2018-02-22,,,,
2018-02-23,,,,
2018-02-24,,,,
2018-02-25,,,,
2018-02-26,,,,
2018-02-27,,,,
2018-02-28,,,,
2018-03-01,,,,
2018-03-02,,,,
2018-03-03,,,,
2018-03-04,,,,
2018-03-05,,,,
2018-03-06,,,,
2018-03-07,,"2,260","2,200","2,270"
2018-03-08,,"2,270","2,270","2,270"
2018-03-09,,"2,270","2,180","2,230"
2018-03-10,,,,
2018-03-11,,,,
2018-03-12,,"2,230","2,230","2,180"
2018-03-13,,"2,180","2,170","2,160"
2018-03-14,,"2,160","2,240","2,120"
2018-03-15,,"2,120","2,120","2,210"
2018-03-16,,"2,210","2,150","2,210"
2018-03-17,,,,
2018-03-18,,,,
2018-03-19,,"2,210","2,240","2,240"
2018-03-20,,,,
2018-03-21,,"2,240","2,230","2,180"
2018-03-22,,"2,180","2,230","2,230"
2018-03-23,,"2,230","2,230","2,220"
2018-03-24,,,,
2018-03-25,,,,
2018-03-26,,"2,220","2,180","2,220"
2018-03-27,,"2,220","2,220","2,190"
2018-03-28,,"2,190","2,150","2,200"
2018-03-29,,"2,200","2,200","2,190"
2018-03-30,,"2,190","2,140","2,180"
2018-03-31,,,,
2018-04-01,,,,
2018-04-02,,"2,180","2,140","2,190"
2018-04-03,,"2,190","2,180","2,190"
2018-04-04,,"2,190","2,140","2,190"
2018-04-05,,"2,190",,
2018-04-06,,"2,190","2,130","2,130"
2018-04-07,,,,
2018-04-08,,,,
2018-04-09,,,,
2018-04-10,,"2,130","2,130","2,100"
2018-04-11,,"2,100","2,180","2,160"
2018-04-12,,"2,160",,
2018-04-13,,"2,160","2,100","2,100"
2018-04-14,,,,
2018-04-15,,,,
2018-04-16,,"2,100","2,100","2,040"
2018-04-17,,"2,040","2,020","2,020"
2018-04-18,,"2,020","2,020","2,000"
2018-04-19,,"2,000","2,050","2,000"
2018-04-20,,"2,000","2,040","1,990"
2018-04-21,,,,
2018-04-22,,,,
2018-04-23,,"1,990","2,020","2,000"
2018-04-24,,"2,000","2,040","1,970"
2018-04-25,,"1,970","2,000","2,000"
2018-04-26,,"2,000","1,960","2,000"
2018-04-27,,"2,000","1,970","1,970"
2018-04-28,,,,
2018-04-29,,,,
2018-04-30,,"1,970","1,960","1,940"
2018-05-01,,,,
2018-05-02,,"1,940","1,970","1,970"
2018-05-03,,"1,970","1,920","1,920"
2018-05-04,,"1,920","1,920","1,920"
2018-05-05,,,,
2018-05-06,,,,
2018-05-07,,"1,920","1,900","1,870"
2018-05-08,,"1,870","1,920","1,870"
2018-05-09,,"1,870","1,870","1,810"
2018-05-10,,"1,810","1,800","1,850"
2018-05-11,,"1,880","1,890","1,840"
2018-05-12,,,,
2018-05-13,,,,
2018-05-14,,"1,840","1,870","1,820"
2018-05-15,,"1,820","1,820","1,770"
2018-05-16,,"1,770","1,800","1,750"
2018-05-17,,"1,750","1,730","1,710"
2018-05-18,,"1,710","1,740","1,740"
2018-05-19,,,,
2018-05-20,,,,
2018-05-21,,"1,740","1,740","1,750"
2018-05-22,,"1,750","1,750","1,700"
2018-05-23,,"1,700","1,690","1,670"
2018-05-24,,"1,670","1,630","1,610"
2018-05-25,,"1,610","1,610","1,700"
2018-05-26,,,,
2018-05-27,,,,
2018-05-28,,"1,700",,
2018-05-29,,"1,770","1,820","1,840"
2018-05-30,,"1,840","1,890","1,850"
2018-05-31,,"1,840","1,850","1,800"
2018-06-01,,"1,800","1,790","1,800"
2018-06-02,,,,
2018-06-03,,,,
2018-06-04,,"1,800","1,800","1,840"
2018-06-05,,"1,840","1,840","1,830"
2018-06-06,,"1,830","1,810","1,810"
2018-06-07,,,,
2018-06-08,,"1,790","1,800","1,750"
2018-06-09,,,,
2018-06-10,,,,
2018-06-11,,"1,750","1,750","1,770"
2018-06-12,,"1,770","1,760","1,790"
2018-06-13,,"1,790","1,770","1,820"
2018-06-14,,"1,820","1,820","1,770"
2018-06-15,,,,
2018-06-16,,,,
2018-06-17,,,,
2018-06-18,,"1,770","1,760","1,710"
2018-06-19,,"1,710","1,740","1,780"
2018-06-20,,"1,780","1,790","1,880"
2018-06-21,,"1,880","1,920","1,870"
2018-06-22,,"1,810","1,840","1,790"
2018-06-23,,,,
2018-06-24,,,,
2018-06-25,,"1,790","1,840","1,790"
2018-06-26,,"1,790","1,760","1,780"
2018-06-27,,"1,780","1,780","1,780"
2018-06-28,,"1,780","1,830","1,810"
2018-06-29,,"1,810","1,840","1,830"
2018-06-30,,,,
2018-07-01,,,,
2018-07-02,,,,
2018-07-03,,"1,830","1,820","1,820"
2018-07-04,,"1,820","1,790","1,780"
2018-07-05,,"1,780","1,800","1,790"
2018-07-06,,"1,790","1,820","1,740"
2018-07-07,,,,
2018-07-08,,,,
2018-07-09,,"1,740","1,740","1,740"
2018-07-10,,"1,740","1,790","1,740"
2018-07-11,,"1,740","1,710","1,730"
2018-07-12,,"1,730","1,740","1,700"
2018-07-13,,"1,700","1,680","1,650"
2018-07-14,,,,
2018-07-15,,,,
2018-07-16,,"1,650","1,690","1,680"
2018-07-17,,"1,680","1,660","1,720"
2018-07-18,,"1,720","1,700","1,750"
2018-07-19,,"1,750","1,790","1,740"
2018-07-20,,"1,740","1,770","1,770"
2018-07-21,,,,
2018-07-22,,,,
2018-07-23,,"1,720","1,720","1,690"
2018-07-24,,"1,670","1,720","1,680"
2018-07-25,,,,
2018-07-26,,"1,680","1,670","1,650"
2018-07-27,,"1,650","1,660","1,650"
2018-07-28,,,,
2018-07-29,,,,
2018-07-30,,"1,650","1,700","1,700"
2018-07-31,,"1,700","1,700","1,650"
2018-08-01,,"1,650","1,690","1,750"
2018-08-02,,,,
2018-08-03,,,,
2018-08-04,,,,
2018-08-05,,,,
2018-08-06,,"1,820","1,850","1,820"
2018-08-07,,"1,820","1,780","1,770"
2018-08-08,,"1,770","1,720","1,720"
2018-08-09,,"1,720","1,670","1,670"
2018-08-10,,"1,670","1,710","1,660"
2018-08-11,,,,
2018-08-12,,,,
2018-08-13,,,,
2018-08-14,,"1,660","1,650","1,690"
2018-08-15,,"1,690","1,720","1,720"
2018-08-16,,"1,720","1,720","1,710"
2018-08-17,,"1,710","1,660","1,710"
2018-08-18,,,,
2018-08-19,,,,
2018-08-20,,"1,710","1,670","1,710"
2018-08-21,,,,
2018-08-22,,,,
2018-08-23,,"1,710","1,710","1,710"
2018-08-24,,"1,710","1,680","1,710"
2018-08-25,,,,
2018-08-26,,,,
2018-08-27,,"1,710","1,720","1,720"
2018-08-28,,"1,720","1,670","1,690"
2018-08-29,,"1,670","1,660","1,690"
2018-08-30,,"1,690","1,690","1,690"
2018-08-31,,"1,690","1,700","1,700"
2018-09-01,,,,
2018-09-02,,,,
2018-09-03,,"1,700","1,660","1,650"
2018-09-04,,"1,650","1,690","1,660"
2018-09-05,,,,
2018-09-06,,"1,660","1,630","1,650"
2018-09-07,,"1,650","1,680","1,680"
2018-09-08,,,,
2018-09-09,,,,
2018-09-10,,,,
2018-09-11,,,,
2018-09-12,,"1,660","1,620","1,620"
2018-09-13,,"1,620","1,620","1,600"
2018-09-14,,"1,600","1,530","1,640"
2018-09-15,,,,
2018-09-16,,,,
2018-09-17,,"1,640","1,600","1,610"
2018-09-18,,"1,610","1,610","1,570"
2018-09-19,,"1,570","1,610","1,590"
2018-09-20,,"1,590","1,550","1,550"
2018-09-21,,"1,550","1,530","1,570"
2018-09-22,,,,
2018-09-23,,,,
2018-09-24,,"1,570","1,520","1,570"
2018-09-25,,"1,570","1,530","1,530"
2018-09-26,,"1,530","1,560","1,530"
2018-09-27,,"1,530","1,560","1,550"
2018-09-28,,"1,550","1,550","1,540"
2018-09-29,,,,
2018-09-30,,,,
2018-10-01,,"1,540","1,530","1,530"
2018-10-02,,"1,530","1,530","1,500"
2018-10-03,,"1,500","1,540","1,480"
2018-10-04,,"1,480","1,470","1,460"
2018-10-05,,"1,460","1,420","1,450"
2018-10-06,,,,
2018-10-07,,,,
2018-10-08,,"1,450","1,470","1,470"
2018-10-09,,"1,470","1,430","1,430"
2018-10-10,,"1,430","1,370","1,420"
2018-10-11,,,,
2018-10-12,,"1,420","1,380","1,380"
2018-10-13,,,,
2018-10-14,,,,
2018-10-15,,,,
2018-10-16,,"1,380","1,380","1,420"
2018-10-17,,"1,420","1,420","1,460"
2018-10-18,,"1,460","1,490","1,530"
2018-10-19,,"1,540",,
2018-10-20,,,,
2018-10-21,,,,
2018-10-22,,"1,600","1,600","1,620"
2018-10-23,,"1,620","1,620","1,550"
2018-10-24,,"1,550","1,550","1,540"
2018-10-25,,"1,510","1,530","1,540"
2018-10-26,,"1,540","1,540","1,600"
2018-10-27,,,,
2018-10-28,,,,
2018-10-29,,"1,600","1,570","1,600"
2018-10-30,,"1,600","1,630","1,650"
2018-10-31,,"1,650","1,620","1,680"
2018-11-01,,"1,680","1,690","1,760"
2018-11-02,,"1,760","1,800","1,860"
2018-11-03,,,,
2018-11-04,,,,
2018-11-05,,"1,860","1,860","1,930"
2018-11-06,,"1,930","1,860","1,850"
2018-11-07,,"1,850","1,830","1,930"
2018-11-08,,"1,930","1,900","1,860"
2018-11-09,,"1,850","1,800","1,800"
2018-11-10,,,,
2018-11-11,,,,
2018-11-12,,"1,800","1,800","1,820"
2018-11-13,,"1,820","1,820","1,860"
2018-11-14,,"1,860","1,860","1,840"
2018-11-15,,"1,840","1,870","1,910"
2018-11-16,,"1,910","1,910","1,880"
2018-11-17,,,,
2018-11-18,,,,
2018-11-19,,"1,880","1,910","1,860"
2018-11-20,,,,
2018-11-21,,,,
2018-11-22,,"1,860","1,830","1,830"
2018-11-23,,"1,830",,
2018-11-24,,,,
2018-11-25,,,,
2018-11-26,,"1,910",,
2018-11-27,,"1,990","2,000","2,110"
2018-11-28,,"2,110","2,200","2,230"
2018-11-29,,"2,230",,
2018-11-30,,"2,330","2,420","2,270"
2018-12-01,,,,
2018-12-02,,,,
2018-12-03,,"2,270","2,180","2,240"
2018-12-04,,"2,240","2,240","2,180"
2018-12-05,,"2,180","2,120","2,200"
2018-12-06,,"2,200","2,200","2,200"
2018-12-07,,"2,200","2,200","2,210"
2018-12-08,,,,
2018-12-09,,,,
2018-12-10,,"2,140","2,110","2,120"
2018-12-11,,"2,120","2,120","2,100"
2018-12-12,,"2,100","2,120","2,070"
2018-12-13,,"2,060","2,110","2,110"
2018-12-14,,"2,110","2,130","2,120"
2018-12-15,,,,
2018-12-16,,,,
2018-12-17,,"2,120","2,110","2,170"
2018-12-18,,,,
2018-12-19,,"2,110","2,090","2,100"
2018-12-20,,"2,100","2,020","2,100"
2018-12-21,,"2,100","2,100","2,100"
2018-12-22,,,,
2018-12-23,,,,
2018-12-24,,"2,100","2,100","2,100"
2018-12-25,,"2,100","2,040","2,100"
2018-12-26,,"2,100","2,010","2,050"
2018-12-27,,"2,050","2,050","2,020"
2018-12-28,,"1,870","1,910","1,880"
2018-12-29,,,,
2018-12-30,,,,
2018-12-31,,"1,880","1,870","1,870"
2019-01-01,,,,
2019-01-02,,"1,870","1,900","1,850"
2019-01-03,,"1,850","1,800","1,870"
2019-01-04,,"1,870","1,880","1,890"
2019-01-05,,,,
2019-01-06,,,,
2019-01-07,,"1,890","1,890","1,890"
2019-01-08,,"1,890","1,880","1,890"
2019-01-09,,,,
2019-01-10,,"1,880","1,840","1,870"
2019-01-11,,"1,870","1,870","1,870"
2019-01-12,,,,
2019-01-13,,,,
2019-01-14,,,,
2019-01-15,,"1,870","1,820","1,770"
2019-01-16,,"1,770","1,770","1,810"
2019-01-17,,"1,810","1,770","1,790"
2019-01-18,,"1,790","1,790","1,770"
2019-01-19,,,,
2019-01-20,,,,
2019-01-21,,"1,770","1,730","1,720"
2019-01-22,,"1,720","1,650","1,700"
2019-01-23,,"1,700","1,650","1,650"
2019-01-24,,"1,650","1,720","1,690"
2019-01-25,,"1,690","1,720","1,720"
2019-01-26,,,,
2019-01-27,,,,
2019-01-28,,"1,720","1,740","1,720"
2019-01-29,,"1,720",,
2019-01-30,,"1,650","1,620","1,600"
2019-01-31,,"1,600","1,640","1,630"
2019-02-01,,"1,630","1,650","1,650"
2019-02-02,,,,
2019-02-03,,,,
2019-02-04,,"1,650","1,620","1,600"
2019-02-05,,"1,600","1,600","1,630"
2019-02-06,,,,
2019-02-07,,,,
2019-02-08,,"1,640","1,650","1,650"
2019-02-09,,,,
2019-02-10,,,,
2019-02-11,,,,
2019-02-12,,,,
2019-02-13,,"1,630",,
2019-02-14,,"1,630","1,560","1,550"
2019-02-15,,"1,550","1,590","1,550"
2019-02-16,,,,
2019-02-17,,,,
2019-02-18,,"1,550","1,590","1,570"
2019-02-19,,"1,570","1,540","1,550"
2019-02-20,,"1,550","1,510","1,540"
2019-02-21,,"1,540","1,480","1,530"
2019-02-22,,,,
2019-02-23,,,,
2019-02-24,,,,
2019-02-25,,"1,490","1,490","1,500"
2019-02-26,,"1,500","1,520","1,520"
2019-02-27,,"1,520",,
2019-02-28,,"1,480","1,420","1,510"
2019-03-01,,"1,510","1,510","1,500"
2019-03-02,,,,
2019-03-03,,,,
2019-03-04,,"1,500","1,500","1,500"
2019-03-05,,"1,500","1,460","1,460"
2019-03-06,,"1,460","1,420","1,500"
2019-03-07,,"1,500",,
2019-03-08,,"1,500",,
2019-03-09,,,,
2019-03-10,,,,
2019-03-11,,"1,500","1,490","1,490"
2019-03-12,,"1,490","1,500","1,450"
2019-03-13,,"1,450","1,450","1,450"
2019-03-14,,"1,450","1,410","1,410"
2019-03-15,,"1,410","1,410","1,410"
2019-03-16,,,,
2019-03-17,,,,
2019-03-18,,"1,410","1,390","1,370"
2019-03-19,,"1,370","1,340","1,410"
2019-03-20,,,,
2019-03-21,,"1,410","1,350","1,400"
2019-03-22,,"1,400","1,370","1,370"
2019-03-23,,,,
2019-03-24,,,,
2019-03-25,,"1,370","1,400","1,400"
2019-03-26,,"1,400","1,360","1,390"
2019-03-27,,"1,390","1,400","1,390"
2019-03-28,,,,
2019-03-29,,"1,360","1,320","1,350"
2019-03-30,,,,
2019-03-31,,,,
2019-04-01,,"1,350","1,310","1,340"
2019-04-02,,"1,340","1,370","1,370"
2019-04-03,,"1,370","1,370","1,370"
2019-04-04,,"1,370","1,360","1,350"
2019-04-05,,"1,350","1,360","1,330"
2019-04-06,,,,
2019-04-07,,,,
2019-04-08,,"1,330","1,330","1,330"
2019-04-09,,,,
2019-04-10,,"1,330","1,330","1,330"
2019-04-11,,"1,330","1,330","1,320"
2019-04-12,,"1,320","1,290","1,330"
2019-04-13,,,,
2019-04-14,,,,
2019-04-15,,"1,330","1,320","1,300"
2019-04-16,,"1,300","1,330","1,330"
2019-04-17,,"1,330","1,290","1,330"
2019-04-18,,"1,330",,
2019-04-19,,"1,330","1,280","1,320"
2019-04-20,,,,
2019-04-21,,,,
2019-04-22,,"1,280","1,320","1,250"
2019-04-23,,"1,250","1,220","1,250"
2019-04-24,,"1,250","1,250","1,240"
2019-04-25,,"1,240","1,230","1,310"
2019-04-26,,"1,310","1,320","1,340"
2019-04-27,,,,
2019-04-28,,,,
2019-04-29,,"1,340","1,300","1,300"
2019-04-30,,"1,300","1,320","1,300"
2019-05-01,,,,
2019-05-02,,"1,300","1,330","1,300"
2019-05-03,,"1,300","1,290","1,290"
2019-05-04,,,,
2019-05-05,,,,
2019-05-06,,"1,290","1,260","1,260"
2019-05-07,,"1,260","1,290","1,290"
2019-05-08,,"1,290","1,250","1,240"
2019-05-09,,"1,240","1,270","1,230"
2019-05-10,,"1,230","1,220","1,230"
2019-05-11,,,,
2019-05-12,,,,
2019-05-13,,"1,230","1,200","1,220"
2019-05-14,,"1,220","1,220","1,220"
2019-05-15,,"1,220","1,200","1,200"
2019-05-16,,"1,200","1,220","1,220"
2019-05-17,,"1,220",,
2019-05-18,,,,
2019-05-19,,,,
2019-05-20,,"1,220","1,200","1,220"
2019-05-21,,"1,220","1,200","1,220"
2019-05-22,,"1,220","1,200","1,200"
2019-05-23,,"1,200","1,220","1,220"
2019-05-24,,"1,220","1,220","1,220"
2019-05-25,,,,
2019-05-26,,,,
2019-05-27,,"1,220","1,250","1,240"
2019-05-28,,"1,240",,
2019-05-29,,"1,240","1,210","1,210"
2019-05-30,,"1,210","1,210","1,210"
2019-05-31,,"1,210","1,210","1,220"
2019-06-01,,,,
2019-06-02,,,,
2019-06-03,,"1,220","1,220","1,240"
2019-06-04,,,,
2019-06-05,,,,
2019-06-06,,,,
2019-06-07,,"1,240",,
2019-06-08,,,,
2019-06-09,,,,
2019-06-10,,"1,240","1,240","1,220"
2019-06-11,,,,
2019-06-12,,"1,210","1,220","1,200"
2019-06-13,,"1,200","1,180","1,200"
2019-06-14,,"1,200","1,210","1,210"
2019-06-15,,,,
2019-06-16,,,,
2019-06-17,,"1,210","1,200","1,200"
2019-06-18,,"1,200","1,190","1,220"
2019-06-19,,"1,220","1,200","1,190"
2019-06-20,,"1,190","1,200","1,210"
2019-06-21,,"1,210","1,220","1,190"
2019-06-22,,,,
2019-06-23,,,,
2019-06-24,,"1,190","1,190","1,170"
2019-06-25,,"1,170","1,190","1,200"
2019-06-26,,"1,200","1,220","1,240"
2019-06-27,,"1,240","1,240","1,210"
2019-06-28,,"1,210","1,260","1,180"
2019-06-29,,,,
2019-06-30,,,,
2019-07-01,,"1,180","1,210","1,230"
2019-07-02,,"1,230","1,240","1,240"
2019-07-03,,"1,240","1,260","1,260"
2019-07-04,,"1,260","1,260","1,230"
2019-07-05,,"1,230","1,250","1,220"
2019-07-06,,,,
2019-07-07,,,,
2019-07-08,,"1,220","1,200","1,240"
2019-07-09,,"1,240","1,270","1,250"
2019-07-10,,"1,250","1,270","1,270"
2019-07-11,,"1,270","1,240","1,240"
2019-07-12,,"1,240","1,210","1,240"
2019-07-13,,,,
2019-07-14,,,,
2019-07-15,,"1,210","1,240","1,270"
2019-07-16,,"1,270","1,280","1,310"
2019-07-17,,"1,310","1,330","1,280"
2019-07-18,,"1,280","1,320","1,310"
2019-07-19,,"1,310","1,280","1,280"
2019-07-20,,,,
2019-07-21,,,,
2019-07-22,,"1,280","1,250","1,270"
2019-07-23,,"1,270","1,300","1,280"
2019-07-24,,,,
2019-07-25,,,,
2019-07-26,,"1,280","1,250","1,250"
2019-07-27,,,,
2019-07-28,,,,
2019-07-29,,,,
2019-07-30,,"1,240","1,220","1,220"
2019-07-31,,"1,220","1,230","1,200"
2019-08-01,,"1,200","1,200","1,210"
2019-08-02,,"1,210","1,240","1,240"
2019-08-03,,,,
2019-08-04,,,,
2019-08-05,,"1,240","1,210","1,240"
2019-08-06,,"1,240","1,240","1,210"
2019-08-07,,"1,210","1,170","1,200"
2019-08-08,,"1,200","1,210","1,210"
2019-08-09,,"1,210","1,240","1,230"
2019-08-10,,,,
2019-08-11,,,,
2019-08-12,,,,
2019-08-13,,,,
2019-08-14,,"1,230","1,210","1,210"
2019-08-15,,"1,210","1,180","1,210"
2019-08-16,,"1,210","1,180","1,210"
2019-08-17,,,,
2019-08-18,,,,
2019-08-19,,"1,210","1,210","1,210"
2019-08-20,,"1,210","1,160","1,210"
2019-08-21,,"1,210","1,220","1,190"
2019-08-22,,"1,190","1,220","1,220"
2019-08-23,,,,
2019-08-24,,,,
2019-08-25,,,,
2019-08-26,,,,
2019-08-27,,,,
2019-08-28,,,,
2019-08-29,,,,
2019-08-30,,,,
2019-08-31,,,,
2019-09-01,,,,
2019-09-02,,,,
2019-09-03,,,,
2019-09-04,,,,
2019-09-05,,,,
2019-09-06,,,,
2019-09-07,,,,
2019-09-08,,,,
2019-09-09,,,,
2019-09-10,,,,
2019-09-11,,,,
2019-09-12,,,,
2019-09-13,,,,
2019-09-14,,,,
2019-09-15,,,,
2019-09-16,,,,
2019-09-17,,,,
2019-09-18,,,,
2019-09-19,,,,
2019-09-20,,,,
2019-09-21,,,,
2019-09-22,,,,
2019-09-23,,,,
2019-09-24,,,,
2019-09-25,,,,
2019-09-26,,,,
2019-09-27,,,,
2019-09-28,,,,
2019-09-29,,,,
2019-09-30,,,,
2019-10-01,,,,
2019-10-02,,,,
2019-10-03,,,,
2019-10-04,,,,
2019-10-05,,,,
2019-10-06,,,,
2019-10-07,,,,
2019-10-08,,,,
2019-10-09,,,,
2019-10-10,,,,
2019-10-11,,,,
2019-10-12,,,,
2019-10-13,,,,
2019-10-14,,,,
2019-10-15,,,,
2019-10-16,,,,
2019-10-17,,,,
2019-10-18,,,,
2019-10-19,,,,
2019-10-20,,,,
2019-10-21,,,,
2019-10-22,,,,
2019-10-23,,,,
2019-10-24,,,,
2019-10-25,,,,
2019-10-26,,,,
2019-10-27,,,,
2019-10-28,,,,
2019-10-29,,,,
2019-10-30,,,,
2019-10-31,,,,
2019-11-01,,,,
2019-11-02,,,,
2019-11-03,,,,
2019-11-04,,,,
2019-11-05,,,,
2019-11-06,,,,
2019-11-07,,,,
2019-11-08,,,,
2019-11-09,,,,
2019-11-10,,,,
2019-11-11,,,,
2019-11-12,,,,
2019-11-13,,,,
2019-11-14,,,,
2019-11-15,,,,
2019-11-16,,,,
2019-11-17,,,,
2019-11-18,,,,
2019-11-19,,,,
2019-11-20,,,,
2019-11-21,,,,
2019-11-22,,,,
2019-11-23,,,,
2019-11-24,,,,
2019-11-25,,,,
2019-11-26,,,,
2019-11-27,,,,
2019-11-28,,,,
2019-11-29,,,,
2019-11-30,,,,
2019-12-01,,,,
2019-12-02,,,,
2019-12-03,,,,
2019-12-04,,,,
2019-12-05,,,,
2019-12-06,,,,
2019-12-07,,,,
2019-12-08,,,,
2019-12-09,,,,
2019-12-10,,,,
2019-12-11,,,,
2019-12-12,,,,
2019-12-13,,,,
2019-12-14,,,,
2019-12-15,,,,
2019-12-16,,,,
2019-12-17,,,,
2019-12-18,,,,
2019-12-19,,,,
2019-12-20,,,,
2019-12-21,,,,
2019-12-22,,,,
2019-12-23,,,,
2019-12-24,,,,
2019-12-25,,,,
2019-12-26,,,,
2019-12-27,,,,
2019-12-28,,,,
2019-12-29,,,,
2019-12-30,,,,
2019-12-31,,,,
2020-01-01,,,,
2020-01-02,,,,
2020-01-03,,,,
2020-01-04,,,,
2020-01-05,,,,
2020-01-06,,,,
2020-01-07,,,,
2020-01-08,,,,
2020-01-09,,,,
2020-01-10,,,,
2020-01-11,,,,
2020-01-12,,,,
2020-01-13,,,,
2020-01-14,,,,
2020-01-15,,,,
2020-01-16,,,,
2020-01-17,,,,
2020-01-18,,,,
2020-01-19,,,,
2020-01-20,,,,
2020-01-21,,,,
2020-01-22,,,,
2020-01-23,,,,
2020-01-24,,,,
2020-01-25,,,,
2020-01-26,,,,
2020-01-27,,,,
2020-01-28,,,,
2020-01-29,,,,
2020-01-30,,,,
2020-01-31,,,,
2020-02-01,,,,
2020-02-02,,,,
2020-02-03,,,,
2020-02-04,,,,
2020-02-05,,,,
2020-02-06,,,,
2020-02-07,,,,
2020-02-08,,,,
2020-02-09,,,,
2020-02-10,,,,
2020-02-11,,,,
2020-02-12,,,,
2020-02-13,,,,
2020-02-14,,,,
2020-02-15,,,,
2020-02-16,,,,
2020-02-17,,,,
2020-02-18,,,,
2020-02-19,,,,
2020-02-20,,,,
2020-02-21,,,,
2020-02-22,,,,
2020-02-23,,,,
2020-02-24,,,,
2020-02-25,,,,
2020-02-26,,,,
2020-02-27,,,,
2020-02-28,,,,
2020-02-29,,,,
2020-03-01,,,,
2020-03-02,,,,
2020-03-03,,,,
2020-03-04,,,,
2020-03-05,,,,
2020-03-06,,,,
2020-03-07,,,,
2020-03-08,,,,
2020-03-09,,,,
2020-03-10,,,,
2020-03-11,,,,
2020-03-12,,,,
2020-03-13,,,,
2020-03-14,,,,
2020-03-15,,,,
2020-03-16,,,,
2020-03-17,,,,
2020-03-18,,,,
2020-03-19,,,,
2020-03-20,,,,
2020-03-21,,,,
2020-03-22,,,,
2020-03-23,,,,
2020-03-24,,,,
2020-03-25,,,,
2020-03-26,,,,
2020-03-27,,,,
2020-03-28,,,,
2020-03-29,,,,
2020-03-30,,,,
2020-03-31,,,,
2020-04-01,,,,
2020-04-02,,,,
2020-04-03,,,,
2020-04-04,,,,
2020-04-05,,,,
2020-04-06,,,,
2020-04-07,,,,
2020-04-08,,,,
2020-04-09,,,,
2020-04-10,,,,
2020-04-11,,,,
2020-04-12,,,,
2020-04-13,,,,
2020-04-14,,,,
2020-04-15,,,,
2020-04-16,,,,
2020-04-17,,,,
2020-04-18,,,,
2020-04-19,,,,
2020-04-20,,,,
2020-04-21,,,,
2020-04-22,,,,
2020-04-23,,,,
2020-04-24,,,,
2020-04-25,,,,
2020-04-26,,,,
2020-04-27,,,,
2020-04-28,,,,
2020-04-29,,,,
2020-04-30,,,,
2020-05-01,,,,
2020-05-02,,,,
2020-05-03,,,,
2020-05-04,,,,
2020-05-05,,,,
2020-05-06,,,,
2020-05-07,,,,
2020-05-08,,,,
2020-05-09,,,,
2020-05-10,,,,
2020-05-11,,,,
2020-05-12,,,,
2020-05-13,,,,
2020-05-14,,,,
2020-05-15,,,,
2020-05-16,,,,
2020-05-17,,,,
2020-05-18,,,,
2020-05-19,,,,
2020-05-20,,,,
2020-05-21,,,,
2020-05-22,,,,
2020-05-23,,,,
2020-05-24,,,,
2020-05-25,,,,
2020-05-26,,,,
2020-05-27,,,,
2020-05-28,,,,
2020-05-29,,,,
2020-05-30,,,,
2020-05-31,,,,
2020-06-01,,,,
2020-06-02,,,,
2020-06-03,,,,
2020-06-04,,,,
2020-06-05,,,,
2020-06-06,,,,
2020-06-07,,,,
2020-06-08,,,,
2020-06-09,,,,
2020-06-10,,,,
2020-06-11,,,,
2020-06-12,,,,
2020-06-13,,,,
2020-06-14,,,,
2020-06-15,,,,
2020-06-16,,,,
2020-06-17,,,,
2020-06-18,,,,
2020-06-19,,,,
2020-06-20,,,,
2020-06-21,,,,
2020-06-22,,,,
2020-06-23,,,,
2020-06-24,,,,
2020-06-25,,,,
2020-06-26,,,,
2020-06-27,,,,
2020-06-28,,,,
2020-06-29,,,,
2020-06-30,,,,
2020-07-01,,,,
2020-07-02,,,,
2020-07-03,,,,
2020-07-04,,,,
2020-07-05,,,,
2020-07-06,,,,
2020-07-07,,,,
2020-07-08,,,,
2020-07-09,,,,
2020-07-10,,,,
2020-07-11,,,,
2020-07-12,,,,
2020-07-13,,,,
2020-07-14,,,,
2020-07-15,,,,
2020-07-16,,,,
2020-07-17,,,,
2020-07-18,,,,
2020-07-19,,,,
2020-07-20,,,,
2020-07-21,,,,
2020-07-22,,,,
2020-07-23,,,,
2020-07-24,,,,
2020-07-25,,,,
2020-07-26,,,,
2020-07-27,,,,
2020-07-28,,,,
2020-07-29,,,,
2020-07-30,,,,
2020-07-31,,,,
2020-08-01,,,,
2020-08-02,,,,
2020-08-03,,,,
2020-08-04,,,,
2020-08-05,,,,
2020-08-06,,,,
2020-08-07,,,,
2020-08-08,,,,
2020-08-09,,,,
2020-08-10,,,,
2020-08-11,,,,
2020-08-12,,,,
2020-08-13,,,,
2020-08-14,,,,
2020-08-15,,,,
2020-08-16,,,,
2020-08-17,,,,
2020-08-18,,,,
2020-08-19,,,,
2020-08-20,,,,
2020-08-21,,,,
2020-08-22,,,,
2020-08-23,,,,
2020-08-24,,,,
2020-08-25,,,,
2020-08-26,,,,
2020-08-27,,,,
2020-08-28,,,,
2020-08-29,,,,
2020-08-30,,,,
2020-08-31,,,,
2020-09-01,,,,
2020-09-02,,,,
2020-09-03,,,,
2020-09-04,,,,
2020-09-05,,,,
2020-09-06,,,,
2020-09-07,,,,
2020-09-08,,,,
2020-09-09,,,,
2020-09-10,,,,
2020-09-11,,,,
2020-09-12,,,,
2020-09-13,,,,
2020-09-14,,,,
2020-09-15,,,,
2020-09-16,,,,
2020-09-17,,,,
2020-09-18,,,,
2020-09-19,,,,
2020-09-20,,,,
2020-09-21,,,,
2020-09-22,,,,
2020-09-23,,,,
2020-09-24,,,,
2020-09-25,,,,
2020-09-26,,,,
2020-09-27,,,,
2020-09-28,,,,
2020-09-29,,,,
2020-09-30,,,,
2020-10-01,,,,
2020-10-02,,,,
2020-10-03,,,,
2020-10-04,,,,
2020-10-05,,,,
2020-10-06,,,,
2020-10-07,,,,
2020-10-08,,,,
2020-10-09,,,,
2020-10-10,,,,
2020-10-11,,,,
2020-10-12,,,,
2020-10-13,,,,
2020-10-14,,,,
2020-10-15,,,,
2020-10-16,,,,
2020-10-17,,,,
2020-10-18,,,,
2020-10-19,,,,
2020-10-20,,,,
2020-10-21,,,,
2020-10-22,,,,
2020-10-23,,,,
2020-10-24,,,,
2020-10-25,,,,
2020-10-26,,,,
2020-10-27,,,,
2020-10-28,,,,
2020-10-29,,,,
2020-10-30,,,,
2020-10-31,,,,
2020-11-01,,,,
2020-11-02,,,,
2020-11-03,,,,
2020-11-04,,,,
2020-11-05,,,,
2020-11-06,,,,
2020-11-07,,,,
2020-11-08,,,,
2020-11-09,,,,
2020-11-10,,,,
2020-11-11,,,,
2020-11-12,,,,
2020-11-13,,,,
2020-11-14,,,,
2020-11-15,,,,
2020-11-16,,,,
2020-11-17,,,,
2020-11-18,,,,
2020-11-19,,,,
2020-11-20,,,,
2020-11-21,,,,
2020-11-22,,,,
2020-11-23,,,,
2020-11-24,,,,
2020-11-25,,,,
2020-11-26,,,,
2020-11-27,,,,
2020-11-28,,,,
2020-11-29,,,,
2020-11-30,,,,
2020-12-01,,,,
2020-12-02,,,,
2020-12-03,,,,
2020-12-04,,,,
2020-12-05,,,,
2020-12-06,,,,
2020-12-07,,,,
2020-12-08,,,,
2020-12-09,,,,
2020-12-10,,,,
2020-12-11,,,,
2020-12-12,,,,
2020-12-13,,,,
2020-12-14,,,,
2020-12-15,,,,
2020-12-16,,,,
2020-12-17,,,,
2020-12-18,,,,
2020-12-19,,,,
2020-12-20,,,,
2020-12-21,,,,
2020-12-22,,,,
2020-12-23,,,,
2020-12-24,,,,
2020-12-25,,,,
2020-12-26,,,,
2020-12-27,,,,
2020-12-28,,,,
2020-12-29,,,,
2020-12-30,,,,
2020-12-31,,,,
