,IPI,MTT,Import,Export,BalCom,Pib1,Pib2
2018-01-01,92.8,5.53,3129.5,4339,,1694.2,18158.6
2018-01-02,92.8,5.53,3129.5,4339,,1694.2,18158.6
2018-01-03,92.8,5.53,3129.5,4339,,1694.2,18158.6
2018-01-04,92.8,5.53,3129.5,4339,,1694.2,18158.6
2018-01-05,92.8,5.53,3129.5,4339,,1694.2,18158.6
2018-01-06,92.8,5.53,3129.5,4339,,1694.2,18158.6
2018-01-07,92.8,5.53,3129.5,4339,,1694.2,18158.6
2018-01-08,92.8,5.53,3129.5,4339,,1694.2,18158.6
2018-01-09,92.8,5.53,3129.5,4339,,1694.2,18158.6
2018-01-10,92.8,5.53,3129.5,4339,,1694.2,18158.6
2018-01-11,92.8,5.53,3129.5,4339,,1694.2,18158.6
2018-01-12,92.8,5.53,3129.5,4339,,1694.2,18158.6
2018-01-13,92.8,5.53,3129.5,4339,,1694.2,18158.6
2018-01-14,92.8,5.53,3129.5,4339,,1694.2,18158.6
2018-01-15,92.8,5.53,3129.5,4339,,1694.2,18158.6
2018-01-16,92.8,5.53,3129.5,4339,,1694.2,18158.6
2018-01-17,92.8,5.53,3129.5,4339,,1694.2,18158.6
2018-01-18,92.8,5.53,3129.5,4339,,1694.2,18158.6
2018-01-19,92.8,5.53,3129.5,4339,,1694.2,18158.6
2018-01-20,92.8,5.53,3129.5,4339,,1694.2,18158.6
2018-01-21,92.8,5.53,3129.5,4339,,1694.2,18158.6
2018-01-22,92.8,5.53,3129.5,4339,,1694.2,18158.6
2018-01-23,92.8,5.53,3129.5,4339,,1694.2,18158.6
2018-01-24,92.8,5.53,3129.5,4339,,1694.2,18158.6
2018-01-25,92.8,5.53,3129.5,4339,,1694.2,18158.6
2018-01-26,92.8,5.53,3129.5,4339,,1694.2,18158.6
2018-01-27,92.8,5.53,3129.5,4339,,1694.2,18158.6
2018-01-28,92.8,5.53,3129.5,4339,,1694.2,18158.6
2018-01-29,92.8,5.53,3129.5,4339,,1694.2,18158.6
2018-01-30,92.8,5.53,3129.5,4339,,1694.2,18158.6
2018-01-31,92.8,5.53,3129.5,4339,,1694.2,18158.6
2018-02-01,88.3,5.61,3482.6,4486.3,-1221.8,1694.2,18158.6
2018-02-02,88.3,5.61,3482.6,4486.3,-1221.8,1694.2,18158.6
2018-02-03,88.3,5.61,3482.6,4486.3,-1221.8,1694.2,18158.6
2018-02-04,88.3,5.61,3482.6,4486.3,-1221.8,1694.2,18158.6
2018-02-05,88.3,5.61,3482.6,4486.3,-1221.8,1694.2,18158.6
2018-02-06,88.3,5.61,3482.6,4486.3,-1221.8,1694.2,18158.6
2018-02-07,88.3,5.61,3482.6,4486.3,-1221.8,1694.2,18158.6
2018-02-08,88.3,5.61,3482.6,4486.3,-1221.8,1694.2,18158.6
2018-02-09,88.3,5.61,3482.6,4486.3,-1221.8,1694.2,18158.6
2018-02-10,88.3,5.61,3482.6,4486.3,-1221.8,1694.2,18158.6
2018-02-11,88.3,5.61,3482.6,4486.3,-1221.8,1694.2,18158.6
2018-02-12,88.3,5.61,3482.6,4486.3,-1221.8,1694.2,18158.6
2018-02-13,88.3,5.61,3482.6,4486.3,-1221.8,1694.2,18158.6
2018-02-14,88.3,5.61,3482.6,4486.3,-1221.8,1694.2,18158.6
2018-02-15,88.3,5.61,3482.6,4486.3,-1221.8,1694.2,18158.6
2018-02-16,88.3,5.61,3482.6,4486.3,-1221.8,1694.2,18158.6
2018-02-17,88.3,5.61,3482.6,4486.3,-1221.8,1694.2,18158.6
2018-02-18,88.3,5.61,3482.6,4486.3,-1221.8,1694.2,18158.6
2018-02-19,88.3,5.61,3482.6,4486.3,-1221.8,1694.2,18158.6
2018-02-20,88.3,5.61,3482.6,4486.3,-1221.8,1694.2,18158.6
2018-02-21,88.3,5.61,3482.6,4486.3,-1221.8,1694.2,18158.6
2018-02-22,88.3,5.61,3482.6,4486.3,-1221.8,1694.2,18158.6
2018-02-23,88.3,5.61,3482.6,4486.3,-1221.8,1694.2,18158.6
2018-02-24,88.3,5.61,3482.6,4486.3,-1221.8,1694.2,18158.6
2018-02-25,88.3,5.61,3482.6,4486.3,-1221.8,1694.2,18158.6
2018-02-26,88.3,5.61,3482.6,4486.3,-1221.8,1694.2,18158.6
2018-02-27,88.3,5.61,3482.6,4486.3,-1221.8,1694.2,18158.6
2018-02-28,88.3,5.61,3482.6,4486.3,-1221.8,1694.2,18158.6
2018-03-01,92.6,6.04,3569.9,5009.6,-1220.8,1694.2,18158.6
2018-03-02,92.6,6.04,3569.9,5009.6,-1220.8,1694.2,18158.6
2018-03-03,92.6,6.04,3569.9,5009.6,-1220.8,1694.2,18158.6
2018-03-04,92.6,6.04,3569.9,5009.6,-1220.8,1694.2,18158.6
2018-03-05,92.6,6.04,3569.9,5009.6,-1220.8,1694.2,18158.6
2018-03-06,92.6,6.04,3569.9,5009.6,-1220.8,1694.2,18158.6
2018-03-07,92.6,6.04,3569.9,5009.6,-1220.8,1694.2,18158.6
2018-03-08,92.6,6.04,3569.9,5009.6,-1220.8,1694.2,18158.6
2018-03-09,92.6,6.04,3569.9,5009.6,-1220.8,1694.2,18158.6
2018-03-10,92.6,6.04,3569.9,5009.6,-1220.8,1694.2,18158.6
2018-03-11,92.6,6.04,3569.9,5009.6,-1220.8,1694.2,18158.6
2018-03-12,92.6,6.04,3569.9,5009.6,-1220.8,1694.2,18158.6
2018-03-13,92.6,6.04,3569.9,5009.6,-1220.8,1694.2,18158.6
2018-03-14,92.6,6.04,3569.9,5009.6,-1220.8,1694.2,18158.6
2018-03-15,92.6,6.04,3569.9,5009.6,-1220.8,1694.2,18158.6
2018-03-16,92.6,6.04,3569.9,5009.6,-1220.8,1694.2,18158.6
2018-03-17,92.6,6.04,3569.9,5009.6,-1220.8,1694.2,18158.6
2018-03-18,92.6,6.04,3569.9,5009.6,-1220.8,1694.2,18158.6
2018-03-19,92.6,6.04,3569.9,5009.6,-1220.8,1694.2,18158.6
2018-03-20,92.6,6.04,3569.9,5009.6,-1220.8,1694.2,18158.6
2018-03-21,92.6,6.04,3569.9,5009.6,-1220.8,1694.2,18158.6
2018-03-22,92.6,6.04,3569.9,5009.6,-1220.8,1694.2,18158.6
2018-03-23,92.6,6.04,3569.9,5009.6,-1220.8,1694.2,18158.6
2018-03-24,92.6,6.04,3569.9,5009.6,-1220.8,1694.2,18158.6
2018-03-25,92.6,6.04,3569.9,5009.6,-1220.8,1694.2,18158.6
2018-03-26,92.6,6.04,3569.9,5009.6,-1220.8,1694.2,18158.6
2018-03-27,92.6,6.04,3569.9,5009.6,-1220.8,1694.2,18158.6
2018-03-28,92.6,6.04,3569.9,5009.6,-1220.8,1694.2,18158.6
2018-03-29,92.6,6.04,3569.9,5009.6,-1220.8,1694.2,18158.6
2018-03-30,92.6,6.04,3569.9,5009.6,-1220.8,1694.2,18158.6
2018-03-31,92.6,6.04,3569.9,5009.6,-1220.8,1694.2,18158.6
2018-04-01,89.5,6.5,3360.5,4791,-1219.8,1709.1,18229.5
2018-04-02,89.5,6.5,3360.5,4791,-1219.8,1709.1,18229.5
2018-04-03,89.5,6.5,3360.5,4791,-1219.8,1709.1,18229.5
2018-04-04,89.5,6.5,3360.5,4791,-1219.8,1709.1,18229.5
2018-04-05,89.5,6.5,3360.5,4791,-1219.8,1709.1,18229.5
2018-04-06,89.5,6.5,3360.5,4791,-1219.8,1709.1,18229.5
2018-04-07,89.5,6.5,3360.5,4791,-1219.8,1709.1,18229.5
2018-04-08,89.5,6.5,3360.5,4791,-1219.8,1709.1,18229.5
2018-04-09,89.5,6.5,3360.5,4791,-1219.8,1709.1,18229.5
2018-04-10,89.5,6.5,3360.5,4791,-1219.8,1709.1,18229.5
2018-04-11,89.5,6.5,3360.5,4791,-1219.8,1709.1,18229.5
2018-04-12,89.5,6.5,3360.5,4791,-1219.8,1709.1,18229.5
2018-04-13,89.5,6.5,3360.5,4791,-1219.8,1709.1,18229.5
2018-04-14,89.5,6.5,3360.5,4791,-1219.8,1709.1,18229.5
2018-04-15,89.5,6.5,3360.5,4791,-1219.8,1709.1,18229.5
2018-04-16,89.5,6.5,3360.5,4791,-1219.8,1709.1,18229.5
2018-04-17,89.5,6.5,3360.5,4791,-1219.8,1709.1,18229.5
2018-04-18,89.5,6.5,3360.5,4791,-1219.8,1709.1,18229.5
2018-04-19,89.5,6.5,3360.5,4791,-1219.8,1709.1,18229.5
2018-04-20,89.5,6.5,3360.5,4791,-1219.8,1709.1,18229.5
2018-04-21,89.5,6.5,3360.5,4791,-1219.8,1709.1,18229.5
2018-04-22,89.5,6.5,3360.5,4791,-1219.8,1709.1,18229.5
2018-04-23,89.5,6.5,3360.5,4791,-1219.8,1709.1,18229.5
2018-04-24,89.5,6.5,3360.5,4791,-1219.8,1709.1,18229.5
2018-04-25,89.5,6.5,3360.5,4791,-1219.8,1709.1,18229.5
2018-04-26,89.5,6.5,3360.5,4791,-1219.8,1709.1,18229.5
2018-04-27,89.5,6.5,3360.5,4791,-1219.8,1709.1,18229.5
2018-04-28,89.5,6.5,3360.5,4791,-1219.8,1709.1,18229.5
2018-04-29,89.5,6.5,3360.5,4791,-1219.8,1709.1,18229.5
2018-04-30,89.5,6.5,3360.5,4791,-1219.8,1709.1,18229.5
2018-05-01,94.8,6.39,3473.8,5012.9,-1218.8,1709.1,18229.5
2018-05-02,94.8,6.39,3473.8,5012.9,-1218.8,1709.1,18229.5
2018-05-03,94.8,6.39,3473.8,5012.9,-1218.8,1709.1,18229.5
2018-05-04,94.8,6.39,3473.8,5012.9,-1218.8,1709.1,18229.5
2018-05-05,94.8,6.39,3473.8,5012.9,-1218.8,1709.1,18229.5
2018-05-06,94.8,6.39,3473.8,5012.9,-1218.8,1709.1,18229.5
2018-05-07,94.8,6.39,3473.8,5012.9,-1218.8,1709.1,18229.5
2018-05-08,94.8,6.39,3473.8,5012.9,-1218.8,1709.1,18229.5
2018-05-09,94.8,6.39,3473.8,5012.9,-1218.8,1709.1,18229.5
2018-05-10,94.8,6.39,3473.8,5012.9,-1218.8,1709.1,18229.5
2018-05-11,94.8,6.39,3473.8,5012.9,-1218.8,1709.1,18229.5
2018-05-12,94.8,6.39,3473.8,5012.9,-1218.8,1709.1,18229.5
2018-05-13,94.8,6.39,3473.8,5012.9,-1218.8,1709.1,18229.5
2018-05-14,94.8,6.39,3473.8,5012.9,-1218.8,1709.1,18229.5
2018-05-15,94.8,6.39,3473.8,5012.9,-1218.8,1709.1,18229.5
2018-05-16,94.8,6.39,3473.8,5012.9,-1218.8,1709.1,18229.5
2018-05-17,94.8,6.39,3473.8,5012.9,-1218.8,1709.1,18229.5
2018-05-18,94.8,6.39,3473.8,5012.9,-1218.8,1709.1,18229.5
2018-05-19,94.8,6.39,3473.8,5012.9,-1218.8,1709.1,18229.5
2018-05-20,94.8,6.39,3473.8,5012.9,-1218.8,1709.1,18229.5
2018-05-21,94.8,6.39,3473.8,5012.9,-1218.8,1709.1,18229.5
2018-05-22,94.8,6.39,3473.8,5012.9,-1218.8,1709.1,18229.5
2018-05-23,94.8,6.39,3473.8,5012.9,-1218.8,1709.1,18229.5
2018-05-24,94.8,6.39,3473.8,5012.9,-1218.8,1709.1,18229.5
2018-05-25,94.8,6.39,3473.8,5012.9,-1218.8,1709.1,18229.5
2018-05-26,94.8,6.39,3473.8,5012.9,-1218.8,1709.1,18229.5
2018-05-27,94.8,6.39,3473.8,5012.9,-1218.8,1709.1,18229.5
2018-05-28,94.8,6.39,3473.8,5012.9,-1218.8,1709.1,18229.5
2018-05-29,94.8,6.39,3473.8,5012.9,-1218.8,1709.1,18229.5
2018-05-30,94.8,6.39,3473.8,5012.9,-1218.8,1709.1,18229.5
2018-05-31,94.8,6.39,3473.8,5012.9,-1218.8,1709.1,18229.5
2018-06-01,94.2,6.72,3338.2,4878.6,-1217.8,1709.1,18229.5
2018-06-02,94.2,6.72,3338.2,4878.6,-1217.8,1709.1,18229.5
2018-06-03,94.2,6.72,3338.2,4878.6,-1217.8,1709.1,18229.5
2018-06-04,94.2,6.72,3338.2,4878.6,-1217.8,1709.1,18229.5
2018-06-05,94.2,6.72,3338.2,4878.6,-1217.8,1709.1,18229.5
2018-06-06,94.2,6.72,3338.2,4878.6,-1217.8,1709.1,18229.5
2018-06-07,94.2,6.72,3338.2,4878.6,-1217.8,1709.1,18229.5
2018-06-08,94.2,6.72,3338.2,4878.6,-1217.8,1709.1,18229.5
2018-06-09,94.2,6.72,3338.2,4878.6,-1217.8,1709.1,18229.5
2018-06-10,94.2,6.72,3338.2,4878.6,-1217.8,1709.1,18229.5
2018-06-11,94.2,6.72,3338.2,4878.6,-1217.8,1709.1,18229.5
2018-06-12,94.2,6.72,3338.2,4878.6,-1217.8,1709.1,18229.5
2018-06-13,94.2,6.72,3338.2,4878.6,-1217.8,1709.1,18229.5
2018-06-14,94.2,6.72,3338.2,4878.6,-1217.8,1709.1,18229.5
2018-06-15,94.2,6.72,3338.2,4878.6,-1217.8,1709.1,18229.5
2018-06-16,94.2,6.72,3338.2,4878.6,-1217.8,1709.1,18229.5
2018-06-17,94.2,6.72,3338.2,4878.6,-1217.8,1709.1,18229.5
2018-06-18,94.2,6.72,3338.2,4878.6,-1217.8,1709.1,18229.5
2018-06-19,94.2,6.72,3338.2,4878.6,-1217.8,1709.1,18229.5
2018-06-20,94.2,6.72,3338.2,4878.6,-1217.8,1709.1,18229.5
2018-06-21,94.2,6.72,3338.2,4878.6,-1217.8,1709.1,18229.5
2018-06-22,94.2,6.72,3338.2,4878.6,-1217.8,1709.1,18229.5
2018-06-23,94.2,6.72,3338.2,4878.6,-1217.8,1709.1,18229.5
2018-06-24,94.2,6.72,3338.2,4878.6,-1217.8,1709.1,18229.5
2018-06-25,94.2,6.72,3338.2,4878.6,-1217.8,1709.1,18229.5
2018-06-26,94.2,6.72,3338.2,4878.6,-1217.8,1709.1,18229.5
2018-06-27,94.2,6.72,3338.2,4878.6,-1217.8,1709.1,18229.5
2018-06-28,94.2,6.72,3338.2,4878.6,-1217.8,1709.1,18229.5
2018-06-29,94.2,6.72,3338.2,4878.6,-1217.8,1709.1,18229.5
2018-06-30,94.2,6.72,3338.2,4878.6,-1217.8,1709.1,18229.5
2018-07-01,97.9,7.25,3225.5,5007.1,-1216.8,1708.1,18268.1
2018-07-02,97.9,7.25,3225.5,5007.1,-1216.8,1708.1,18268.1
2018-07-03,97.9,7.25,3225.5,5007.1,-1216.8,1708.1,18268.1
2018-07-04,97.9,7.25,3225.5,5007.1,-1216.8,1708.1,18268.1
2018-07-05,97.9,7.25,3225.5,5007.1,-1216.8,1708.1,18268.1
2018-07-06,97.9,7.25,3225.5,5007.1,-1216.8,1708.1,18268.1
2018-07-07,97.9,7.25,3225.5,5007.1,-1216.8,1708.1,18268.1
2018-07-08,97.9,7.25,3225.5,5007.1,-1216.8,1708.1,18268.1
2018-07-09,97.9,7.25,3225.5,5007.1,-1216.8,1708.1,18268.1
2018-07-10,97.9,7.25,3225.5,5007.1,-1216.8,1708.1,18268.1
2018-07-11,97.9,7.25,3225.5,5007.1,-1216.8,1708.1,18268.1
2018-07-12,97.9,7.25,3225.5,5007.1,-1216.8,1708.1,18268.1
2018-07-13,97.9,7.25,3225.5,5007.1,-1216.8,1708.1,18268.1
2018-07-14,97.9,7.25,3225.5,5007.1,-1216.8,1708.1,18268.1
2018-07-15,97.9,7.25,3225.5,5007.1,-1216.8,1708.1,18268.1
2018-07-16,97.9,7.25,3225.5,5007.1,-1216.8,1708.1,18268.1
2018-07-17,97.9,7.25,3225.5,5007.1,-1216.8,1708.1,18268.1
2018-07-18,97.9,7.25,3225.5,5007.1,-1216.8,1708.1,18268.1
2018-07-19,97.9,7.25,3225.5,5007.1,-1216.8,1708.1,18268.1
2018-07-20,97.9,7.25,3225.5,5007.1,-1216.8,1708.1,18268.1
2018-07-21,97.9,7.25,3225.5,5007.1,-1216.8,1708.1,18268.1
2018-07-22,97.9,7.25,3225.5,5007.1,-1216.8,1708.1,18268.1
2018-07-23,97.9,7.25,3225.5,5007.1,-1216.8,1708.1,18268.1
2018-07-24,97.9,7.25,3225.5,5007.1,-1216.8,1708.1,18268.1
2018-07-25,97.9,7.25,3225.5,5007.1,-1216.8,1708.1,18268.1
2018-07-26,97.9,7.25,3225.5,5007.1,-1216.8,1708.1,18268.1
2018-07-27,97.9,7.25,3225.5,5007.1,-1216.8,1708.1,18268.1
2018-07-28,97.9,7.25,3225.5,5007.1,-1216.8,1708.1,18268.1
2018-07-29,97.9,7.25,3225.5,5007.1,-1216.8,1708.1,18268.1
2018-07-30,97.9,7.25,3225.5,5007.1,-1216.8,1708.1,18268.1
2018-07-31,97.9,7.25,3225.5,5007.1,-1216.8,1708.1,18268.1
2018-08-01,89,7.25,2778.6,4992.6,-1215.8,1708.1,18268.1
2018-08-02,89,7.25,2778.6,4992.6,-1215.8,1708.1,18268.1
2018-08-03,89,7.25,2778.6,4992.6,-1215.8,1708.1,18268.1
2018-08-04,89,7.25,2778.6,4992.6,-1215.8,1708.1,18268.1
2018-08-05,89,7.25,2778.6,4992.6,-1215.8,1708.1,18268.1
2018-08-06,89,7.25,2778.6,4992.6,-1215.8,1708.1,18268.1
2018-08-07,89,7.25,2778.6,4992.6,-1215.8,1708.1,18268.1
2018-08-08,89,7.25,2778.6,4992.6,-1215.8,1708.1,18268.1
2018-08-09,89,7.25,2778.6,4992.6,-1215.8,1708.1,18268.1
2018-08-10,89,7.25,2778.6,4992.6,-1215.8,1708.1,18268.1
2018-08-11,89,7.25,2778.6,4992.6,-1215.8,1708.1,18268.1
2018-08-12,89,7.25,2778.6,4992.6,-1215.8,1708.1,18268.1
2018-08-13,89,7.25,2778.6,4992.6,-1215.8,1708.1,18268.1
2018-08-14,89,7.25,2778.6,4992.6,-1215.8,1708.1,18268.1
2018-08-15,89,7.25,2778.6,4992.6,-1215.8,1708.1,18268.1
2018-08-16,89,7.25,2778.6,4992.6,-1215.8,1708.1,18268.1
2018-08-17,89,7.25,2778.6,4992.6,-1215.8,1708.1,18268.1
2018-08-18,89,7.25,2778.6,4992.6,-1215.8,1708.1,18268.1
2018-08-19,89,7.25,2778.6,4992.6,-1215.8,1708.1,18268.1
2018-08-20,89,7.25,2778.6,4992.6,-1215.8,1708.1,18268.1
2018-08-21,89,7.25,2778.6,4992.6,-1215.8,1708.1,18268.1
2018-08-22,89,7.25,2778.6,4992.6,-1215.8,1708.1,18268.1
2018-08-23,89,7.25,2778.6,4992.6,-1215.8,1708.1,18268.1
2018-08-24,89,7.25,2778.6,4992.6,-1215.8,1708.1,18268.1
2018-08-25,89,7.25,2778.6,4992.6,-1215.8,1708.1,18268.1
2018-08-26,89,7.25,2778.6,4992.6,-1215.8,1708.1,18268.1
2018-08-27,89,7.25,2778.6,4992.6,-1215.8,1708.1,18268.1
2018-08-28,89,7.25,2778.6,4992.6,-1215.8,1708.1,18268.1
2018-08-29,89,7.25,2778.6,4992.6,-1215.8,1708.1,18268.1
2018-08-30,89,7.25,2778.6,4992.6,-1215.8,1708.1,18268.1
2018-08-31,89,7.25,2778.6,4992.6,-1215.8,1708.1,18268.1
2018-09-01,92.9,7.29,3122.9,5145.6,-1214.8,1708.1,18268.1
2018-09-02,92.9,7.29,3122.9,5145.6,-1214.8,1708.1,18268.1
2018-09-03,92.9,7.29,3122.9,5145.6,-1214.8,1708.1,18268.1
2018-09-04,92.9,7.29,3122.9,5145.6,-1214.8,1708.1,18268.1
2018-09-05,92.9,7.29,3122.9,5145.6,-1214.8,1708.1,18268.1
2018-09-06,92.9,7.29,3122.9,5145.6,-1214.8,1708.1,18268.1
2018-09-07,92.9,7.29,3122.9,5145.6,-1214.8,1708.1,18268.1
2018-09-08,92.9,7.29,3122.9,5145.6,-1214.8,1708.1,18268.1
2018-09-09,92.9,7.29,3122.9,5145.6,-1214.8,1708.1,18268.1
2018-09-10,92.9,7.29,3122.9,5145.6,-1214.8,1708.1,18268.1
2018-09-11,92.9,7.29,3122.9,5145.6,-1214.8,1708.1,18268.1
2018-09-12,92.9,7.29,3122.9,5145.6,-1214.8,1708.1,18268.1
2018-09-13,92.9,7.29,3122.9,5145.6,-1214.8,1708.1,18268.1
2018-09-14,92.9,7.29,3122.9,5145.6,-1214.8,1708.1,18268.1
2018-09-15,92.9,7.29,3122.9,5145.6,-1214.8,1708.1,18268.1
2018-09-16,92.9,7.29,3122.9,5145.6,-1214.8,1708.1,18268.1
2018-09-17,92.9,7.29,3122.9,5145.6,-1214.8,1708.1,18268.1
2018-09-18,92.9,7.29,3122.9,5145.6,-1214.8,1708.1,18268.1
2018-09-19,92.9,7.29,3122.9,5145.6,-1214.8,1708.1,18268.1
2018-09-20,92.9,7.29,3122.9,5145.6,-1214.8,1708.1,18268.1
2018-09-21,92.9,7.29,3122.9,5145.6,-1214.8,1708.1,18268.1
2018-09-22,92.9,7.29,3122.9,5145.6,-1214.8,1708.1,18268.1
2018-09-23,92.9,7.29,3122.9,5145.6,-1214.8,1708.1,18268.1
2018-09-24,92.9,7.29,3122.9,5145.6,-1214.8,1708.1,18268.1
2018-09-25,92.9,7.29,3122.9,5145.6,-1214.8,1708.1,18268.1
2018-09-26,92.9,7.29,3122.9,5145.6,-1214.8,1708.1,18268.1
2018-09-27,92.9,7.29,3122.9,5145.6,-1214.8,1708.1,18268.1
2018-09-28,92.9,7.29,3122.9,5145.6,-1214.8,1708.1,18268.1
2018-09-29,92.9,7.29,3122.9,5145.6,-1214.8,1708.1,18268.1
2018-09-30,92.9,7.29,3122.9,5145.6,-1214.8,1708.1,18268.1
2018-10-01,94.1,7.27,3753.1,5555.4,-1213.8,1711.5,18321.6
2018-10-02,94.1,7.27,3753.1,5555.4,-1213.8,1711.5,18321.6
2018-10-03,94.1,7.27,3753.1,5555.4,-1213.8,1711.5,18321.6
2018-10-04,94.1,7.27,3753.1,5555.4,-1213.8,1711.5,18321.6
2018-10-05,94.1,7.27,3753.1,5555.4,-1213.8,1711.5,18321.6
2018-10-06,94.1,7.27,3753.1,5555.4,-1213.8,1711.5,18321.6
2018-10-07,94.1,7.27,3753.1,5555.4,-1213.8,1711.5,18321.6
2018-10-08,94.1,7.27,3753.1,5555.4,-1213.8,1711.5,18321.6
2018-10-09,94.1,7.27,3753.1,5555.4,-1213.8,1711.5,18321.6
2018-10-10,94.1,7.27,3753.1,5555.4,-1213.8,1711.5,18321.6
2018-10-11,94.1,7.27,3753.1,5555.4,-1213.8,1711.5,18321.6
2018-10-12,94.1,7.27,3753.1,5555.4,-1213.8,1711.5,18321.6
2018-10-13,94.1,7.27,3753.1,5555.4,-1213.8,1711.5,18321.6
2018-10-14,94.1,7.27,3753.1,5555.4,-1213.8,1711.5,18321.6
2018-10-15,94.1,7.27,3753.1,5555.4,-1213.8,1711.5,18321.6
2018-10-16,94.1,7.27,3753.1,5555.4,-1213.8,1711.5,18321.6
2018-10-17,94.1,7.27,3753.1,5555.4,-1213.8,1711.5,18321.6
2018-10-18,94.1,7.27,3753.1,5555.4,-1213.8,1711.5,18321.6
2018-10-19,94.1,7.27,3753.1,5555.4,-1213.8,1711.5,18321.6
2018-10-20,94.1,7.27,3753.1,5555.4,-1213.8,1711.5,18321.6
2018-10-21,94.1,7.27,3753.1,5555.4,-1213.8,1711.5,18321.6
2018-10-22,94.1,7.27,3753.1,5555.4,-1213.8,1711.5,18321.6
2018-10-23,94.1,7.27,3753.1,5555.4,-1213.8,1711.5,18321.6
2018-10-24,94.1,7.27,3753.1,5555.4,-1213.8,1711.5,18321.6
2018-10-25,94.1,7.27,3753.1,5555.4,-1213.8,1711.5,18321.6
2018-10-26,94.1,7.27,3753.1,5555.4,-1213.8,1711.5,18321.6
2018-10-27,94.1,7.27,3753.1,5555.4,-1213.8,1711.5,18321.6
2018-10-28,94.1,7.27,3753.1,5555.4,-1213.8,1711.5,18321.6
2018-10-29,94.1,7.27,3753.1,5555.4,-1213.8,1711.5,18321.6
2018-10-30,94.1,7.27,3753.1,5555.4,-1213.8,1711.5,18321.6
2018-10-31,94.1,7.27,3753.1,5555.4,-1213.8,1711.5,18321.6
2018-11-01,88.5,7.25,3888,5232.5,-1212.8,1711.5,18321.6
2018-11-02,88.5,7.25,3888,5232.5,-1212.8,1711.5,18321.6
2018-11-03,88.5,7.25,3888,5232.5,-1212.8,1711.5,18321.6
2018-11-04,88.5,7.25,3888,5232.5,-1212.8,1711.5,18321.6
2018-11-05,88.5,7.25,3888,5232.5,-1212.8,1711.5,18321.6
2018-11-06,88.5,7.25,3888,5232.5,-1212.8,1711.5,18321.6
2018-11-07,88.5,7.25,3888,5232.5,-1212.8,1711.5,18321.6
2018-11-08,88.5,7.25,3888,5232.5,-1212.8,1711.5,18321.6
2018-11-09,88.5,7.25,3888,5232.5,-1212.8,1711.5,18321.6
2018-11-10,88.5,7.25,3888,5232.5,-1212.8,1711.5,18321.6
2018-11-11,88.5,7.25,3888,5232.5,-1212.8,1711.5,18321.6
2018-11-12,88.5,7.25,3888,5232.5,-1212.8,1711.5,18321.6
2018-11-13,88.5,7.25,3888,5232.5,-1212.8,1711.5,18321.6
2018-11-14,88.5,7.25,3888,5232.5,-1212.8,1711.5,18321.6
2018-11-15,88.5,7.25,3888,5232.5,-1212.8,1711.5,18321.6
2018-11-16,88.5,7.25,3888,5232.5,-1212.8,1711.5,18321.6
2018-11-17,88.5,7.25,3888,5232.5,-1212.8,1711.5,18321.6
2018-11-18,88.5,7.25,3888,5232.5,-1212.8,1711.5,18321.6
2018-11-19,88.5,7.25,3888,5232.5,-1212.8,1711.5,18321.6
2018-11-20,88.5,7.25,3888,5232.5,-1212.8,1711.5,18321.6
2018-11-21,88.5,7.25,3888,5232.5,-1212.8,1711.5,18321.6
2018-11-22,88.5,7.25,3888,5232.5,-1212.8,1711.5,18321.6
2018-11-23,88.5,7.25,3888,5232.5,-1212.8,1711.5,18321.6
2018-11-24,88.5,7.25,3888,5232.5,-1212.8,1711.5,18321.6
2018-11-25,88.5,7.25,3888,5232.5,-1212.8,1711.5,18321.6
2018-11-26,88.5,7.25,3888,5232.5,-1212.8,1711.5,18321.6
2018-11-27,88.5,7.25,3888,5232.5,-1212.8,1711.5,18321.6
2018-11-28,88.5,7.25,3888,5232.5,-1212.8,1711.5,18321.6
2018-11-29,88.5,7.25,3888,5232.5,-1212.8,1711.5,18321.6
2018-11-30,88.5,7.25,3888,5232.5,-1212.8,1711.5,18321.6
2018-12-01,91.3,7.24,3863.3,5582.5,-1211.8,1711.5,18321.6
2018-12-02,91.3,7.24,3863.3,5582.5,-1211.8,1711.5,18321.6
2018-12-03,91.3,7.24,3863.3,5582.5,-1211.8,1711.5,18321.6
2018-12-04,91.3,7.24,3863.3,5582.5,-1211.8,1711.5,18321.6
2018-12-05,91.3,7.24,3863.3,5582.5,-1211.8,1711.5,18321.6
2018-12-06,91.3,7.24,3863.3,5582.5,-1211.8,1711.5,18321.6
2018-12-07,91.3,7.24,3863.3,5582.5,-1211.8,1711.5,18321.6
2018-12-08,91.3,7.24,3863.3,5582.5,-1211.8,1711.5,18321.6
2018-12-09,91.3,7.24,3863.3,5582.5,-1211.8,1711.5,18321.6
2018-12-10,91.3,7.24,3863.3,5582.5,-1211.8,1711.5,18321.6
2018-12-11,91.3,7.24,3863.3,5582.5,-1211.8,1711.5,18321.6
2018-12-12,91.3,7.24,3863.3,5582.5,-1211.8,1711.5,18321.6
2018-12-13,91.3,7.24,3863.3,5582.5,-1211.8,1711.5,18321.6
2018-12-14,91.3,7.24,3863.3,5582.5,-1211.8,1711.5,18321.6
2018-12-15,91.3,7.24,3863.3,5582.5,-1211.8,1711.5,18321.6
2018-12-16,91.3,7.24,3863.3,5582.5,-1211.8,1711.5,18321.6
2018-12-17,91.3,7.24,3863.3,5582.5,-1211.8,1711.5,18321.6
2018-12-18,91.3,7.24,3863.3,5582.5,-1211.8,1711.5,18321.6
2018-12-19,91.3,7.24,3863.3,5582.5,-1211.8,1711.5,18321.6
2018-12-20,91.3,7.24,3863.3,5582.5,-1211.8,1711.5,18321.6
2018-12-21,91.3,7.24,3863.3,5582.5,-1211.8,1711.5,18321.6
2018-12-22,91.3,7.24,3863.3,5582.5,-1211.8,1711.5,18321.6
2018-12-23,91.3,7.24,3863.3,5582.5,-1211.8,1711.5,18321.6
2018-12-24,91.3,7.24,3863.3,5582.5,-1211.8,1711.5,18321.6
2018-12-25,91.3,7.24,3863.3,5582.5,-1211.8,1711.5,18321.6
2018-12-26,91.3,7.24,3863.3,5582.5,-1211.8,1711.5,18321.6
2018-12-27,91.3,7.24,3863.3,5582.5,-1211.8,1711.5,18321.6
2018-12-28,91.3,7.24,3863.3,5582.5,-1211.8,1711.5,18321.6
2018-12-29,91.3,7.24,3863.3,5582.5,-1211.8,1711.5,18321.6
2018-12-30,91.3,7.24,3863.3,5582.5,-1211.8,1711.5,18321.6
2018-12-31,91.3,7.24,3863.3,5582.5,-1211.8,1711.5,18321.6
2019-01-01,88.3,7.24,3815.5,5383.8,-1210.8,1716.6,18364.4
2019-01-02,88.3,7.24,3815.5,5383.8,-1210.8,1716.6,18364.4
2019-01-03,88.3,7.24,3815.5,5383.8,-1210.8,1716.6,18364.4
2019-01-04,88.3,7.24,3815.5,5383.8,-1210.8,1716.6,18364.4
2019-01-05,88.3,7.24,3815.5,5383.8,-1210.8,1716.6,18364.4
2019-01-06,88.3,7.24,3815.5,5383.8,-1210.8,1716.6,18364.4
2019-01-07,88.3,7.24,3815.5,5383.8,-1210.8,1716.6,18364.4
2019-01-08,88.3,7.24,3815.5,5383.8,-1210.8,1716.6,18364.4
2019-01-09,88.3,7.24,3815.5,5383.8,-1210.8,1716.6,18364.4
2019-01-10,88.3,7.24,3815.5,5383.8,-1210.8,1716.6,18364.4
2019-01-11,88.3,7.24,3815.5,5383.8,-1210.8,1716.6,18364.4
2019-01-12,88.3,7.24,3815.5,5383.8,-1210.8,1716.6,18364.4
2019-01-13,88.3,7.24,3815.5,5383.8,-1210.8,1716.6,18364.4
2019-01-14,88.3,7.24,3815.5,5383.8,-1210.8,1716.6,18364.4
2019-01-15,88.3,7.24,3815.5,5383.8,-1210.8,1716.6,18364.4
2019-01-16,88.3,7.24,3815.5,5383.8,-1210.8,1716.6,18364.4
2019-01-17,88.3,7.24,3815.5,5383.8,-1210.8,1716.6,18364.4
2019-01-18,88.3,7.24,3815.5,5383.8,-1210.8,1716.6,18364.4
2019-01-19,88.3,7.24,3815.5,5383.8,-1210.8,1716.6,18364.4
2019-01-20,88.3,7.24,3815.5,5383.8,-1210.8,1716.6,18364.4
2019-01-21,88.3,7.24,3815.5,5383.8,-1210.8,1716.6,18364.4
2019-01-22,88.3,7.24,3815.5,5383.8,-1210.8,1716.6,18364.4
2019-01-23,88.3,7.24,3815.5,5383.8,-1210.8,1716.6,18364.4
2019-01-24,88.3,7.24,3815.5,5383.8,-1210.8,1716.6,18364.4
2019-01-25,88.3,7.24,3815.5,5383.8,-1210.8,1716.6,18364.4
2019-01-26,88.3,7.24,3815.5,5383.8,-1210.8,1716.6,18364.4
2019-01-27,88.3,7.24,3815.5,5383.8,-1210.8,1716.6,18364.4
2019-01-28,88.3,7.24,3815.5,5383.8,-1210.8,1716.6,18364.4
2019-01-29,88.3,7.24,3815.5,5383.8,-1210.8,1716.6,18364.4
2019-01-30,88.3,7.24,3815.5,5383.8,-1210.8,1716.6,18364.4
2019-01-31,88.3,7.24,3815.5,5383.8,-1210.8,1716.6,18364.4
2019-02-01,86.3,7.28,3903.9,4798,-1209.8,1716.6,18364.4
2019-02-02,86.3,7.28,3903.9,4798,-1209.8,1716.6,18364.4
2019-02-03,86.3,7.28,3903.9,4798,-1209.8,1716.6,18364.4
2019-02-04,86.3,7.28,3903.9,4798,-1209.8,1716.6,18364.4
2019-02-05,86.3,7.28,3903.9,4798,-1209.8,1716.6,18364.4
2019-02-06,86.3,7.28,3903.9,4798,-1209.8,1716.6,18364.4
2019-02-07,86.3,7.28,3903.9,4798,-1209.8,1716.6,18364.4
2019-02-08,86.3,7.28,3903.9,4798,-1209.8,1716.6,18364.4
2019-02-09,86.3,7.28,3903.9,4798,-1209.8,1716.6,18364.4
2019-02-10,86.3,7.28,3903.9,4798,-1209.8,1716.6,18364.4
2019-02-11,86.3,7.28,3903.9,4798,-1209.8,1716.6,18364.4
2019-02-12,86.3,7.28,3903.9,4798,-1209.8,1716.6,18364.4
2019-02-13,86.3,7.28,3903.9,4798,-1209.8,1716.6,18364.4
2019-02-14,86.3,7.28,3903.9,4798,-1209.8,1716.6,18364.4
2019-02-15,86.3,7.28,3903.9,4798,-1209.8,1716.6,18364.4
2019-02-16,86.3,7.28,3903.9,4798,-1209.8,1716.6,18364.4
2019-02-17,86.3,7.28,3903.9,4798,-1209.8,1716.6,18364.4
2019-02-18,86.3,7.28,3903.9,4798,-1209.8,1716.6,18364.4
2019-02-19,86.3,7.28,3903.9,4798,-1209.8,1716.6,18364.4
2019-02-20,86.3,7.28,3903.9,4798,-1209.8,1716.6,18364.4
2019-02-21,86.3,7.28,3903.9,4798,-1209.8,1716.6,18364.4
2019-02-22,86.3,7.28,3903.9,4798,-1209.8,1716.6,18364.4
2019-02-23,86.3,7.28,3903.9,4798,-1209.8,1716.6,18364.4
2019-02-24,86.3,7.28,3903.9,4798,-1209.8,1716.6,18364.4
2019-02-25,86.3,7.28,3903.9,4798,-1209.8,1716.6,18364.4
2019-02-26,86.3,7.28,3903.9,4798,-1209.8,1716.6,18364.4
2019-02-27,86.3,7.28,3903.9,4798,-1209.8,1716.6,18364.4
2019-02-28,86.3,7.28,3903.9,4798,-1209.8,1716.6,18364.4
2019-03-01,90.6,7.9,4127,5637.9,-1208.8,1716.6,18364.4
2019-03-02,90.6,7.9,4127,5637.9,-1208.8,1716.6,18364.4
2019-03-03,90.6,7.9,4127,5637.9,-1208.8,1716.6,18364.4
2019-03-04,90.6,7.9,4127,5637.9,-1208.8,1716.6,18364.4
2019-03-05,90.6,7.9,4127,5637.9,-1208.8,1716.6,18364.4
2019-03-06,90.6,7.9,4127,5637.9,-1208.8,1716.6,18364.4
2019-03-07,90.6,7.9,4127,5637.9,-1208.8,1716.6,18364.4
2019-03-08,90.6,7.9,4127,5637.9,-1208.8,1716.6,18364.4
2019-03-09,90.6,7.9,4127,5637.9,-1208.8,1716.6,18364.4
2019-03-10,90.6,7.9,4127,5637.9,-1208.8,1716.6,18364.4
2019-03-11,90.6,7.9,4127,5637.9,-1208.8,1716.6,18364.4
2019-03-12,90.6,7.9,4127,5637.9,-1208.8,1716.6,18364.4
2019-03-13,90.6,7.9,4127,5637.9,-1208.8,1716.6,18364.4
2019-03-14,90.6,7.9,4127,5637.9,-1208.8,1716.6,18364.4
2019-03-15,90.6,7.9,4127,5637.9,-1208.8,1716.6,18364.4
2019-03-16,90.6,7.9,4127,5637.9,-1208.8,1716.6,18364.4
2019-03-17,90.6,7.9,4127,5637.9,-1208.8,1716.6,18364.4
2019-03-18,90.6,7.9,4127,5637.9,-1208.8,1716.6,18364.4
2019-03-19,90.6,7.9,4127,5637.9,-1208.8,1716.6,18364.4
2019-03-20,90.6,7.9,4127,5637.9,-1208.8,1716.6,18364.4
2019-03-21,90.6,7.9,4127,5637.9,-1208.8,1716.6,18364.4
2019-03-22,90.6,7.9,4127,5637.9,-1208.8,1716.6,18364.4
2019-03-23,90.6,7.9,4127,5637.9,-1208.8,1716.6,18364.4
2019-03-24,90.6,7.9,4127,5637.9,-1208.8,1716.6,18364.4
2019-03-25,90.6,7.9,4127,5637.9,-1208.8,1716.6,18364.4
2019-03-26,90.6,7.9,4127,5637.9,-1208.8,1716.6,18364.4
2019-03-27,90.6,7.9,4127,5637.9,-1208.8,1716.6,18364.4
2019-03-28,90.6,7.9,4127,5637.9,-1208.8,1716.6,18364.4
2019-03-29,90.6,7.9,4127,5637.9,-1208.8,1716.6,18364.4
2019-03-30,90.6,7.9,4127,5637.9,-1208.8,1716.6,18364.4
2019-03-31,90.6,7.9,4127,5637.9,-1208.8,1716.6,18364.4
2019-04-01,86.8,7.86,3929.9,6293.5,-1207.8,1719.8,18445.7
2019-04-02,86.8,7.86,3929.9,6293.5,-1207.8,1719.8,18445.7
2019-04-03,86.8,7.86,3929.9,6293.5,-1207.8,1719.8,18445.7
2019-04-04,86.8,7.86,3929.9,6293.5,-1207.8,1719.8,18445.7
2019-04-05,86.8,7.86,3929.9,6293.5,-1207.8,1719.8,18445.7
2019-04-06,86.8,7.86,3929.9,6293.5,-1207.8,1719.8,18445.7
2019-04-07,86.8,7.86,3929.9,6293.5,-1207.8,1719.8,18445.7
2019-04-08,86.8,7.86,3929.9,6293.5,-1207.8,1719.8,18445.7
2019-04-09,86.8,7.86,3929.9,6293.5,-1207.8,1719.8,18445.7
2019-04-10,86.8,7.86,3929.9,6293.5,-1207.8,1719.8,18445.7
2019-04-11,86.8,7.86,3929.9,6293.5,-1207.8,1719.8,18445.7
2019-04-12,86.8,7.86,3929.9,6293.5,-1207.8,1719.8,18445.7
2019-04-13,86.8,7.86,3929.9,6293.5,-1207.8,1719.8,18445.7
2019-04-14,86.8,7.86,3929.9,6293.5,-1207.8,1719.8,18445.7
2019-04-15,86.8,7.86,3929.9,6293.5,-1207.8,1719.8,18445.7
2019-04-16,86.8,7.86,3929.9,6293.5,-1207.8,1719.8,18445.7
2019-04-17,86.8,7.86,3929.9,6293.5,-1207.8,1719.8,18445.7
2019-04-18,86.8,7.86,3929.9,6293.5,-1207.8,1719.8,18445.7
2019-04-19,86.8,7.86,3929.9,6293.5,-1207.8,1719.8,18445.7
2019-04-20,86.8,7.86,3929.9,6293.5,-1207.8,1719.8,18445.7
2019-04-21,86.8,7.86,3929.9,6293.5,-1207.8,1719.8,18445.7
2019-04-22,86.8,7.86,3929.9,6293.5,-1207.8,1719.8,18445.7
2019-04-23,86.8,7.86,3929.9,6293.5,-1207.8,1719.8,18445.7
2019-04-24,86.8,7.86,3929.9,6293.5,-1207.8,1719.8,18445.7
2019-04-25,86.8,7.86,3929.9,6293.5,-1207.8,1719.8,18445.7
2019-04-26,86.8,7.86,3929.9,6293.5,-1207.8,1719.8,18445.7
2019-04-27,86.8,7.86,3929.9,6293.5,-1207.8,1719.8,18445.7
2019-04-28,86.8,7.86,3929.9,6293.5,-1207.8,1719.8,18445.7
2019-04-29,86.8,7.86,3929.9,6293.5,-1207.8,1719.8,18445.7
2019-04-30,86.8,7.86,3929.9,6293.5,-1207.8,1719.8,18445.7
2019-05-01,89.6,7.83,3813.9,5583.1,-1206.8,1719.8,18445.7
2019-05-02,89.6,7.83,3813.9,5583.1,-1206.8,1719.8,18445.7
2019-05-03,89.6,7.83,3813.9,5583.1,-1206.8,1719.8,18445.7
2019-05-04,89.6,7.83,3813.9,5583.1,-1206.8,1719.8,18445.7
2019-05-05,89.6,7.83,3813.9,5583.1,-1206.8,1719.8,18445.7
2019-05-06,89.6,7.83,3813.9,5583.1,-1206.8,1719.8,18445.7
2019-05-07,89.6,7.83,3813.9,5583.1,-1206.8,1719.8,18445.7
2019-05-08,89.6,7.83,3813.9,5583.1,-1206.8,1719.8,18445.7
2019-05-09,89.6,7.83,3813.9,5583.1,-1206.8,1719.8,18445.7
2019-05-10,89.6,7.83,3813.9,5583.1,-1206.8,1719.8,18445.7
2019-05-11,89.6,7.83,3813.9,5583.1,-1206.8,1719.8,18445.7
2019-05-12,89.6,7.83,3813.9,5583.1,-1206.8,1719.8,18445.7
2019-05-13,89.6,7.83,3813.9,5583.1,-1206.8,1719.8,18445.7
2019-05-14,89.6,7.83,3813.9,5583.1,-1206.8,1719.8,18445.7
2019-05-15,89.6,7.83,3813.9,5583.1,-1206.8,1719.8,18445.7
2019-05-16,89.6,7.83,3813.9,5583.1,-1206.8,1719.8,18445.7
2019-05-17,89.6,7.83,3813.9,5583.1,-1206.8,1719.8,18445.7
2019-05-18,89.6,7.83,3813.9,5583.1,-1206.8,1719.8,18445.7
2019-05-19,89.6,7.83,3813.9,5583.1,-1206.8,1719.8,18445.7
2019-05-20,89.6,7.83,3813.9,5583.1,-1206.8,1719.8,18445.7
2019-05-21,89.6,7.83,3813.9,5583.1,-1206.8,1719.8,18445.7
2019-05-22,89.6,7.83,3813.9,5583.1,-1206.8,1719.8,18445.7
2019-05-23,89.6,7.83,3813.9,5583.1,-1206.8,1719.8,18445.7
2019-05-24,89.6,7.83,3813.9,5583.1,-1206.8,1719.8,18445.7
2019-05-25,89.6,7.83,3813.9,5583.1,-1206.8,1719.8,18445.7
2019-05-26,89.6,7.83,3813.9,5583.1,-1206.8,1719.8,18445.7
2019-05-27,89.6,7.83,3813.9,5583.1,-1206.8,1719.8,18445.7
2019-05-28,89.6,7.83,3813.9,5583.1,-1206.8,1719.8,18445.7
2019-05-29,89.6,7.83,3813.9,5583.1,-1206.8,1719.8,18445.7
2019-05-30,89.6,7.83,3813.9,5583.1,-1206.8,1719.8,18445.7
2019-05-31,89.6,7.83,3813.9,5583.1,-1206.8,1719.8,18445.7
2019-06-01,89.4,7.83,3314,4988.5,-1205.8,1719.8,18445.7
2019-06-02,89.4,7.83,3314,4988.5,-1205.8,1719.8,18445.7
2019-06-03,89.4,7.83,3314,4988.5,-1205.8,1719.8,18445.7
2019-06-04,89.4,7.83,3314,4988.5,-1205.8,1719.8,18445.7
2019-06-05,89.4,7.83,3314,4988.5,-1205.8,1719.8,18445.7
2019-06-06,89.4,7.83,3314,4988.5,-1205.8,1719.8,18445.7
2019-06-07,89.4,7.83,3314,4988.5,-1205.8,1719.8,18445.7
2019-06-08,89.4,7.83,3314,4988.5,-1205.8,1719.8,18445.7
2019-06-09,89.4,7.83,3314,4988.5,-1205.8,1719.8,18445.7
2019-06-10,89.4,7.83,3314,4988.5,-1205.8,1719.8,18445.7
2019-06-11,89.4,7.83,3314,4988.5,-1205.8,1719.8,18445.7
2019-06-12,89.4,7.83,3314,4988.5,-1205.8,1719.8,18445.7
2019-06-13,89.4,7.83,3314,4988.5,-1205.8,1719.8,18445.7
2019-06-14,89.4,7.83,3314,4988.5,-1205.8,1719.8,18445.7
2019-06-15,89.4,7.83,3314,4988.5,-1205.8,1719.8,18445.7
2019-06-16,89.4,7.83,3314,4988.5,-1205.8,1719.8,18445.7
2019-06-17,89.4,7.83,3314,4988.5,-1205.8,1719.8,18445.7
2019-06-18,89.4,7.83,3314,4988.5,-1205.8,1719.8,18445.7
2019-06-19,89.4,7.83,3314,4988.5,-1205.8,1719.8,18445.7
2019-06-20,89.4,7.83,3314,4988.5,-1205.8,1719.8,18445.7
2019-06-21,89.4,7.83,3314,4988.5,-1205.8,1719.8,18445.7
2019-06-22,89.4,7.83,3314,4988.5,-1205.8,1719.8,18445.7
2019-06-23,89.4,7.83,3314,4988.5,-1205.8,1719.8,18445.7
2019-06-24,89.4,7.83,3314,4988.5,-1205.8,1719.8,18445.7
2019-06-25,89.4,7.83,3314,4988.5,-1205.8,1719.8,18445.7
2019-06-26,89.4,7.83,3314,4988.5,-1205.8,1719.8,18445.7
2019-06-27,89.4,7.83,3314,4988.5,-1205.8,1719.8,18445.7
2019-06-28,89.4,7.83,3314,4988.5,-1205.8,1719.8,18445.7
2019-06-29,89.4,7.83,3314,4988.5,-1205.8,1719.8,18445.7
2019-06-30,89.4,7.83,3314,4988.5,-1205.8,1719.8,18445.7
2019-07-01,95.2,7.83,3799.2,5182.5,-1204.8,1719.8,18445.7
2019-07-02,95.2,7.83,3799.2,5182.5,-1204.8,1719.8,18445.7
2019-07-03,95.2,7.83,3799.2,5182.5,-1204.8,1719.8,18445.7
2019-07-04,95.2,7.83,3799.2,5182.5,-1204.8,1719.8,18445.7
2019-07-05,95.2,7.83,3799.2,5182.5,-1204.8,1719.8,18445.7
2019-07-06,95.2,7.83,3799.2,5182.5,-1204.8,1719.8,18445.7
2019-07-07,95.2,7.83,3799.2,5182.5,-1204.8,1719.8,18445.7
2019-07-08,95.2,7.83,3799.2,5182.5,-1204.8,1719.8,18445.7
2019-07-09,95.2,7.83,3799.2,5182.5,-1204.8,1719.8,18445.7
2019-07-10,95.2,7.83,3799.2,5182.5,-1204.8,1719.8,18445.7
2019-07-11,95.2,7.83,3799.2,5182.5,-1204.8,1719.8,18445.7
2019-07-12,95.2,7.83,3799.2,5182.5,-1204.8,1719.8,18445.7
2019-07-13,95.2,7.83,3799.2,5182.5,-1204.8,1719.8,18445.7
2019-07-14,95.2,7.83,3799.2,5182.5,-1204.8,1719.8,18445.7
2019-07-15,95.2,7.83,3799.2,5182.5,-1204.8,1719.8,18445.7
2019-07-16,95.2,7.83,3799.2,5182.5,-1204.8,1719.8,18445.7
2019-07-17,95.2,7.83,3799.2,5182.5,-1204.8,1719.8,18445.7
2019-07-18,95.2,7.83,3799.2,5182.5,-1204.8,1719.8,18445.7
2019-07-19,95.2,7.83,3799.2,5182.5,-1204.8,1719.8,18445.7
2019-07-20,95.2,7.83,3799.2,5182.5,-1204.8,1719.8,18445.7
2019-07-21,95.2,7.83,3799.2,5182.5,-1204.8,1719.8,18445.7
2019-07-22,95.2,7.83,3799.2,5182.5,-1204.8,1719.8,18445.7
2019-07-23,95.2,7.83,3799.2,5182.5,-1204.8,1719.8,18445.7
2019-07-24,95.2,7.83,3799.2,5182.5,-1204.8,1719.8,18445.7
2019-07-25,95.2,7.83,3799.2,5182.5,-1204.8,1719.8,18445.7
2019-07-26,95.2,7.83,3799.2,5182.5,-1204.8,1719.8,18445.7
2019-07-27,95.2,7.83,3799.2,5182.5,-1204.8,1719.8,18445.7
2019-07-28,95.2,7.83,3799.2,5182.5,-1204.8,1719.8,18445.7
2019-07-29,95.2,7.83,3799.2,5182.5,-1204.8,1719.8,18445.7
2019-07-30,95.2,7.83,3799.2,5182.5,-1204.8,1719.8,18445.7
2019-07-31,95.2,7.83,3799.2,5182.5,-1204.8,1719.8,18445.7
2019-08-01,85.1,7.83,2820.3,4520.6,-1203.8,1764.4,18440.9
2019-08-02,85.1,7.83,2820.3,4520.6,-1203.8,1764.4,18440.9
2019-08-03,85.1,7.83,2820.3,4520.6,-1203.8,1764.4,18440.9
2019-08-04,85.1,7.83,2820.3,4520.6,-1203.8,1764.4,18440.9
2019-08-05,85.1,7.83,2820.3,4520.6,-1203.8,1764.4,18440.9
2019-08-06,85.1,7.83,2820.3,4520.6,-1203.8,1764.4,18440.9
2019-08-07,85.1,7.83,2820.3,4520.6,-1203.8,1764.4,18440.9
2019-08-08,85.1,7.83,2820.3,4520.6,-1203.8,1764.4,18440.9
2019-08-09,85.1,7.83,2820.3,4520.6,-1203.8,1764.4,18440.9
2019-08-10,85.1,7.83,2820.3,4520.6,-1203.8,1764.4,18440.9
2019-08-11,85.1,7.83,2820.3,4520.6,-1203.8,1764.4,18440.9
2019-08-12,85.1,7.83,2820.3,4520.6,-1203.8,1764.4,18440.9
2019-08-13,85.1,7.83,2820.3,4520.6,-1203.8,1764.4,18440.9
2019-08-14,85.1,7.83,2820.3,4520.6,-1203.8,1764.4,18440.9
2019-08-15,85.1,7.83,2820.3,4520.6,-1203.8,1764.4,18440.9
2019-08-16,85.1,7.83,2820.3,4520.6,-1203.8,1764.4,18440.9
2019-08-17,85.1,7.83,2820.3,4520.6,-1203.8,1764.4,18440.9
2019-08-18,85.1,7.83,2820.3,4520.6,-1203.8,1764.4,18440.9
2019-08-19,85.1,7.83,2820.3,4520.6,-1203.8,1764.4,18440.9
2019-08-20,85.1,7.83,2820.3,4520.6,-1203.8,1764.4,18440.9
2019-08-21,85.1,7.83,2820.3,4520.6,-1203.8,1764.4,18440.9
2019-08-22,85.1,7.83,2820.3,4520.6,-1203.8,1764.4,18440.9
2019-08-23,85.1,7.83,2820.3,4520.6,-1203.8,1764.4,18440.9
2019-08-24,85.1,7.83,2820.3,4520.6,-1203.8,1764.4,18440.9
2019-08-25,85.1,7.83,2820.3,4520.6,-1203.8,1764.4,18440.9
2019-08-26,85.1,7.83,2820.3,4520.6,-1203.8,1764.4,18440.9
2019-08-27,85.1,7.83,2820.3,4520.6,-1203.8,1764.4,18440.9
2019-08-28,85.1,7.83,2820.3,4520.6,-1203.8,1764.4,18440.9
2019-08-29,85.1,7.83,2820.3,4520.6,-1203.8,1764.4,18440.9
2019-08-30,85.1,7.83,2820.3,4520.6,-1203.8,1764.4,18440.9
2019-08-31,85.1,7.83,2820.3,4520.6,-1203.8,1764.4,18440.9
2019-09-01,88.9,7.82,3484.6,5468.6,-1202.8,1764.4,18440.9
2019-09-02,88.9,7.82,3484.6,5468.6,-1202.8,1764.4,18440.9
2019-09-03,88.9,7.82,3484.6,5468.6,-1202.8,1764.4,18440.9
2019-09-04,88.9,7.82,3484.6,5468.6,-1202.8,1764.4,18440.9
2019-09-05,88.9,7.82,3484.6,5468.6,-1202.8,1764.4,18440.9
2019-09-06,88.9,7.82,3484.6,5468.6,-1202.8,1764.4,18440.9
2019-09-07,88.9,7.82,3484.6,5468.6,-1202.8,1764.4,18440.9
2019-09-08,88.9,7.82,3484.6,5468.6,-1202.8,1764.4,18440.9
2019-09-09,88.9,7.82,3484.6,5468.6,-1202.8,1764.4,18440.9
2019-09-10,88.9,7.82,3484.6,5468.6,-1202.8,1764.4,18440.9
2019-09-11,88.9,7.82,3484.6,5468.6,-1202.8,1764.4,18440.9
2019-09-12,88.9,7.82,3484.6,5468.6,-1202.8,1764.4,18440.9
2019-09-13,88.9,7.82,3484.6,5468.6,-1202.8,1764.4,18440.9
2019-09-14,88.9,7.82,3484.6,5468.6,-1202.8,1764.4,18440.9
2019-09-15,88.9,7.82,3484.6,5468.6,-1202.8,1764.4,18440.9
2019-09-16,88.9,7.82,3484.6,5468.6,-1202.8,1764.4,18440.9
2019-09-17,88.9,7.82,3484.6,5468.6,-1202.8,1764.4,18440.9
2019-09-18,88.9,7.82,3484.6,5468.6,-1202.8,1764.4,18440.9
2019-09-19,88.9,7.82,3484.6,5468.6,-1202.8,1764.4,18440.9
2019-09-20,88.9,7.82,3484.6,5468.6,-1202.8,1764.4,18440.9
2019-09-21,88.9,7.82,3484.6,5468.6,-1202.8,1764.4,18440.9
2019-09-22,88.9,7.82,3484.6,5468.6,-1202.8,1764.4,18440.9
2019-09-23,88.9,7.82,3484.6,5468.6,-1202.8,1764.4,18440.9
2019-09-24,88.9,7.82,3484.6,5468.6,-1202.8,1764.4,18440.9
2019-09-25,88.9,7.82,3484.6,5468.6,-1202.8,1764.4,18440.9
2019-09-26,88.9,7.82,3484.6,5468.6,-1202.8,1764.4,18440.9
2019-09-27,88.9,7.82,3484.6,5468.6,-1202.8,1764.4,18440.9
2019-09-28,88.9,7.82,3484.6,5468.6,-1202.8,1764.4,18440.9
2019-09-29,88.9,7.82,3484.6,5468.6,-1202.8,1764.4,18440.9
2019-09-30,88.9,7.82,3484.6,5468.6,-1202.8,1764.4,18440.9
2019-10-01,91,7.81,3719.9,5378.3,-1201.8,1755.2,18488.1
2019-10-02,91,7.81,3719.9,5378.3,-1201.8,1755.2,18488.1
2019-10-03,91,7.81,3719.9,5378.3,-1201.8,1755.2,18488.1
2019-10-04,91,7.81,3719.9,5378.3,-1201.8,1755.2,18488.1
2019-10-05,91,7.81,3719.9,5378.3,-1201.8,1755.2,18488.1
2019-10-06,91,7.81,3719.9,5378.3,-1201.8,1755.2,18488.1
2019-10-07,91,7.81,3719.9,5378.3,-1201.8,1755.2,18488.1
2019-10-08,91,7.81,3719.9,5378.3,-1201.8,1755.2,18488.1
2019-10-09,91,7.81,3719.9,5378.3,-1201.8,1755.2,18488.1
2019-10-10,91,7.81,3719.9,5378.3,-1201.8,1755.2,18488.1
2019-10-11,91,7.81,3719.9,5378.3,-1201.8,1755.2,18488.1
2019-10-12,91,7.81,3719.9,5378.3,-1201.8,1755.2,18488.1
2019-10-13,91,7.81,3719.9,5378.3,-1201.8,1755.2,18488.1
2019-10-14,91,7.81,3719.9,5378.3,-1201.8,1755.2,18488.1
2019-10-15,91,7.81,3719.9,5378.3,-1201.8,1755.2,18488.1
2019-10-16,91,7.81,3719.9,5378.3,-1201.8,1755.2,18488.1
2019-10-17,91,7.81,3719.9,5378.3,-1201.8,1755.2,18488.1
2019-10-18,91,7.81,3719.9,5378.3,-1201.8,1755.2,18488.1
2019-10-19,91,7.81,3719.9,5378.3,-1201.8,1755.2,18488.1
2019-10-20,91,7.81,3719.9,5378.3,-1201.8,1755.2,18488.1
2019-10-21,91,7.81,3719.9,5378.3,-1201.8,1755.2,18488.1
2019-10-22,91,7.81,3719.9,5378.3,-1201.8,1755.2,18488.1
2019-10-23,91,7.81,3719.9,5378.3,-1201.8,1755.2,18488.1
2019-10-24,91,7.81,3719.9,5378.3,-1201.8,1755.2,18488.1
2019-10-25,91,7.81,3719.9,5378.3,-1201.8,1755.2,18488.1
2019-10-26,91,7.81,3719.9,5378.3,-1201.8,1755.2,18488.1
2019-10-27,91,7.81,3719.9,5378.3,-1201.8,1755.2,18488.1
2019-10-28,91,7.81,3719.9,5378.3,-1201.8,1755.2,18488.1
2019-10-29,91,7.81,3719.9,5378.3,-1201.8,1755.2,18488.1
2019-10-30,91,7.81,3719.9,5378.3,-1201.8,1755.2,18488.1
2019-10-31,91,7.81,3719.9,5378.3,-1201.8,1755.2,18488.1
2019-11-01,85.8,7.8,3651.7,4944.5,-1200.8,1755.2,18488.1
2019-11-02,85.8,7.8,3651.7,4944.5,-1200.8,1755.2,18488.1
2019-11-03,85.8,7.8,3651.7,4944.5,-1200.8,1755.2,18488.1
2019-11-04,85.8,7.8,3651.7,4944.5,-1200.8,1755.2,18488.1
2019-11-05,85.8,7.8,3651.7,4944.5,-1200.8,1755.2,18488.1
2019-11-06,85.8,7.8,3651.7,4944.5,-1200.8,1755.2,18488.1
2019-11-07,85.8,7.8,3651.7,4944.5,-1200.8,1755.2,18488.1
2019-11-08,85.8,7.8,3651.7,4944.5,-1200.8,1755.2,18488.1
2019-11-09,85.8,7.8,3651.7,4944.5,-1200.8,1755.2,18488.1
2019-11-10,85.8,7.8,3651.7,4944.5,-1200.8,1755.2,18488.1
2019-11-11,85.8,7.8,3651.7,4944.5,-1200.8,1755.2,18488.1
2019-11-12,85.8,7.8,3651.7,4944.5,-1200.8,1755.2,18488.1
2019-11-13,85.8,7.8,3651.7,4944.5,-1200.8,1755.2,18488.1
2019-11-14,85.8,7.8,3651.7,4944.5,-1200.8,1755.2,18488.1
2019-11-15,85.8,7.8,3651.7,4944.5,-1200.8,1755.2,18488.1
2019-11-16,85.8,7.8,3651.7,4944.5,-1200.8,1755.2,18488.1
2019-11-17,85.8,7.8,3651.7,4944.5,-1200.8,1755.2,18488.1
2019-11-18,85.8,7.8,3651.7,4944.5,-1200.8,1755.2,18488.1
2019-11-19,85.8,7.8,3651.7,4944.5,-1200.8,1755.2,18488.1
2019-11-20,85.8,7.8,3651.7,4944.5,-1200.8,1755.2,18488.1
2019-11-21,85.8,7.8,3651.7,4944.5,-1200.8,1755.2,18488.1
2019-11-22,85.8,7.8,3651.7,4944.5,-1200.8,1755.2,18488.1
2019-11-23,85.8,7.8,3651.7,4944.5,-1200.8,1755.2,18488.1
2019-11-24,85.8,7.8,3651.7,4944.5,-1200.8,1755.2,18488.1
2019-11-25,85.8,7.8,3651.7,4944.5,-1200.8,1755.2,18488.1
2019-11-26,85.8,7.8,3651.7,4944.5,-1200.8,1755.2,18488.1
2019-11-27,85.8,7.8,3651.7,4944.5,-1200.8,1755.2,18488.1
2019-11-28,85.8,7.8,3651.7,4944.5,-1200.8,1755.2,18488.1
2019-11-29,85.8,7.8,3651.7,4944.5,-1200.8,1755.2,18488.1
2019-11-30,85.8,7.8,3651.7,4944.5,-1200.8,1755.2,18488.1
2019-12-01,92.3,7.81,3475.4,5084.8,-1199.8,1755.2,18488.1
2019-12-02,92.3,7.81,3475.4,5084.8,-1199.8,1755.2,18488.1
2019-12-03,92.3,7.81,3475.4,5084.8,-1199.8,1755.2,18488.1
2019-12-04,92.3,7.81,3475.4,5084.8,-1199.8,1755.2,18488.1
2019-12-05,92.3,7.81,3475.4,5084.8,-1199.8,1755.2,18488.1
2019-12-06,92.3,7.81,3475.4,5084.8,-1199.8,1755.2,18488.1
2019-12-07,92.3,7.81,3475.4,5084.8,-1199.8,1755.2,18488.1
2019-12-08,92.3,7.81,3475.4,5084.8,-1199.8,1755.2,18488.1
2019-12-09,92.3,7.81,3475.4,5084.8,-1199.8,1755.2,18488.1
2019-12-10,92.3,7.81,3475.4,5084.8,-1199.8,1755.2,18488.1
2019-12-11,92.3,7.81,3475.4,5084.8,-1199.8,1755.2,18488.1
2019-12-12,92.3,7.81,3475.4,5084.8,-1199.8,1755.2,18488.1
2019-12-13,92.3,7.81,3475.4,5084.8,-1199.8,1755.2,18488.1
2019-12-14,92.3,7.81,3475.4,5084.8,-1199.8,1755.2,18488.1
2019-12-15,92.3,7.81,3475.4,5084.8,-1199.8,1755.2,18488.1
2019-12-16,92.3,7.81,3475.4,5084.8,-1199.8,1755.2,18488.1
2019-12-17,92.3,7.81,3475.4,5084.8,-1199.8,1755.2,18488.1
2019-12-18,92.3,7.81,3475.4,5084.8,-1199.8,1755.2,18488.1
2019-12-19,92.3,7.81,3475.4,5084.8,-1199.8,1755.2,18488.1
2019-12-20,92.3,7.81,3475.4,5084.8,-1199.8,1755.2,18488.1
2019-12-21,92.3,7.81,3475.4,5084.8,-1199.8,1755.2,18488.1
2019-12-22,92.3,7.81,3475.4,5084.8,-1199.8,1755.2,18488.1
2019-12-23,92.3,7.81,3475.4,5084.8,-1199.8,1755.2,18488.1
2019-12-24,92.3,7.81,3475.4,5084.8,-1199.8,1755.2,18488.1
2019-12-25,92.3,7.81,3475.4,5084.8,-1199.8,1755.2,18488.1
2019-12-26,92.3,7.81,3475.4,5084.8,-1199.8,1755.2,18488.1
2019-12-27,92.3,7.81,3475.4,5084.8,-1199.8,1755.2,18488.1
2019-12-28,92.3,7.81,3475.4,5084.8,-1199.8,1755.2,18488.1
2019-12-29,92.3,7.81,3475.4,5084.8,-1199.8,1755.2,18488.1
2019-12-30,92.3,7.81,3475.4,5084.8,-1199.8,1755.2,18488.1
2019-12-31,92.3,7.81,3475.4,5084.8,-1199.8,1755.2,18488.1
2020-01-01,96.1,7.81,3655.6,4626.1,-1198.8,1657.2,17996.1
2020-01-02,96.1,7.81,3655.6,4626.1,-1198.8,1657.2,17996.1
2020-01-03,96.1,7.81,3655.6,4626.1,-1198.8,1657.2,17996.1
2020-01-04,96.1,7.81,3655.6,4626.1,-1198.8,1657.2,17996.1
2020-01-05,96.1,7.81,3655.6,4626.1,-1198.8,1657.2,17996.1
2020-01-06,96.1,7.81,3655.6,4626.1,-1198.8,1657.2,17996.1
2020-01-07,96.1,7.81,3655.6,4626.1,-1198.8,1657.2,17996.1
2020-01-08,96.1,7.81,3655.6,4626.1,-1198.8,1657.2,17996.1
2020-01-09,96.1,7.81,3655.6,4626.1,-1198.8,1657.2,17996.1
2020-01-10,96.1,7.81,3655.6,4626.1,-1198.8,1657.2,17996.1
2020-01-11,96.1,7.81,3655.6,4626.1,-1198.8,1657.2,17996.1
2020-01-12,96.1,7.81,3655.6,4626.1,-1198.8,1657.2,17996.1
2020-01-13,96.1,7.81,3655.6,4626.1,-1198.8,1657.2,17996.1
2020-01-14,96.1,7.81,3655.6,4626.1,-1198.8,1657.2,17996.1
2020-01-15,96.1,7.81,3655.6,4626.1,-1198.8,1657.2,17996.1
2020-01-16,96.1,7.81,3655.6,4626.1,-1198.8,1657.2,17996.1
2020-01-17,96.1,7.81,3655.6,4626.1,-1198.8,1657.2,17996.1
2020-01-18,96.1,7.81,3655.6,4626.1,-1198.8,1657.2,17996.1
2020-01-19,96.1,7.81,3655.6,4626.1,-1198.8,1657.2,17996.1
2020-01-20,96.1,7.81,3655.6,4626.1,-1198.8,1657.2,17996.1
2020-01-21,96.1,7.81,3655.6,4626.1,-1198.8,1657.2,17996.1
2020-01-22,96.1,7.81,3655.6,4626.1,-1198.8,1657.2,17996.1
2020-01-23,96.1,7.81,3655.6,4626.1,-1198.8,1657.2,17996.1
2020-01-24,96.1,7.81,3655.6,4626.1,-1198.8,1657.2,17996.1
2020-01-25,96.1,7.81,3655.6,4626.1,-1198.8,1657.2,17996.1
2020-01-26,96.1,7.81,3655.6,4626.1,-1198.8,1657.2,17996.1
2020-01-27,96.1,7.81,3655.6,4626.1,-1198.8,1657.2,17996.1
2020-01-28,96.1,7.81,3655.6,4626.1,-1198.8,1657.2,17996.1
2020-01-29,96.1,7.81,3655.6,4626.1,-1198.8,1657.2,17996.1
2020-01-30,96.1,7.81,3655.6,4626.1,-1198.8,1657.2,17996.1
2020-01-31,96.1,7.81,3655.6,4626.1,-1198.8,1657.2,17996.1
2020-02-01,93.9,7.84,3951.2,5299.7,-1197.8,1657.2,17996.1
2020-02-02,93.9,7.84,3951.2,5299.7,-1197.8,1657.2,17996.1
2020-02-03,93.9,7.84,3951.2,5299.7,-1197.8,1657.2,17996.1
2020-02-04,93.9,7.84,3951.2,5299.7,-1197.8,1657.2,17996.1
2020-02-05,93.9,7.84,3951.2,5299.7,-1197.8,1657.2,17996.1
2020-02-06,93.9,7.84,3951.2,5299.7,-1197.8,1657.2,17996.1
2020-02-07,93.9,7.84,3951.2,5299.7,-1197.8,1657.2,17996.1
2020-02-08,93.9,7.84,3951.2,5299.7,-1197.8,1657.2,17996.1
2020-02-09,93.9,7.84,3951.2,5299.7,-1197.8,1657.2,17996.1
2020-02-10,93.9,7.84,3951.2,5299.7,-1197.8,1657.2,17996.1
2020-02-11,93.9,7.84,3951.2,5299.7,-1197.8,1657.2,17996.1
2020-02-12,93.9,7.84,3951.2,5299.7,-1197.8,1657.2,17996.1
2020-02-13,93.9,7.84,3951.2,5299.7,-1197.8,1657.2,17996.1
2020-02-14,93.9,7.84,3951.2,5299.7,-1197.8,1657.2,17996.1
2020-02-15,93.9,7.84,3951.2,5299.7,-1197.8,1657.2,17996.1
2020-02-16,93.9,7.84,3951.2,5299.7,-1197.8,1657.2,17996.1
2020-02-17,93.9,7.84,3951.2,5299.7,-1197.8,1657.2,17996.1
2020-02-18,93.9,7.84,3951.2,5299.7,-1197.8,1657.2,17996.1
2020-02-19,93.9,7.84,3951.2,5299.7,-1197.8,1657.2,17996.1
2020-02-20,93.9,7.84,3951.2,5299.7,-1197.8,1657.2,17996.1
2020-02-21,93.9,7.84,3951.2,5299.7,-1197.8,1657.2,17996.1
2020-02-22,93.9,7.84,3951.2,5299.7,-1197.8,1657.2,17996.1
2020-02-23,93.9,7.84,3951.2,5299.7,-1197.8,1657.2,17996.1
2020-02-24,93.9,7.84,3951.2,5299.7,-1197.8,1657.2,17996.1
2020-02-25,93.9,7.84,3951.2,5299.7,-1197.8,1657.2,17996.1
2020-02-26,93.9,7.84,3951.2,5299.7,-1197.8,1657.2,17996.1
2020-02-27,93.9,7.84,3951.2,5299.7,-1197.8,1657.2,17996.1
2020-02-28,93.9,7.84,3951.2,5299.7,-1197.8,1657.2,17996.1
2020-02-29,93.9,7.84,3951.2,5299.7,-1197.8,1657.2,17996.1
2020-03-01,78.3,7.35,2908.2,4094.8,-1196.8,1657.2,17996.1
2020-03-02,78.3,7.35,2908.2,4094.8,-1196.8,1657.2,17996.1
2020-03-03,78.3,7.35,2908.2,4094.8,-1196.8,1657.2,17996.1
2020-03-04,78.3,7.35,2908.2,4094.8,-1196.8,1657.2,17996.1
2020-03-05,78.3,7.35,2908.2,4094.8,-1196.8,1657.2,17996.1
2020-03-06,78.3,7.35,2908.2,4094.8,-1196.8,1657.2,17996.1
2020-03-07,78.3,7.35,2908.2,4094.8,-1196.8,1657.2,17996.1
2020-03-08,78.3,7.35,2908.2,4094.8,-1196.8,1657.2,17996.1
2020-03-09,78.3,7.35,2908.2,4094.8,-1196.8,1657.2,17996.1
2020-03-10,78.3,7.35,2908.2,4094.8,-1196.8,1657.2,17996.1
2020-03-11,78.3,7.35,2908.2,4094.8,-1196.8,1657.2,17996.1
2020-03-12,78.3,7.35,2908.2,4094.8,-1196.8,1657.2,17996.1
2020-03-13,78.3,7.35,2908.2,4094.8,-1196.8,1657.2,17996.1
2020-03-14,78.3,7.35,2908.2,4094.8,-1196.8,1657.2,17996.1
2020-03-15,78.3,7.35,2908.2,4094.8,-1196.8,1657.2,17996.1
2020-03-16,78.3,7.35,2908.2,4094.8,-1196.8,1657.2,17996.1
2020-03-17,78.3,7.35,2908.2,4094.8,-1196.8,1657.2,17996.1
2020-03-18,78.3,7.35,2908.2,4094.8,-1196.8,1657.2,17996.1
2020-03-19,78.3,7.35,2908.2,4094.8,-1196.8,1657.2,17996.1
2020-03-20,78.3,7.35,2908.2,4094.8,-1196.8,1657.2,17996.1
2020-03-21,78.3,7.35,2908.2,4094.8,-1196.8,1657.2,17996.1
2020-03-22,78.3,7.35,2908.2,4094.8,-1196.8,1657.2,17996.1
2020-03-23,78.3,7.35,2908.2,4094.8,-1196.8,1657.2,17996.1
2020-03-24,78.3,7.35,2908.2,4094.8,-1196.8,1657.2,17996.1
2020-03-25,78.3,7.35,2908.2,4094.8,-1196.8,1657.2,17996.1
2020-03-26,78.3,7.35,2908.2,4094.8,-1196.8,1657.2,17996.1
2020-03-27,78.3,7.35,2908.2,4094.8,-1196.8,1657.2,17996.1
2020-03-28,78.3,7.35,2908.2,4094.8,-1196.8,1657.2,17996.1
2020-03-29,78.3,7.35,2908.2,4094.8,-1196.8,1657.2,17996.1
2020-03-30,78.3,7.35,2908.2,4094.8,-1196.8,1657.2,17996.1
2020-03-31,78.3,7.35,2908.2,4094.8,-1196.8,1657.2,17996.1
2020-04-01,52.6,6.8,2006.3,3345.2,-1195.8,1603.9,14592.8
2020-04-02,52.6,6.8,2006.3,3345.2,-1195.8,1603.9,14592.8
2020-04-03,52.6,6.8,2006.3,3345.2,-1195.8,1603.9,14592.8
2020-04-04,52.6,6.8,2006.3,3345.2,-1195.8,1603.9,14592.8
2020-04-05,52.6,6.8,2006.3,3345.2,-1195.8,1603.9,14592.8
2020-04-06,52.6,6.8,2006.3,3345.2,-1195.8,1603.9,14592.8
2020-04-07,52.6,6.8,2006.3,3345.2,-1195.8,1603.9,14592.8
2020-04-08,52.6,6.8,2006.3,3345.2,-1195.8,1603.9,14592.8
2020-04-09,52.6,6.8,2006.3,3345.2,-1195.8,1603.9,14592.8
2020-04-10,52.6,6.8,2006.3,3345.2,-1195.8,1603.9,14592.8
2020-04-11,52.6,6.8,2006.3,3345.2,-1195.8,1603.9,14592.8
2020-04-12,52.6,6.8,2006.3,3345.2,-1195.8,1603.9,14592.8
2020-04-13,52.6,6.8,2006.3,3345.2,-1195.8,1603.9,14592.8
2020-04-14,52.6,6.8,2006.3,3345.2,-1195.8,1603.9,14592.8
2020-04-15,52.6,6.8,2006.3,3345.2,-1195.8,1603.9,14592.8
2020-04-16,52.6,6.8,2006.3,3345.2,-1195.8,1603.9,14592.8
2020-04-17,52.6,6.8,2006.3,3345.2,-1195.8,1603.9,14592.8
2020-04-18,52.6,6.8,2006.3,3345.2,-1195.8,1603.9,14592.8
2020-04-19,52.6,6.8,2006.3,3345.2,-1195.8,1603.9,14592.8
2020-04-20,52.6,6.8,2006.3,3345.2,-1195.8,1603.9,14592.8
2020-04-21,52.6,6.8,2006.3,3345.2,-1195.8,1603.9,14592.8
2020-04-22,52.6,6.8,2006.3,3345.2,-1195.8,1603.9,14592.8
2020-04-23,52.6,6.8,2006.3,3345.2,-1195.8,1603.9,14592.8
2020-04-24,52.6,6.8,2006.3,3345.2,-1195.8,1603.9,14592.8
2020-04-25,52.6,6.8,2006.3,3345.2,-1195.8,1603.9,14592.8
2020-04-26,52.6,6.8,2006.3,3345.2,-1195.8,1603.9,14592.8
2020-04-27,52.6,6.8,2006.3,3345.2,-1195.8,1603.9,14592.8
2020-04-28,52.6,6.8,2006.3,3345.2,-1195.8,1603.9,14592.8
2020-04-29,52.6,6.8,2006.3,3345.2,-1195.8,1603.9,14592.8
2020-04-30,52.6,6.8,2006.3,3345.2,-1195.8,1603.9,14592.8
2020-05-01,71.7,6.8,2400.1,3655.5,-1194.8,1603.9,14592.8
2020-05-02,71.7,6.8,2400.1,3655.5,-1194.8,1603.9,14592.8
2020-05-03,71.7,6.8,2400.1,3655.5,-1194.8,1603.9,14592.8
2020-05-04,71.7,6.8,2400.1,3655.5,-1194.8,1603.9,14592.8
2020-05-05,71.7,6.8,2400.1,3655.5,-1194.8,1603.9,14592.8
2020-05-06,71.7,6.8,2400.1,3655.5,-1194.8,1603.9,14592.8
2020-05-07,71.7,6.8,2400.1,3655.5,-1194.8,1603.9,14592.8
2020-05-08,71.7,6.8,2400.1,3655.5,-1194.8,1603.9,14592.8
2020-05-09,71.7,6.8,2400.1,3655.5,-1194.8,1603.9,14592.8
2020-05-10,71.7,6.8,2400.1,3655.5,-1194.8,1603.9,14592.8
2020-05-11,71.7,6.8,2400.1,3655.5,-1194.8,1603.9,14592.8
2020-05-12,71.7,6.8,2400.1,3655.5,-1194.8,1603.9,14592.8
2020-05-13,71.7,6.8,2400.1,3655.5,-1194.8,1603.9,14592.8
2020-05-14,71.7,6.8,2400.1,3655.5,-1194.8,1603.9,14592.8
2020-05-15,71.7,6.8,2400.1,3655.5,-1194.8,1603.9,14592.8
2020-05-16,71.7,6.8,2400.1,3655.5,-1194.8,1603.9,14592.8
2020-05-17,71.7,6.8,2400.1,3655.5,-1194.8,1603.9,14592.8
2020-05-18,71.7,6.8,2400.1,3655.5,-1194.8,1603.9,14592.8
2020-05-19,71.7,6.8,2400.1,3655.5,-1194.8,1603.9,14592.8
2020-05-20,71.7,6.8,2400.1,3655.5,-1194.8,1603.9,14592.8
2020-05-21,71.7,6.8,2400.1,3655.5,-1194.8,1603.9,14592.8
2020-05-22,71.7,6.8,2400.1,3655.5,-1194.8,1603.9,14592.8
2020-05-23,71.7,6.8,2400.1,3655.5,-1194.8,1603.9,14592.8
2020-05-24,71.7,6.8,2400.1,3655.5,-1194.8,1603.9,14592.8
2020-05-25,71.7,6.8,2400.1,3655.5,-1194.8,1603.9,14592.8
2020-05-26,71.7,6.8,2400.1,3655.5,-1194.8,1603.9,14592.8
2020-05-27,71.7,6.8,2400.1,3655.5,-1194.8,1603.9,14592.8
2020-05-28,71.7,6.8,2400.1,3655.5,-1194.8,1603.9,14592.8
2020-05-29,71.7,6.8,2400.1,3655.5,-1194.8,1603.9,14592.8
2020-05-30,71.7,6.8,2400.1,3655.5,-1194.8,1603.9,14592.8
2020-05-31,71.7,6.8,2400.1,3655.5,-1194.8,1603.9,14592.8
2020-06-01,92.8,6.8,3271.4,3774.3,-1193.8,1603.9,14592.8
2020-06-02,92.8,6.8,3271.4,3774.3,-1193.8,1603.9,14592.8
2020-06-03,92.8,6.8,3271.4,3774.3,-1193.8,1603.9,14592.8
2020-06-04,92.8,6.8,3271.4,3774.3,-1193.8,1603.9,14592.8
2020-06-05,92.8,6.8,3271.4,3774.3,-1193.8,1603.9,14592.8
2020-06-06,92.8,6.8,3271.4,3774.3,-1193.8,1603.9,14592.8
2020-06-07,92.8,6.8,3271.4,3774.3,-1193.8,1603.9,14592.8
2020-06-08,92.8,6.8,3271.4,3774.3,-1193.8,1603.9,14592.8
2020-06-09,92.8,6.8,3271.4,3774.3,-1193.8,1603.9,14592.8
2020-06-10,92.8,6.8,3271.4,3774.3,-1193.8,1603.9,14592.8
2020-06-11,92.8,6.8,3271.4,3774.3,-1193.8,1603.9,14592.8
2020-06-12,92.8,6.8,3271.4,3774.3,-1193.8,1603.9,14592.8
2020-06-13,92.8,6.8,3271.4,3774.3,-1193.8,1603.9,14592.8
2020-06-14,92.8,6.8,3271.4,3774.3,-1193.8,1603.9,14592.8
2020-06-15,92.8,6.8,3271.4,3774.3,-1193.8,1603.9,14592.8
2020-06-16,92.8,6.8,3271.4,3774.3,-1193.8,1603.9,14592.8
2020-06-17,92.8,6.8,3271.4,3774.3,-1193.8,1603.9,14592.8
2020-06-18,92.8,6.8,3271.4,3774.3,-1193.8,1603.9,14592.8
2020-06-19,92.8,6.8,3271.4,3774.3,-1193.8,1603.9,14592.8
2020-06-20,92.8,6.8,3271.4,3774.3,-1193.8,1603.9,14592.8
2020-06-21,92.8,6.8,3271.4,3774.3,-1193.8,1603.9,14592.8
2020-06-22,92.8,6.8,3271.4,3774.3,-1193.8,1603.9,14592.8
2020-06-23,92.8,6.8,3271.4,3774.3,-1193.8,1603.9,14592.8
2020-06-24,92.8,6.8,3271.4,3774.3,-1193.8,1603.9,14592.8
2020-06-25,92.8,6.8,3271.4,3774.3,-1193.8,1603.9,14592.8
2020-06-26,92.8,6.8,3271.4,3774.3,-1193.8,1603.9,14592.8
2020-06-27,92.8,6.8,3271.4,3774.3,-1193.8,1603.9,14592.8
2020-06-28,92.8,6.8,3271.4,3774.3,-1193.8,1603.9,14592.8
2020-06-29,92.8,6.8,3271.4,3774.3,-1193.8,1603.9,14592.8
2020-06-30,92.8,6.8,3271.4,3774.3,-1193.8,1603.9,14592.8
2020-07-01,93.3,6.82,3303.5,4267.8,-1192.8,1611.6,17369.8
2020-07-02,93.3,6.82,3303.5,4267.8,-1192.8,1611.6,17369.8
2020-07-03,93.3,6.82,3303.5,4267.8,-1192.8,1611.6,17369.8
2020-07-04,93.3,6.82,3303.5,4267.8,-1192.8,1611.6,17369.8
2020-07-05,93.3,6.82,3303.5,4267.8,-1192.8,1611.6,17369.8
2020-07-06,93.3,6.82,3303.5,4267.8,-1192.8,1611.6,17369.8
2020-07-07,93.3,6.82,3303.5,4267.8,-1192.8,1611.6,17369.8
2020-07-08,93.3,6.82,3303.5,4267.8,-1192.8,1611.6,17369.8
2020-07-09,93.3,6.82,3303.5,4267.8,-1192.8,1611.6,17369.8
2020-07-10,93.3,6.82,3303.5,4267.8,-1192.8,1611.6,17369.8
2020-07-11,93.3,6.82,3303.5,4267.8,-1192.8,1611.6,17369.8
2020-07-12,93.3,6.82,3303.5,4267.8,-1192.8,1611.6,17369.8
2020-07-13,93.3,6.82,3303.5,4267.8,-1192.8,1611.6,17369.8
2020-07-14,93.3,6.82,3303.5,4267.8,-1192.8,1611.6,17369.8
2020-07-15,93.3,6.82,3303.5,4267.8,-1192.8,1611.6,17369.8
2020-07-16,93.3,6.82,3303.5,4267.8,-1192.8,1611.6,17369.8
2020-07-17,93.3,6.82,3303.5,4267.8,-1192.8,1611.6,17369.8
2020-07-18,93.3,6.82,3303.5,4267.8,-1192.8,1611.6,17369.8
2020-07-19,93.3,6.82,3303.5,4267.8,-1192.8,1611.6,17369.8
2020-07-20,93.3,6.82,3303.5,4267.8,-1192.8,1611.6,17369.8
2020-07-21,93.3,6.82,3303.5,4267.8,-1192.8,1611.6,17369.8
2020-07-22,93.3,6.82,3303.5,4267.8,-1192.8,1611.6,17369.8
2020-07-23,93.3,6.82,3303.5,4267.8,-1192.8,1611.6,17369.8
2020-07-24,93.3,6.82,3303.5,4267.8,-1192.8,1611.6,17369.8
2020-07-25,93.3,6.82,3303.5,4267.8,-1192.8,1611.6,17369.8
2020-07-26,93.3,6.82,3303.5,4267.8,-1192.8,1611.6,17369.8
2020-07-27,93.3,6.82,3303.5,4267.8,-1192.8,1611.6,17369.8
2020-07-28,93.3,6.82,3303.5,4267.8,-1192.8,1611.6,17369.8
2020-07-29,93.3,6.82,3303.5,4267.8,-1192.8,1611.6,17369.8
2020-07-30,93.3,6.82,3303.5,4267.8,-1192.8,1611.6,17369.8
2020-07-31,93.3,6.82,3303.5,4267.8,-1192.8,1611.6,17369.8
2020-08-01,86.8,6.79,2536.1,4182.6,-1191.8,1611.6,17369.8
2020-08-02,86.8,6.79,2536.1,4182.6,-1191.8,1611.6,17369.8
2020-08-03,86.8,6.79,2536.1,4182.6,-1191.8,1611.6,17369.8
2020-08-04,86.8,6.79,2536.1,4182.6,-1191.8,1611.6,17369.8
2020-08-05,86.8,6.79,2536.1,4182.6,-1191.8,1611.6,17369.8
2020-08-06,86.8,6.79,2536.1,4182.6,-1191.8,1611.6,17369.8
2020-08-07,86.8,6.79,2536.1,4182.6,-1191.8,1611.6,17369.8
2020-08-08,86.8,6.79,2536.1,4182.6,-1191.8,1611.6,17369.8
2020-08-09,86.8,6.79,2536.1,4182.6,-1191.8,1611.6,17369.8
2020-08-10,86.8,6.79,2536.1,4182.6,-1191.8,1611.6,17369.8
2020-08-11,86.8,6.79,2536.1,4182.6,-1191.8,1611.6,17369.8
2020-08-12,86.8,6.79,2536.1,4182.6,-1191.8,1611.6,17369.8
2020-08-13,86.8,6.79,2536.1,4182.6,-1191.8,1611.6,17369.8
2020-08-14,86.8,6.79,2536.1,4182.6,-1191.8,1611.6,17369.8
2020-08-15,86.8,6.79,2536.1,4182.6,-1191.8,1611.6,17369.8
2020-08-16,86.8,6.79,2536.1,4182.6,-1191.8,1611.6,17369.8
2020-08-17,86.8,6.79,2536.1,4182.6,-1191.8,1611.6,17369.8
2020-08-18,86.8,6.79,2536.1,4182.6,-1191.8,1611.6,17369.8
2020-08-19,86.8,6.79,2536.1,4182.6,-1191.8,1611.6,17369.8
2020-08-20,86.8,6.79,2536.1,4182.6,-1191.8,1611.6,17369.8
2020-08-21,86.8,6.79,2536.1,4182.6,-1191.8,1611.6,17369.8
2020-08-22,86.8,6.79,2536.1,4182.6,-1191.8,1611.6,17369.8
2020-08-23,86.8,6.79,2536.1,4182.6,-1191.8,1611.6,17369.8
2020-08-24,86.8,6.79,2536.1,4182.6,-1191.8,1611.6,17369.8
2020-08-25,86.8,6.79,2536.1,4182.6,-1191.8,1611.6,17369.8
2020-08-26,86.8,6.79,2536.1,4182.6,-1191.8,1611.6,17369.8
2020-08-27,86.8,6.79,2536.1,4182.6,-1191.8,1611.6,17369.8
2020-08-28,86.8,6.79,2536.1,4182.6,-1191.8,1611.6,17369.8
2020-08-29,86.8,6.79,2536.1,4182.6,-1191.8,1611.6,17369.8
2020-08-30,86.8,6.79,2536.1,4182.6,-1191.8,1611.6,17369.8
2020-08-31,86.8,6.79,2536.1,4182.6,-1191.8,1611.6,17369.8
2020-09-01,89.1,6.76,3504.6,4427.4,-1190.8,1611.6,17369.8
2020-09-02,89.1,6.76,3504.6,4427.4,-1190.8,1611.6,17369.8
2020-09-03,89.1,6.76,3504.6,4427.4,-1190.8,1611.6,17369.8
2020-09-04,89.1,6.76,3504.6,4427.4,-1190.8,1611.6,17369.8
2020-09-05,89.1,6.76,3504.6,4427.4,-1190.8,1611.6,17369.8
2020-09-06,89.1,6.76,3504.6,4427.4,-1190.8,1611.6,17369.8
2020-09-07,89.1,6.76,3504.6,4427.4,-1190.8,1611.6,17369.8
2020-09-08,89.1,6.76,3504.6,4427.4,-1190.8,1611.6,17369.8
2020-09-09,89.1,6.76,3504.6,4427.4,-1190.8,1611.6,17369.8
2020-09-10,89.1,6.76,3504.6,4427.4,-1190.8,1611.6,17369.8
2020-09-11,89.1,6.76,3504.6,4427.4,-1190.8,1611.6,17369.8
2020-09-12,89.1,6.76,3504.6,4427.4,-1190.8,1611.6,17369.8
2020-09-13,89.1,6.76,3504.6,4427.4,-1190.8,1611.6,17369.8
2020-09-14,89.1,6.76,3504.6,4427.4,-1190.8,1611.6,17369.8
2020-09-15,89.1,6.76,3504.6,4427.4,-1190.8,1611.6,17369.8
2020-09-16,89.1,6.76,3504.6,4427.4,-1190.8,1611.6,17369.8
2020-09-17,89.1,6.76,3504.6,4427.4,-1190.8,1611.6,17369.8
2020-09-18,89.1,6.76,3504.6,4427.4,-1190.8,1611.6,17369.8
2020-09-19,89.1,6.76,3504.6,4427.4,-1190.8,1611.6,17369.8
2020-09-20,89.1,6.76,3504.6,4427.4,-1190.8,1611.6,17369.8
2020-09-21,89.1,6.76,3504.6,4427.4,-1190.8,1611.6,17369.8
2020-09-22,89.1,6.76,3504.6,4427.4,-1190.8,1611.6,17369.8
2020-09-23,89.1,6.76,3504.6,4427.4,-1190.8,1611.6,17369.8
2020-09-24,89.1,6.76,3504.6,4427.4,-1190.8,1611.6,17369.8
2020-09-25,89.1,6.76,3504.6,4427.4,-1190.8,1611.6,17369.8
2020-09-26,89.1,6.76,3504.6,4427.4,-1190.8,1611.6,17369.8
2020-09-27,89.1,6.76,3504.6,4427.4,-1190.8,1611.6,17369.8
2020-09-28,89.1,6.76,3504.6,4427.4,-1190.8,1611.6,17369.8
2020-09-29,89.1,6.76,3504.6,4427.4,-1190.8,1611.6,17369.8
2020-09-30,89.1,6.76,3504.6,4427.4,-1190.8,1611.6,17369.8
2020-10-01,,6.3,3792.4,4435.9,-1189.8,,
2020-10-02,,6.3,3792.4,4435.9,-1189.8,,
2020-10-03,,6.3,3792.4,4435.9,-1189.8,,
2020-10-04,,6.3,3792.4,4435.9,-1189.8,,
2020-10-05,,6.3,3792.4,4435.9,-1189.8,,
2020-10-06,,6.3,3792.4,4435.9,-1189.8,,
2020-10-07,,6.3,3792.4,4435.9,-1189.8,,
2020-10-08,,6.3,3792.4,4435.9,-1189.8,,
2020-10-09,,6.3,3792.4,4435.9,-1189.8,,
2020-10-10,,6.3,3792.4,4435.9,-1189.8,,
2020-10-11,,6.3,3792.4,4435.9,-1189.8,,
2020-10-12,,6.3,3792.4,4435.9,-1189.8,,
2020-10-13,,6.3,3792.4,4435.9,-1189.8,,
2020-10-14,,6.3,3792.4,4435.9,-1189.8,,
2020-10-15,,6.3,3792.4,4435.9,-1189.8,,
2020-10-16,,6.3,3792.4,4435.9,-1189.8,,
2020-10-17,,6.3,3792.4,4435.9,-1189.8,,
2020-10-18,,6.3,3792.4,4435.9,-1189.8,,
2020-10-19,,6.3,3792.4,4435.9,-1189.8,,
2020-10-20,,6.3,3792.4,4435.9,-1189.8,,
2020-10-21,,6.3,3792.4,4435.9,-1189.8,,
2020-10-22,,6.3,3792.4,4435.9,-1189.8,,
2020-10-23,,6.3,3792.4,4435.9,-1189.8,,
2020-10-24,,6.3,3792.4,4435.9,-1189.8,,
2020-10-25,,6.3,3792.4,4435.9,-1189.8,,
2020-10-26,,6.3,3792.4,4435.9,-1189.8,,
2020-10-27,,6.3,3792.4,4435.9,-1189.8,,
2020-10-28,,6.3,3792.4,4435.9,-1189.8,,
2020-10-29,,6.3,3792.4,4435.9,-1189.8,,
2020-10-30,,6.3,3792.4,4435.9,-1189.8,,
2020-10-31,,6.3,3792.4,4435.9,-1189.8,,
2020-11-01,,6.13,3621,4507.6,-1188.8,,
2020-11-02,,6.13,3621,4507.6,-1188.8,,
2020-11-03,,6.13,3621,4507.6,-1188.8,,
2020-11-04,,6.13,3621,4507.6,-1188.8,,
2020-11-05,,6.13,3621,4507.6,-1188.8,,
2020-11-06,,6.13,3621,4507.6,-1188.8,,
2020-11-07,,6.13,3621,4507.6,-1188.8,,
2020-11-08,,6.13,3621,4507.6,-1188.8,,
2020-11-09,,6.13,3621,4507.6,-1188.8,,
2020-11-10,,6.13,3621,4507.6,-1188.8,,
2020-11-11,,6.13,3621,4507.6,-1188.8,,
2020-11-12,,6.13,3621,4507.6,-1188.8,,
2020-11-13,,6.13,3621,4507.6,-1188.8,,
2020-11-14,,6.13,3621,4507.6,-1188.8,,
2020-11-15,,6.13,3621,4507.6,-1188.8,,
2020-11-16,,6.13,3621,4507.6,-1188.8,,
2020-11-17,,6.13,3621,4507.6,-1188.8,,
2020-11-18,,6.13,3621,4507.6,-1188.8,,
2020-11-19,,6.13,3621,4507.6,-1188.8,,
2020-11-20,,6.13,3621,4507.6,-1188.8,,
2020-11-21,,6.13,3621,4507.6,-1188.8,,
2020-11-22,,6.13,3621,4507.6,-1188.8,,
2020-11-23,,6.13,3621,4507.6,-1188.8,,
2020-11-24,,6.13,3621,4507.6,-1188.8,,
2020-11-25,,6.13,3621,4507.6,-1188.8,,
2020-11-26,,6.13,3621,4507.6,-1188.8,,
2020-11-27,,6.13,3621,4507.6,-1188.8,,
2020-11-28,,6.13,3621,4507.6,-1188.8,,
2020-11-29,,6.13,3621,4507.6,-1188.8,,
2020-11-30,,6.13,3621,4507.6,-1188.8,,
2020-12-01,,,,,-1187.8,,
2020-12-02,,,,,-1187.8,,
2020-12-03,,,,,-1187.8,,
2020-12-04,,,,,-1187.8,,
2020-12-05,,,,,-1187.8,,
2020-12-06,,,,,-1187.8,,
2020-12-07,,,,,-1187.8,,
2020-12-08,,,,,-1187.8,,
2020-12-09,,,,,-1187.8,,
2020-12-10,,,,,-1187.8,,
2020-12-11,,,,,-1187.8,,
2020-12-12,,,,,-1187.8,,
2020-12-13,,,,,-1187.8,,
2020-12-14,,,,,-1187.8,,
2020-12-15,,,,,-1187.8,,
2020-12-16,,,,,-1187.8,,
2020-12-17,,,,,-1187.8,,
2020-12-18,,,,,-1187.8,,
2020-12-19,,,,,-1187.8,,
2020-12-20,,,,,-1187.8,,
2020-12-21,,,,,-1187.8,,
2020-12-22,,,,,-1187.8,,
2020-12-23,,,,,-1187.8,,
2020-12-24,,,,,-1187.8,,
2020-12-25,,,,,-1187.8,,
2020-12-26,,,,,-1187.8,,
2020-12-27,,,,,-1187.8,,
2020-12-28,,,,,-1187.8,,
2020-12-29,,,,,-1187.8,,
2020-12-30,,,,,-1187.8,,
2020-12-31,,,,,-1187.8,,
