"Date","Price","Open","High","Low","Vol.","Change %"
"Dec 11, 2020","6,854.55","6,888.83","6,888.83","6,839.19","599.03K","-0.49%"
"Dec 10, 2020","6,888.59","6,895.04","6,921.28","6,876.05","1.39M","-0.07%"
"Dec 09, 2020","6,893.34","6,874.89","6,907.70","6,864.23","1.68M","0.29%"
"Dec 08, 2020","6,873.25","6,857.74","6,883.17","6,837.52","2.74M","0.26%"
"Dec 07, 2020","6,855.60","6,830.68","6,866.40","6,822.13","1.81M","0.39%"
"Dec 04, 2020","6,828.93","6,834.66","6,835.44","6,807.03","883.51K","0.04%"
"Dec 03, 2020","6,826.12","6,840.07","6,853.63","6,805.16","1.85M","0.01%"
"Dec 02, 2020","6,825.23","6,832.61","6,838.60","6,809.90","770.29K","0.14%"
"Dec 01, 2020","6,815.49","6,838.81","6,845.67","6,806.55","550.12K","-0.10%"
"Nov 30, 2020","6,822.53","6,794.03","6,822.71","6,778.36","754.67K","0.59%"
"Nov 27, 2020","6,782.21","6,779.77","6,790.04","6,736.17","693.12K","0.13%"
"Nov 26, 2020","6,773.73","6,804.99","6,807.70","6,762.53","1.00M","-0.47%"
"Nov 25, 2020","6,805.39","6,757.30","6,805.39","6,753.17","714.41K","0.74%"
"Nov 24, 2020","6,755.07","6,759.86","6,767.59","6,742.01","810.83K","0.13%"
"Nov 23, 2020","6,746.34","6,763.23","6,768.00","6,724.89","1.90M","0.07%"
"Nov 20, 2020","6,741.81","6,739.41","6,747.28","6,718.08","1.17M","0.04%"
"Nov 19, 2020","6,739.13","6,714.88","6,740.33","6,705.79","2.18M","0.33%"
"Nov 18, 2020","6,717.07","6,698.63","6,717.07","6,677.11","1.91M","0.25%"
"Nov 17, 2020","6,700.24","6,688.35","6,700.24","6,660.94","1.32M","0.40%"
"Nov 16, 2020","6,673.77","6,645.79","6,674.47","6,631.68","877.17K","0.46%"
"Nov 13, 2020","6,643.39","6,635.80","6,654.57","6,632.97","531.93K","0.19%"
"Nov 12, 2020","6,630.82","6,638.14","6,649.63","6,616.14","844.82K","0.13%"
"Nov 11, 2020","6,622.25","6,625.39","6,647.26","6,602.52","588.55K","0.01%"
"Nov 10, 2020","6,621.56","6,615.66","6,630.16","6,592.02","691.52K","0.26%"
"Nov 09, 2020","6,604.06","6,591.25","6,619.61","6,578.46","439.33K","0.55%"
"Nov 06, 2020","6,567.99","6,535.74","6,581.79","6,523.24","462.72K","0.49%"
"Nov 05, 2020","6,535.74","6,572.44","6,590.48","6,524.12","335.44K","-0.17%"
"Nov 04, 2020","6,546.61","6,590.45","6,593.62","6,527.92","260.53K","-0.04%"
"Nov 03, 2020","6,549.20","6,554.48","6,554.48","6,518.69","495.98K","0.11%"
"Nov 02, 2020","6,541.98","6,580.76","6,584.77","6,520.69","265.44K","-0.20%"
"Oct 30, 2020","6,555.10","6,617.44","6,617.44","6,537.95","305.83K","-0.82%"
"Oct 28, 2020","6,609.61","6,645.55","6,660.19","6,592.45","442.40K","-0.25%"
"Oct 27, 2020","6,626.12","6,650.48","6,655.05","6,582.40","364.39K","-0.30%"
"Oct 26, 2020","6,645.81","6,688.03","6,688.92","6,625.81","329.15K","-0.26%"
"Oct 23, 2020","6,662.96","6,650.82","6,707.12","6,646.68","342.74K","0.20%"
"Oct 22, 2020","6,649.46","6,699.02","6,710.33","6,647.84","802.24K","0.00%"
"Oct 21, 2020","6,649.24","6,624.84","6,650.68","6,616.50","605.66K","-0.02%"
"Oct 20, 2020","6,650.87","6,703.16","6,704.05","6,627.67","533.81K","-0.46%"
"Oct 19, 2020","6,681.27","6,678.59","6,693.91","6,659.01","324.67K","0.07%"
"Oct 16, 2020","6,676.40","6,667.97","6,699.74","6,631.46","541.99K","0.20%"
"Oct 14, 2020","6,662.80","6,668.11","6,669.96","6,638.90","497.89K","0.12%"
"Oct 13, 2020","6,655.08","6,672.76","6,688.17","6,628.16","451.95K","-0.04%"
"Oct 12, 2020","6,658.05","6,681.17","6,683.77","6,634.67","390.67K","-0.26%"
"Oct 09, 2020","6,675.68","6,702.57","6,702.57","6,664.45","403.84K","0.05%"
"Oct 08, 2020","6,672.46","6,672.24","6,712.67","6,658.04","508.47K","0.01%"
"Oct 07, 2020","6,671.97","6,777.76","6,786.73","6,668.46","937.39K","-1.06%"
"Oct 06, 2020","6,743.14","6,714.19","6,752.54","6,711.42","831.27K","0.84%"
"Oct 05, 2020","6,687.17","6,584.74","6,692.34","6,584.74","563.75K","1.82%"
"Oct 02, 2020","6,567.83","6,577.21","6,577.21","6,470.12","1.07M","-0.17%"
"Oct 01, 2020","6,579.02","6,751.69","6,757.33","6,570.13","708.16K","-2.51%"
"Sep 30, 2020","6,748.63","6,833.13","6,842.19","6,724.97","782.69K","-1.20%"
"Sep 29, 2020","6,830.27","6,827.54","6,830.82","6,771.16","577.43K","0.83%"
"Sep 28, 2020","6,774.35","6,822.18","6,826.18","6,753.23","495.50K","-0.52%"
"Sep 25, 2020","6,809.78","6,797.07","6,815.19","6,768.54","902.55K","0.18%"
"Sep 24, 2020","6,797.26","6,835.20","6,846.16","6,769.27","766.83K","-0.53%"
"Sep 23, 2020","6,833.27","6,823.78","6,836.42","6,802.42","1.02M","0.33%"
"Sep 22, 2020","6,811.12","6,842.62","6,842.62","6,784.44","757.86K","-0.53%"
"Sep 21, 2020","6,847.35","6,886.83","6,898.43","6,817.09","537.73K","-0.50%"
"Sep 18, 2020","6,881.57","6,854.60","6,883.41","6,824.51","709.50K","0.41%"
"Sep 17, 2020","6,853.68","6,897.20","6,901.26","6,836.14","720.20K","-0.24%"
"Sep 16, 2020","6,870.18","6,898.08","6,906.02","6,854.76","1.66M","-0.40%"
"Sep 15, 2020","6,897.94","6,909.14","6,911.59","6,876.66","1.35M","-0.00%"
"Sep 14, 2020","6,898.06","6,875.49","6,916.32","6,875.49","847.01K","0.50%"
"Sep 11, 2020","6,863.44","6,816.55","6,877.52","6,816.55","1.30M","0.70%"
"Sep 10, 2020","6,815.42","6,809.39","6,823.75","6,776.53","1.16M","0.30%"
"Sep 09, 2020","6,795.02","6,763.74","6,795.02","6,728.71","1.86M","0.69%"
"Sep 08, 2020","6,748.41","6,761.29","6,769.80","6,718.33","1.36M","-0.16%"
"Sep 07, 2020","6,759.12","6,774.03","6,776.28","6,736.12","1.36M","-0.16%"
"Sep 04, 2020","6,770.11","6,763.78","6,777.94","6,736.00","1.13M","0.28%"
"Sep 03, 2020","6,751.39","6,762.51","6,785.74","6,729.23","1.10M","-0.23%"
"Sep 02, 2020","6,767.28","6,768.99","6,796.23","6,748.54","1.40M","0.17%"
"Sep 01, 2020","6,756.07","6,771.65","6,794.51","6,750.68","1.63M","-0.19%"
"Aug 31, 2020","6,769.22","6,770.44","6,792.29","6,751.15","2.51M","0.12%"
"Aug 28, 2020","6,760.83","6,739.03","6,760.83","6,726.08","671.58K","0.32%"
"Aug 27, 2020","6,739.18","6,731.54","6,739.18","6,717.91","625.18K","0.06%"
"Aug 26, 2020","6,735.02","6,721.02","6,745.25","6,720.71","2.93M","0.21%"
"Aug 25, 2020","6,720.62","6,705.91","6,721.94","6,683.55","680.89K","0.22%"
"Aug 24, 2020","6,705.82","6,705.30","6,707.73","6,669.22","758.60K","0.05%"
"Aug 21, 2020","6,702.55","6,683.20","6,714.33","6,665.14","825.53K","0.29%"
"Aug 19, 2020","6,683.34","6,691.76","6,692.75","6,645.66","599.81K","0.18%"
"Aug 18, 2020","6,671.46","6,691.45","6,692.81","6,653.50","756.92K","-0.28%"
"Aug 17, 2020","6,690.03","6,760.33","6,761.77","6,673.52","411.48K","-0.97%"
"Aug 14, 2020","6,755.65","6,758.67","6,785.69","6,742.10","659.43K","-0.04%"
"Aug 12, 2020","6,758.60","6,730.60","6,758.88","6,727.57","1.15M","0.55%"
"Aug 11, 2020","6,721.69","6,699.28","6,740.41","6,686.37","1.25M","0.28%"
"Aug 10, 2020","6,703.02","6,681.28","6,708.00","6,681.28","508.28K","0.57%"
"Aug 07, 2020","6,665.34","6,664.48","6,702.53","6,653.28","535.55K","0.07%"
"Aug 06, 2020","6,660.47","6,682.14","6,729.36","6,657.78","869.35K","-0.41%"
"Aug 05, 2020","6,687.82","6,611.69","6,688.70","6,611.69","551.55K","1.20%"
"Aug 04, 2020","6,608.29","6,589.47","6,608.88","6,557.12","525.19K","0.36%"
"Aug 03, 2020","6,584.27","6,604.60","6,618.17","6,566.97","160.54K","-0.00%"
"Jul 30, 2020","6,584.33","6,584.39","6,588.98","6,560.94","307.26K","0.07%"
"Jul 29, 2020","6,579.47","6,583.45","6,593.34","6,579.36","389.15K","-0.08%"
"Jul 28, 2020","6,584.44","6,594.98","6,600.77","6,555.31","609.06K","-0.20%"
"Jul 27, 2020","6,597.49","6,594.20","6,605.41","6,558.02","595.17K","0.01%"
"Jul 24, 2020","6,596.95","6,563.11","6,597.49","6,555.78","604.93K","0.48%"
"Jul 23, 2020","6,565.24","6,579.77","6,582.49","6,544.12","592.51K","0.18%"
"Jul 22, 2020","6,553.40","6,553.17","6,553.89","6,517.08","658.95K","0.37%"
"Jul 21, 2020","6,529.28","6,575.70","6,575.70","6,524.21","704.54K","-0.75%"
"Jul 20, 2020","6,578.60","6,550.59","6,606.95","6,543.83","462.59K","0.43%"
"Jul 17, 2020","6,550.59","6,552.81","6,571.05","6,530.90","598.26K","-0.10%"
"Jul 16, 2020","6,557.10","6,571.85","6,574.90","6,532.50","634.45K","-0.27%"
"Jul 15, 2020","6,574.62","6,601.28","6,607.24","6,556.32","876.52K","-0.24%"
"Jul 14, 2020","6,590.37","6,621.54","6,626.12","6,587.47","823.80K","-0.34%"
"Jul 13, 2020","6,613.18","6,611.43","6,618.85","6,584.22","932.98K","0.06%"
"Jul 10, 2020","6,609.12","6,609.10","6,621.58","6,585.69","1.39M","0.08%"
"Jul 09, 2020","6,603.78","6,602.59","6,614.54","6,568.78","1.08M","-0.02%"
"Jul 08, 2020","6,605.36","6,578.02","6,606.65","6,566.84","1.60M","0.51%"
"Jul 07, 2020","6,571.64","6,571.87","6,589.36","6,558.94","721.26K","-0.16%"
"Jul 06, 2020","6,582.45","6,575.51","6,589.36","6,563.78","917.63K","0.10%"
"Jul 03, 2020","6,575.87","6,552.68","6,580.77","6,552.60","990.82K","0.40%"
"Jul 02, 2020","6,549.89","6,566.28","6,578.74","6,532.83","961.43K","-0.19%"
"Jul 01, 2020","6,562.21","6,616.62","6,634.39","6,546.57","739.49K","-0.99%"
"Jun 30, 2020","6,627.87","6,615.26","6,631.15","6,593.93","814.60K","0.02%"
"Jun 29, 2020","6,626.82","6,616.14","6,634.92","6,583.96","847.75K","0.27%"
"Jun 26, 2020","6,608.85","6,646.33","6,646.33","6,583.34","1.35M","-0.53%"
"Jun 25, 2020","6,643.95","6,700.14","6,713.87","6,628.14","1.70M","-0.80%"
"Jun 24, 2020","6,697.47","6,730.93","6,739.12","6,686.66","1.60M","-0.46%"
"Jun 23, 2020","6,728.61","6,701.59","6,728.61","6,692.88","1.44M","0.41%"
"Jun 22, 2020","6,701.31","6,704.91","6,706.21","6,644.59","967.98K","-0.05%"
"Jun 19, 2020","6,704.74","6,721.02","6,745.79","6,685.81","1.03M","-0.21%"
"Jun 18, 2020","6,718.68","6,744.09","6,744.15","6,682.89","1.46M","-0.12%"
"Jun 17, 2020","6,726.77","6,707.07","6,731.85","6,693.71","2.41M","0.35%"
"Jun 16, 2020","6,703.08","6,704.39","6,724.08","6,690.30","861.70K","0.03%"
"Jun 15, 2020","6,701.00","6,697.98","6,711.57","6,677.78","605.89K","0.06%"
"Jun 12, 2020","6,697.04","6,662.06","6,697.04","6,628.18","602.06K","0.59%"
"Jun 11, 2020","6,658.09","6,637.20","6,683.66","6,615.66","560.61K","0.32%"
"Jun 10, 2020","6,636.56","6,633.92","6,659.92","6,620.32","495.36K","0.14%"
"Jun 09, 2020","6,627.36","6,634.14","6,660.10","6,615.54","680.39K","-0.20%"
"Jun 08, 2020","6,640.47","6,653.86","6,675.77","6,604.08","783.82K","-0.14%"
"Jun 05, 2020","6,649.72","6,626.51","6,652.35","6,617.44","870.12K","0.37%"
"Jun 04, 2020","6,625.07","6,589.88","6,625.25","6,575.66","605.00K","0.76%"
"Jun 03, 2020","6,574.87","6,589.47","6,595.70","6,554.16","777.25K","0.07%"
"Jun 02, 2020","6,570.26","6,541.34","6,576.76","6,523.50","1.19M","0.78%"
"Jun 01, 2020","6,519.15","6,525.38","6,525.38","6,471.53","569.40K","0.47%"
"May 29, 2020","6,488.61","6,445.37","6,502.33","6,434.85","654.90K","0.74%"
"May 28, 2020","6,440.76","6,470.11","6,484.79","6,437.73","757.17K","-0.42%"
"May 27, 2020","6,467.61","6,496.81","6,497.56","6,445.22","473.54K","-0.12%"
"May 26, 2020","6,475.09","6,483.26","6,501.69","6,467.88","-","0.03%"
"May 22, 2020","6,473.12","6,467.56","6,487.08","6,449.85","547.98K","0.44%"
"May 21, 2020","6,445.03","6,489.52","6,490.06","6,442.95","-","-0.17%"
"May 20, 2020","6,455.73","6,443.76","6,477.79","6,430.35","-","0.42%"
"May 19, 2020","6,428.95","6,437.35","6,488.24","6,427.95","-","-0.09%"
"May 18, 2020","6,434.83","6,487.12","6,511.81","6,425.43","-","-0.74%"
"May 15, 2020","6,482.58","6,432.41","6,493.59","6,432.41","-","0.76%"
"May 14, 2020","6,433.91","6,377.98","6,446.43","6,372.36","-","1.04%"
"May 13, 2020","6,367.85","6,350.87","6,386.65","6,334.89","-","0.57%"
"May 12, 2020","6,332.04","6,300.58","6,335.63","6,300.58","-","0.69%"
"May 11, 2020","6,288.74","6,273.54","6,318.17","6,268.26","-","0.30%"
"May 08, 2020","6,270.12","6,310.41","6,317.22","6,265.24","-","-0.22%"
"May 07, 2020","6,283.98","6,274.89","6,307.52","6,248.03","-","0.73%"
"May 06, 2020","6,238.40","6,258.71","6,286.09","6,201.57","-","-0.14%"
"May 05, 2020","6,247.24","6,236.27","6,271.17","6,194.85","-","0.18%"
"May 04, 2020","6,236.27","6,247.62","6,267.84","6,221.79","-","0.36%"
"Apr 30, 2020","6,213.89","6,244.94","6,264.48","6,174.91","885.31K","-0.37%"
"Apr 29, 2020","6,236.69","6,301.55","6,306.55","6,212.28","-","-0.92%"
"Apr 28, 2020","6,294.37","6,365.24","6,380.77","6,281.66","-","-0.88%"
"Apr 27, 2020","6,350.30","6,374.69","6,388.38","6,342.69","-","-0.11%"
"Apr 24, 2020","6,357.40","6,382.81","6,433.73","6,357.40","-","-0.13%"
"Apr 23, 2020","6,365.80","6,378.74","6,387.37","6,315.84","242.15K","0.50%"
"Apr 22, 2020","6,333.83","6,351.28","6,359.71","6,316.27","688.59K","0.14%"
"Apr 21, 2020","6,324.68","6,339.50","6,375.89","6,317.35","684.23K","-0.23%"
"Apr 20, 2020","6,339.07","6,304.20","6,341.88","6,266.33","388.20K","0.91%"
"Apr 17, 2020","6,282.08","6,274.34","6,305.78","6,257.80","363.50K","0.33%"
"Apr 16, 2020","6,261.72","6,250.62","6,298.60","6,219.64","222.50K","0.34%"
"Apr 15, 2020","6,240.60","6,248.97","6,272.03","6,238.73","222.62K","0.05%"
"Apr 14, 2020","6,237.38","6,259.40","6,279.03","6,216.93","205.51K","-0.18%"
"Apr 13, 2020","6,248.52","6,259.75","6,301.29","6,223.06","310.66K","0.01%"
"Apr 08, 2020","6,247.93","6,269.42","6,283.21","6,213.33","369.87K","-0.24%"
"Apr 07, 2020","6,262.81","6,244.83","6,289.63","6,210.02","290.46K","0.56%"
"Apr 06, 2020","6,227.91","6,264.14","6,264.14","6,189.48","205.19K","-0.41%"
"Apr 03, 2020","6,253.63","6,338.35","6,389.05","6,238.15","217.91K","-1.33%"
"Apr 02, 2020","6,337.93","6,483.54","6,483.54","6,335.68","362.75K","-2.33%"
"Apr 01, 2020","6,489.36","6,486.18","6,507.00","6,432.61","435.06K","0.09%"
"Mar 31, 2020","6,483.38","6,461.90","6,501.99","6,418.90","389.89K","0.77%"
"Mar 30, 2020","6,433.65","6,427.28","6,459.60","6,373.11","829.85K","0.34%"
"Mar 27, 2020","6,412.02","6,432.65","6,519.83","6,411.30","1.80M","-0.19%"
"Mar 26, 2020","6,424.13","6,377.98","6,452.81","6,375.10","1.87M","1.07%"
"Mar 25, 2020","6,355.83","6,339.36","6,385.91","6,335.71","334.42K","0.59%"
"Mar 24, 2020","6,318.74","6,233.83","6,319.37","6,233.83","630.23K","1.92%"
"Mar 23, 2020","6,199.98","6,167.10","6,202.26","6,122.86","251.56K","1.00%"
"Mar 19, 2020","6,138.82","6,185.90","6,225.42","6,105.57","568.93K","-0.33%"
"Mar 18, 2020","6,158.90","6,031.63","6,160.82","6,000.43","540.62K","0.70%"
"Mar 17, 2020","6,116.16","6,312.59","6,312.59","6,116.16","273.22K","-3.71%"
"Mar 16, 2020","6,351.80","6,618.00","6,618.00","6,351.80","513.03K","-4.10%"
"Mar 13, 2020","6,623.32","6,805.25","6,805.25","6,593.14","593.06K","-2.77%"
"Mar 12, 2020","6,811.72","6,918.69","6,919.95","6,782.46","1.76M","-1.49%"
"Mar 11, 2020","6,914.63","6,864.03","6,923.81","6,854.72","432.29K","0.73%"
"Mar 10, 2020","6,864.83","6,915.45","6,915.45","6,778.39","418.61K","-0.83%"
"Mar 09, 2020","6,922.09","7,020.94","7,024.60","6,909.53","798.05K","-1.47%"
"Mar 06, 2020","7,025.31","7,130.67","7,135.50","6,984.86","540.93K","-1.23%"
"Mar 05, 2020","7,112.99","7,171.32","7,177.25","7,066.53","617.75K","-0.70%"
"Mar 04, 2020","7,163.22","7,182.49","7,189.30","7,142.34","329.50K","-0.25%"
"Mar 03, 2020","7,180.89","7,210.00","7,232.07","7,145.85","551.59K","-0.33%"
"Mar 02, 2020","7,204.39","7,176.88","7,219.71","7,176.88","390.55K","0.46%"
"Feb 28, 2020","7,171.31","7,150.52","7,180.80","7,150.52","531.12K","0.29%"
"Feb 27, 2020","7,150.68","7,135.52","7,150.83","7,121.46","244.23K","0.21%"
"Feb 26, 2020","7,135.53","7,144.05","7,164.76","7,121.64","176.36K","-0.17%"
"Feb 25, 2020","7,147.42","7,176.24","7,187.85","7,140.72","292.32K","-0.36%"
"Feb 24, 2020","7,173.11","7,179.81","7,185.99","7,152.22","331.37K","0.07%"
"Feb 21, 2020","7,168.03","7,170.94","7,176.94","7,157.05","581.13K","-0.01%"
"Feb 20, 2020","7,168.43","7,174.01","7,190.68","7,147.63","445.12K","0.10%"
"Feb 19, 2020","7,160.96","7,151.31","7,160.96","7,131.60","425.99K","0.16%"
"Feb 18, 2020","7,149.78","7,153.80","7,159.77","7,116.62","376.01K","0.16%"
"Feb 17, 2020","7,138.31","7,116.17","7,144.12","7,105.04","375.37K","0.32%"
"Feb 14, 2020","7,115.50","7,110.46","7,126.05","7,090.95","679.05K","0.07%"
"Feb 13, 2020","7,110.26","7,099.02","7,126.83","7,084.31","575.16K","0.25%"
"Feb 12, 2020","7,092.34","7,088.43","7,108.12","7,068.58","594.72K","0.10%"
"Feb 11, 2020","7,085.31","7,104.45","7,114.01","7,065.62","514.94K","-0.06%"
"Feb 10, 2020","7,089.64","7,095.33","7,105.99","7,041.60","566.84K","-0.15%"
"Feb 07, 2020","7,100.09","7,085.53","7,112.79","7,073.08","497.17K","0.39%"
"Feb 06, 2020","7,072.19","7,060.12","7,084.35","7,043.68","612.69K","0.00%"
"Feb 05, 2020","7,072.09","7,087.66","7,110.13","7,066.35","732.99K","-0.08%"
"Feb 04, 2020","7,077.53","7,091.97","7,109.08","7,063.11","714.97K","-0.19%"
"Feb 03, 2020","7,091.00","7,082.71","7,094.64","7,043.61","1.21M","0.15%"
"Jan 31, 2020","7,080.15","7,056.16","7,080.15","7,033.18","705.88K","0.37%"
"Jan 30, 2020","7,054.38","7,065.81","7,067.96","7,042.06","445.31K","0.05%"
"Jan 29, 2020","7,051.05","7,062.77","7,068.98","7,033.83","457.87K","-0.15%"
"Jan 28, 2020","7,061.63","7,052.62","7,071.88","7,045.10","630.42K","0.13%"
"Jan 27, 2020","7,052.62","7,035.58","7,054.33","6,999.21","574.04K","0.57%"
"Jan 24, 2020","7,012.64","6,980.71","7,030.24","6,957.58","859.88K","0.39%"
"Jan 23, 2020","6,985.23","6,980.84","6,996.06","6,955.40","431.04K","0.11%"
"Jan 22, 2020","6,977.33","6,951.76","6,980.87","6,925.32","411.40K","0.30%"
"Jan 21, 2020","6,956.80","6,959.60","6,974.64","6,905.47","390.99K","0.23%"
"Jan 20, 2020","6,940.65","6,909.32","6,950.53","6,909.32","280.84K","0.54%"
"Jan 17, 2020","6,903.63","6,918.36","6,928.12","6,873.05","332.64K","-0.20%"
"Jan 16, 2020","6,917.59","6,902.02","6,930.63","6,889.38","406.34K","0.22%"
"Jan 15, 2020","6,902.30","6,892.28","6,910.05","6,887.02","236.11K","0.29%"
"Jan 13, 2020","6,882.41","6,863.47","6,894.88","6,857.45","294.23K","0.19%"
"Jan 10, 2020","6,869.63","6,881.14","6,893.85","6,846.52","285.93K","-0.20%"
"Jan 09, 2020","6,883.26","6,893.55","6,904.05","6,847.34","332.37K","-0.10%"
"Jan 08, 2020","6,889.97","6,923.17","6,930.16","6,871.21","378.21K","-0.42%"
"Jan 07, 2020","6,919.37","6,965.31","6,976.64","6,905.46","575.28K","-0.67%"
"Jan 06, 2020","6,966.09","6,990.56","7,031.75","6,944.67","437.57K","-0.44%"
"Jan 03, 2020","6,996.86","7,031.99","7,033.15","6,976.19","745.36K","-0.61%"
"Jan 02, 2020","7,039.73","7,097.65","7,097.65","7,037.65","328.72K","-1.16%"
"Dec 31, 2019","7,122.09","7,132.58","7,165.84","7,108.04","484.85K","-0.13%"
"Dec 30, 2019","7,131.71","7,107.59","7,135.22","7,082.25","549.80K","1.12%"
"Dec 27, 2019","7,053.02","7,055.85","7,071.37","7,021.98","594.22K","0.27%"
"Dec 26, 2019","7,034.04","7,020.05","7,051.01","7,008.77","434.05K","-0.10%"
"Dec 25, 2019","7,041.13","6,994.44","7,042.54","6,994.44","1.24M","0.73%"
"Dec 24, 2019","6,990.29","6,976.47","6,990.29","6,969.01","337.58K","0.24%"
"Dec 23, 2019","6,973.23","6,979.69","6,985.41","6,959.23","274.23K","0.00%"
"Dec 20, 2019","6,973.00","6,981.56","6,988.31","6,959.82","599.82K","-0.13%"
"Dec 19, 2019","6,982.26","6,991.78","6,992.01","6,961.44","460.05K","-0.02%"
"Dec 18, 2019","6,983.74","6,973.01","6,984.72","6,957.62","564.90K","0.13%"
"Dec 17, 2019","6,974.71","6,985.86","6,994.58","6,955.53","425.57K","-0.14%"
"Dec 16, 2019","6,984.41","7,000.79","7,011.20","6,976.57","369.15K","0.01%"
"Dec 13, 2019","6,983.60","6,994.04","6,999.99","6,972.09","541.85K","-0.11%"
"Dec 12, 2019","6,991.44","7,000.00","7,007.06","6,956.24","441.73K","-0.03%"
"Dec 11, 2019","6,993.62","7,016.55","7,027.89","6,976.14","412.32K","-0.33%"
"Dec 10, 2019","7,016.52","7,038.89","7,064.87","6,975.23","386.49K","-0.27%"
"Dec 09, 2019","7,035.34","7,015.90","7,044.14","7,011.12","137.67K","0.38%"
"Dec 06, 2019","7,008.94","6,976.75","7,042.62","6,976.75","377.03K","0.69%"
"Dec 05, 2019","6,961.05","6,968.89","7,003.00","6,960.73","275.39K","-0.04%"
"Dec 04, 2019","6,963.75","6,966.43","6,999.40","6,937.71","285.54K","0.10%"
"Dec 03, 2019","6,956.95","6,963.68","7,006.64","6,951.35","237.93K","-0.05%"
"Dec 02, 2019","6,960.75","6,955.08","6,977.22","6,949.29","216.05K","0.16%"
"Nov 29, 2019","6,949.46","6,935.11","6,959.90","6,918.78","296.84K","0.16%"
"Nov 28, 2019","6,938.17","6,924.61","6,947.79","6,905.49","395.21K","0.14%"
"Nov 27, 2019","6,928.69","6,925.86","6,948.52","6,903.01","266.34K","0.12%"
"Nov 26, 2019","6,920.52","6,937.13","6,954.97","6,908.26","417.49K","-0.13%"
"Nov 25, 2019","6,929.87","6,939.55","6,968.61","6,901.09","291.56K","-0.09%"
"Nov 22, 2019","6,936.31","6,935.30","6,951.73","6,921.84","424.31K","0.02%"
"Nov 21, 2019","6,934.75","6,945.86","6,963.82","6,934.02","1.25M","-0.15%"
"Nov 20, 2019","6,945.44","6,977.03","6,983.17","6,945.23","239.83K","-0.40%"
"Nov 19, 2019","6,973.21","6,971.79","6,986.08","6,940.18","659.89K","0.02%"
"Nov 18, 2019","6,971.70","6,991.01","7,006.27","6,970.44","515.83K","-0.26%"
"Nov 15, 2019","6,990.03","6,993.42","7,030.28","6,960.85","538.33K","-0.05%"
"Nov 14, 2019","6,993.59","6,999.94","7,010.44","6,987.78","361.56K","0.01%"
"Nov 13, 2019","6,992.98","6,994.46","7,000.61","6,972.85","348.21K","-0.02%"
"Nov 12, 2019","6,994.52","7,005.09","7,007.86","6,985.29","457.17K","-0.13%"
"Nov 11, 2019","7,003.46","7,009.44","7,017.72","6,990.00","264.98K","-0.09%"
"Nov 08, 2019","7,010.08","6,983.39","7,029.51","6,983.39","633.07K","0.40%"
"Nov 07, 2019","6,981.82","6,985.79","6,992.13","6,965.38","485.07K","-0.06%"
"Nov 06, 2019","6,985.78","6,977.86","6,986.77","6,962.20","415.25K","0.11%"
"Nov 05, 2019","6,977.86","6,973.23","6,977.92","6,951.86","464.95K","-0.06%"
"Nov 04, 2019","6,981.72","7,008.49","7,010.53","6,979.32","180.96K","-0.16%"
"Nov 01, 2019","6,993.01","6,997.65","7,008.32","6,981.99","238.09K","0.05%"
"Oct 31, 2019","6,989.69","6,971.11","6,991.28","6,959.21","251.42K","0.38%"
"Oct 30, 2019","6,963.07","6,999.02","7,005.49","6,950.92","317.83K","-0.65%"
"Oct 29, 2019","7,008.36","7,016.00","7,022.91","6,989.42","417.31K","-0.12%"
"Oct 28, 2019","7,016.45","7,049.94","7,051.03","7,002.81","303.74K","-0.18%"
"Oct 25, 2019","7,028.99","7,070.22","7,085.04","7,019.83","496.56K","-0.16%"
"Oct 24, 2019","7,040.29","7,056.94","7,062.72","7,029.60","618.44K","-0.14%"
"Oct 23, 2019","7,049.90","7,035.79","7,057.93","7,013.79","749.60K","0.17%"
"Oct 22, 2019","7,037.87","7,057.73","7,067.52","7,032.51","524.12K","-0.27%"
"Oct 21, 2019","7,056.87","7,060.84","7,096.19","7,056.65","543.35K","-0.05%"
"Oct 18, 2019","7,060.59","7,063.90","7,081.99","7,044.52","353.42K","0.05%"
"Oct 17, 2019","7,056.80","7,033.64","7,064.03","7,033.64","601.72K","0.33%"
"Oct 16, 2019","7,033.48","7,015.91","7,033.54","7,012.81","515.74K","0.34%"
"Oct 14, 2019","7,009.72","6,996.96","7,013.68","6,990.96","118.56K","0.11%"
"Oct 11, 2019","7,002.24","7,015.73","7,023.46","6,999.50","260.69K","-0.09%"
"Oct 10, 2019","7,008.74","7,007.95","7,021.28","6,997.17","344.22K","-0.07%"
"Oct 09, 2019","7,014.00","7,022.68","7,034.82","7,008.42","470.90K","-0.12%"
"Oct 08, 2019","7,022.42","7,026.44","7,044.92","7,022.20","335.29K","-0.04%"
"Oct 07, 2019","7,025.47","7,038.97","7,053.08","7,015.09","366.21K","-0.09%"
"Oct 04, 2019","7,032.00","7,041.73","7,060.09","7,030.26","272.85K","-0.11%"
"Oct 03, 2019","7,039.86","7,021.30","7,048.27","7,021.30","289.50K","0.29%"
"Oct 02, 2019","7,019.26","7,038.58","7,058.74","7,002.31","424.11K","-0.27%"
"Oct 01, 2019","7,038.60","7,048.00","7,051.39","7,018.99","438.75K","-0.18%"
"Sep 30, 2019","7,051.03","7,094.77","7,099.10","7,038.40","268.28K","-0.53%"
"Sep 27, 2019","7,088.49","7,090.22","7,098.13","7,060.92","300.26K","0.01%"
"Sep 26, 2019","7,087.90","7,063.28","7,095.19","7,063.28","462.92K","0.31%"
"Sep 25, 2019","7,066.11","7,064.63","7,076.50","7,031.88","448.77K","0.35%"
"Sep 24, 2019","7,041.77","7,076.31","7,076.85","7,035.91","256.94K","-0.48%"
"Sep 23, 2019","7,075.84","7,103.25","7,120.76","7,068.56","368.97K","-0.41%"
"Sep 20, 2019","7,105.16","7,123.80","7,127.53","7,089.32","142.54K","0.01%"
"Sep 19, 2019","7,104.73","7,123.88","7,131.56","7,087.21","192.29K","-0.29%"
"Sep 18, 2019","7,125.38","7,094.87","7,129.90","7,085.24","100.28K","0.28%"
"Sep 17, 2019","7,105.14","7,116.70","7,145.65","7,105.10","174.09K","-0.16%"
"Sep 16, 2019","7,116.57","7,119.39","7,134.91","7,078.53","220.09K","-0.01%"
"Sep 13, 2019","7,117.41","7,123.29","7,130.00","7,109.47","312.45K","-0.04%"
"Sep 12, 2019","7,120.47","7,131.87","7,155.46","7,106.66","1.07M","0.07%"
"Sep 11, 2019","7,115.62","7,129.98","7,160.90","7,102.62","385.54K","-0.13%"
"Sep 10, 2019","7,124.86","7,153.63","7,153.63","7,117.85","427.87K","-0.34%"
"Sep 09, 2019","7,149.09","7,157.58","7,176.42","7,137.12","-","-0.07%"
"Sep 06, 2019","7,153.93","7,200.91","7,214.87","7,146.75","283.40K","-0.65%"
"Sep 05, 2019","7,200.78","7,217.12","7,235.28","7,176.77","189.71K","-0.16%"
"Sep 04, 2019","7,212.15","7,233.33","7,233.72","7,180.54","648.94K","-0.20%"
"Sep 03, 2019","7,226.70","7,225.96","7,241.20","7,222.93","201.58K","-0.11%"
"Sep 02, 2019","7,234.63","7,278.56","7,301.03","7,228.50","239.38K","-0.60%"
"Aug 30, 2019","7,278.43","7,255.46","7,289.48","7,254.92","377.80K","0.49%"
"Aug 29, 2019","7,242.63","7,217.24","7,251.76","7,210.87","314.57K","0.38%"
"Aug 28, 2019","7,214.95","7,176.07","7,230.01","7,175.70","358.50K","0.47%"
"Aug 27, 2019","7,181.14","7,189.73","7,199.67","7,173.62","710.29K","-0.12%"
"Aug 26, 2019","7,189.49","7,190.59","7,207.60","7,185.21","374.26K","-0.22%"
"Aug 23, 2019","7,205.61","7,187.53","7,214.93","7,181.21","278.81K","0.15%"
"Aug 22, 2019","7,194.58","7,166.39","7,194.58","7,149.46","335.72K","0.28%"
"Aug 21, 2019","7,174.75","7,173.10","7,187.86","7,165.44","217.54K","0.07%"
"Aug 20, 2019","7,169.38","7,173.43","7,178.74","7,152.49","242.07K","-0.04%"
"Aug 19, 2019","7,172.36","7,168.19","7,176.44","7,158.10","136.16K","0.06%"
"Aug 16, 2019","7,168.06","7,177.28","7,190.96","7,167.57","145.64K","-0.14%"
"Aug 15, 2019","7,177.83","7,185.07","7,185.07","7,165.83","140.55K","-0.06%"
"Aug 14, 2019","7,182.25","7,191.60","7,192.37","7,164.16","159.68K","-0.13%"
"Aug 09, 2019","7,191.60","7,192.36","7,199.24","7,179.70","246.98K","0.01%"
"Aug 08, 2019","7,191.15","7,205.24","7,216.42","7,181.42","260.69K","-0.18%"
"Aug 07, 2019","7,203.84","7,180.12","7,213.87","7,180.12","327.59K","0.28%"
"Aug 06, 2019","7,183.71","7,178.17","7,193.68","7,163.74","229.79K","0.06%"
"Aug 05, 2019","7,179.27","7,189.31","7,199.19","7,169.85","291.40K","0.12%"
"Aug 02, 2019","7,170.47","7,157.92","7,187.40","7,152.02","279.29K","-0.10%"
"Aug 01, 2019","7,177.85","7,143.28","7,177.85","7,122.34","292.67K","0.19%"
"Jul 31, 2019","7,163.97","7,159.89","7,181.93","7,148.92","336.09K","0.20%"
"Jul 30, 2019","7,149.70","7,168.43","7,168.86","7,135.57","326.59K","-0.20%"
"Jul 29, 2019","7,164.33","7,181.21","7,186.40","7,141.21","296.87K","-0.05%"
"Jul 26, 2019","7,167.63","7,164.13","7,174.14","7,156.68","146.03K","0.10%"
"Jul 24, 2019","7,160.77","7,160.73","7,165.30","7,145.58","259.75K","-0.04%"
"Jul 23, 2019","7,163.61","7,196.96","7,204.17","7,163.58","302.07K","-0.47%"
"Jul 22, 2019","7,197.19","7,204.86","7,206.64","7,182.15","330.56K","-0.06%"
"Jul 19, 2019","7,201.31","7,247.65","7,252.45","7,200.93","393.95K","-0.69%"
"Jul 18, 2019","7,251.20","7,266.42","7,275.30","7,235.38","222.83K","-0.15%"
"Jul 17, 2019","7,262.04","7,285.71","7,292.74","7,258.05","789.99K","-0.23%"
"Jul 16, 2019","7,278.89","7,263.46","7,278.89","7,246.42","518.10K","0.22%"
"Jul 15, 2019","7,262.99","7,247.91","7,262.99","7,236.46","295.19K","0.12%"
"Jul 12, 2019","7,254.36","7,234.64","7,261.75","7,227.61","482.62K","0.26%"
"Jul 11, 2019","7,235.60","7,253.57","7,253.57","7,210.41","397.35K","-0.10%"
"Jul 10, 2019","7,242.96","7,229.53","7,242.96","7,206.64","417.87K","0.18%"
"Jul 09, 2019","7,230.01","7,234.39","7,246.82","7,229.73","432.80K","-0.04%"
"Jul 08, 2019","7,233.03","7,224.50","7,273.86","7,224.50","446.16K","0.22%"
"Jul 05, 2019","7,217.43","7,203.98","7,220.11","7,188.58","558.29K","0.33%"
"Jul 04, 2019","7,193.85","7,196.92","7,215.80","7,189.61","421.19K","0.05%"
"Jul 03, 2019","7,189.95","7,165.72","7,201.06","7,165.72","501.47K","0.38%"
"Jul 02, 2019","7,163.01","7,177.94","7,180.90","7,137.89","312.20K","-0.20%"
"Jul 01, 2019","7,177.48","7,149.78","7,188.70","7,149.70","191.33K","0.40%"
"Jun 28, 2019","7,149.00","7,092.98","7,149.00","7,092.98","291.88K","1.18%"
"Jun 27, 2019","7,065.51","7,163.02","7,184.99","7,062.08","1.01M","-1.35%"
"Jun 26, 2019","7,162.21","7,153.25","7,162.33","7,144.45","575.23K","0.20%"
"Jun 25, 2019","7,148.18","7,134.26","7,159.77","7,125.89","498.65K","0.35%"
"Jun 24, 2019","7,123.28","7,106.20","7,130.46","7,106.20","409.93K","0.29%"
"Jun 21, 2019","7,102.52","7,107.30","7,119.26","7,079.14","577.52K","-0.02%"
"Jun 20, 2019","7,103.68","7,100.45","7,109.60","7,093.15","497.64K","0.02%"
"Jun 19, 2019","7,102.17","7,085.93","7,103.87","7,070.08","532.72K","0.30%"
"Jun 18, 2019","7,080.88","7,085.43","7,100.66","7,072.13","618.45K","-0.01%"
"Jun 17, 2019","7,081.56","7,087.29","7,094.28","7,073.71","379.38K","0.07%"
"Jun 14, 2019","7,076.61","7,080.43","7,098.81","7,057.01","725.14K","-0.18%"
"Jun 13, 2019","7,089.11","7,070.70","7,093.03","7,058.84","691.84K","0.21%"
"Jun 12, 2019","7,074.49","7,043.60","7,079.28","7,019.29","697.09K","0.74%"
"Jun 11, 2019","7,022.56","7,080.07","7,080.07","6,991.22","505.40K","-0.70%"
"Jun 10, 2019","7,071.89","7,082.69","7,082.69","7,052.57","662.07K","-0.13%"
"Jun 07, 2019","7,081.27","7,059.13","7,081.57","7,041.37","147.59K","0.40%"
"Jun 03, 2019","7,052.80","7,062.01","7,062.01","7,037.55","249.38K","0.17%"
"May 31, 2019","7,040.96","7,035.25","7,043.87","7,022.58","335.55K","0.08%"
"May 30, 2019","7,035.16","7,030.23","7,045.27","7,014.76","366.73K","0.28%"
"May 29, 2019","7,015.75","6,969.49","7,024.60","6,966.82","241.35K","0.64%"
"May 28, 2019","6,970.93","6,964.29","6,993.17","6,957.02","525.78K","0.12%"
"May 27, 2019","6,962.23","6,960.50","6,992.81","6,939.35","247.74K","0.08%"
"May 24, 2019","6,956.91","6,932.68","6,956.92","6,903.07","446.96K","0.42%"
"May 23, 2019","6,928.09","6,919.34","6,928.09","6,903.66","291.29K","0.18%"
"May 22, 2019","6,915.46","6,916.31","6,933.43","6,903.66","258.16K","0.06%"
"May 21, 2019","6,911.43","6,937.48","6,939.85","6,904.62","271.04K","-0.38%"
"May 20, 2019","6,937.48","6,991.03","6,991.03","6,924.42","229.12K","-0.36%"
"May 17, 2019","6,962.54","6,944.80","6,970.08","6,936.06","233.45K","0.26%"
"May 16, 2019","6,944.35","6,913.30","6,944.35","6,887.47","384.71K","0.41%"
"May 15, 2019","6,916.12","6,930.12","6,934.54","6,896.92","323.91K","-0.05%"
"May 14, 2019","6,919.82","6,936.14","6,944.34","6,908.52","388.13K","-0.26%"
"May 13, 2019","6,938.11","6,950.43","6,950.43","6,915.13","283.15K","0.29%"
"May 10, 2019","6,917.78","6,935.92","6,945.70","6,901.64","308.67K","0.14%"
"May 09, 2019","6,907.82","6,877.06","6,907.82","6,874.71","315.38K","0.37%"
"May 08, 2019","6,882.55","6,915.37","6,920.44","6,881.92","380.07K","-0.04%"
"May 07, 2019","6,885.24","6,881.56","6,892.79","6,872.25","328.91K","0.04%"
"May 06, 2019","6,882.74","6,878.93","6,911.92","6,876.01","198.38K","0.38%"
"May 03, 2019","6,857.02","6,894.45","6,894.45","6,840.96","263.44K","-0.44%"
"May 02, 2019","6,887.21","6,878.10","6,889.01","6,856.25","229.53K","0.03%"
"Apr 30, 2019","6,885.12","6,881.98","6,905.99","6,871.97","291.91K","-0.11%"
"Apr 29, 2019","6,892.52","6,934.03","6,941.07","6,882.40","282.54K","-0.52%"
"Apr 26, 2019","6,928.27","6,959.04","6,959.04","6,882.82","378.17K","-0.23%"
"Apr 25, 2019","6,944.33","6,940.70","6,964.69","6,908.05","468.18K","0.03%"
"Apr 24, 2019","6,942.07","6,951.60","6,964.81","6,923.85","779.35K","-0.12%"
"Apr 23, 2019","6,950.37","6,965.32","6,984.50","6,931.65","505.88K","-0.15%"
"Apr 22, 2019","6,960.48","6,937.61","6,968.96","6,933.53","521.51K","0.22%"
"Apr 19, 2019","6,945.24","6,944.89","6,967.97","6,933.26","437.23K","0.04%"
"Apr 18, 2019","6,942.17","6,950.45","6,972.25","6,895.06","586.19K","-0.01%"
"Apr 17, 2019","6,942.86","6,958.71","6,958.87","6,912.59","603.13K","0.01%"
"Apr 16, 2019","6,942.07","6,942.73","6,945.35","6,922.68","701.05K","-0.09%"
"Apr 15, 2019","6,948.31","6,950.21","6,994.70","6,945.64","554.90K","-0.07%"
"Apr 12, 2019","6,952.83","6,946.26","6,963.89","6,926.45","564.26K","0.57%"
"Apr 11, 2019","6,913.64","6,930.95","6,933.42","6,910.59","436.58K","-0.27%"
"Apr 10, 2019","6,932.11","6,929.78","6,942.09","6,892.40","405.70K","0.06%"
"Apr 08, 2019","6,928.03","6,950.04","6,959.60","6,892.12","390.52K","-0.57%"
"Apr 05, 2019","6,967.69","6,960.11","6,968.90","6,933.56","491.95K","0.39%"
"Apr 04, 2019","6,940.39","6,892.86","6,941.96","6,871.73","694.30K","0.77%"
"Apr 03, 2019","6,887.35","6,876.19","6,900.81","6,870.55","669.78K","0.20%"
"Apr 02, 2019","6,873.54","6,855.94","6,907.50","6,855.94","579.21K","0.17%"
"Apr 01, 2019","6,862.12","6,845.04","6,862.12","6,833.51","483.55K","0.01%"
"Mar 29, 2019","6,861.49","6,932.28","6,932.28","6,831.79","577.70K","-0.98%"
"Mar 28, 2019","6,929.18","6,978.84","6,994.01","6,881.90","531.06K","-0.67%"
"Mar 27, 2019","6,975.66","7,017.84","7,043.31","6,975.66","602.24K","-0.27%"
"Mar 26, 2019","6,994.69","6,948.53","7,028.72","6,948.53","852.53K","0.66%"
"Mar 25, 2019","6,949.17","6,878.47","6,979.33","6,878.47","819.72K","0.96%"
"Mar 22, 2019","6,883.03","6,838.04","6,895.41","6,838.04","454.42K","0.75%"
"Mar 21, 2019","6,831.79","6,813.47","6,861.67","6,799.80","468.97K","0.65%"
"Mar 19, 2019","6,787.52","6,839.59","6,842.55","6,766.20","389.72K","-0.63%"
"Mar 18, 2019","6,830.58","6,851.59","6,851.59","6,762.23","330.23K","-0.32%"
"Mar 15, 2019","6,852.42","6,898.37","6,947.40","6,827.92","499.55K","-0.78%"
"Mar 14, 2019","6,906.50","6,899.38","6,920.01","6,872.28","637.01K","0.18%"
"Mar 13, 2019","6,894.28","6,973.47","6,980.52","6,886.21","470.74K","-1.20%"
"Mar 12, 2019","6,978.27","7,028.79","7,028.79","6,972.58","607.45K","-0.87%"
"Mar 11, 2019","7,039.80","7,078.87","7,086.00","7,026.12","406.23K","-0.56%"
"Mar 08, 2019","7,079.39","7,111.99","7,116.30","7,069.34","828.33K","-0.52%"
"Mar 07, 2019","7,116.57","7,106.73","7,118.95","7,070.51","692.96K","0.25%"
"Mar 06, 2019","7,098.80","7,087.06","7,099.06","7,059.87","873.15K","0.17%"
"Mar 05, 2019","7,086.56","7,117.71","7,123.39","7,084.02","536.47K","-0.61%"
"Mar 04, 2019","7,130.18","7,141.50","7,167.16","7,130.18","721.88K","-0.20%"
"Mar 01, 2019","7,144.63","7,155.71","7,159.46","7,111.79","1.43M","0.44%"
"Feb 28, 2019","7,113.57","7,144.37","7,151.33","7,102.93","1.04M","-0.54%"
"Feb 27, 2019","7,152.52","7,176.93","7,177.85","7,111.25","1.22M","-0.15%"
"Feb 26, 2019","7,163.25","7,190.51","7,191.22","7,136.38","1.49M","-0.32%"
"Feb 25, 2019","7,186.30","7,217.99","7,225.47","7,166.57","1.18M","0.01%"
"Feb 22, 2019","7,185.67","7,191.85","7,202.07","7,159.99","750.88K","0.15%"
"Feb 21, 2019","7,175.23","7,156.16","7,193.50","7,156.16","682.75K","0.19%"
"Feb 20, 2019","7,161.69","7,135.25","7,162.99","7,117.00","917.02K","0.37%"
"Feb 19, 2019","7,135.54","7,118.86","7,144.74","7,107.50","564.27K","0.30%"
"Feb 18, 2019","7,114.51","7,094.88","7,120.32","7,086.30","511.24K","0.12%"
"Feb 15, 2019","7,106.05","7,082.69","7,107.26","7,078.06","542.61K","0.45%"
"Feb 14, 2019","7,074.50","7,068.70","7,099.09","7,068.70","626.84K","0.09%"
"Feb 13, 2019","7,068.31","7,087.50","7,094.05","7,056.00","600.31K","-0.42%"
"Feb 12, 2019","7,098.30","7,136.86","7,145.41","7,073.87","526.35K","-0.61%"
"Feb 11, 2019","7,141.80","7,174.79","7,181.61","7,123.25","590.54K","-0.29%"
"Feb 08, 2019","7,162.85","7,187.14","7,188.24","7,131.96","755.27K","-0.02%"
"Feb 07, 2019","7,164.19","7,195.63","7,196.05","7,153.30","545.86K","-0.42%"
"Feb 06, 2019","7,194.41","7,206.52","7,206.52","7,173.94","541.33K","-0.18%"
"Feb 05, 2019","7,207.74","7,234.64","7,240.56","7,188.46","624.15K","-0.41%"
"Feb 04, 2019","7,237.33","7,245.09","7,247.72","7,218.98","637.74K","0.04%"
"Feb 01, 2019","7,234.31","7,261.78","7,266.79","7,226.72","680.83K","-0.38%"
"Jan 31, 2019","7,262.05","7,241.87","7,272.72","7,241.05","777.73K","0.25%"
"Jan 30, 2019","7,243.99","7,217.28","7,253.38","7,217.28","1.47M","0.21%"
"Jan 29, 2019","7,228.58","7,201.90","7,240.81","7,183.69","351.37K","0.38%"
"Jan 28, 2019","7,201.41","7,212.31","7,238.95","7,201.41","476.82K","-0.20%"
"Jan 25, 2019","7,215.87","7,202.30","7,230.73","7,178.04","286.09K","0.17%"
"Jan 24, 2019","7,203.35","7,250.46","7,264.02","7,203.35","535.49K","-0.68%"
"Jan 23, 2019","7,252.79","7,250.94","7,259.25","7,227.59","641.19K","0.00%"
"Jan 22, 2019","7,252.56","7,272.44","7,281.32","7,228.71","658.86K","-0.12%"
"Jan 21, 2019","7,261.27","7,263.37","7,285.96","7,232.13","539.59K","0.13%"
"Jan 18, 2019","7,251.62","7,265.15","7,287.21","7,233.99","686.55K","0.04%"
"Jan 17, 2019","7,248.50","7,241.98","7,284.76","7,241.98","606.14K","0.27%"
"Jan 16, 2019","7,229.09","7,184.98","7,229.09","7,170.66","359.58K","0.78%"
"Jan 15, 2019","7,172.97","7,184.14","7,187.87","7,158.58","507.10K","-0.24%"
"Jan 11, 2019","7,190.33","7,146.77","7,191.35","7,136.52","432.17K","0.71%"
"Jan 10, 2019","7,139.84","7,178.40","7,192.27","7,139.29","312.92K","-0.34%"
"Jan 09, 2019","7,164.11","7,202.97","7,211.18","7,150.28","664.58K","-0.59%"
"Jan 08, 2019","7,206.83","7,200.18","7,207.65","7,169.84","1.15M","0.54%"
"Jan 07, 2019","7,168.07","7,197.19","7,207.60","7,168.07","529.27K","-0.29%"
"Jan 04, 2019","7,188.87","7,202.51","7,218.99","7,184.68","698.21K","-0.20%"
"Jan 03, 2019","7,203.36","7,211.23","7,232.35","7,183.92","515.75K","-0.17%"
"Jan 02, 2019","7,215.84","7,274.59","7,275.55","7,202.28","527.54K","-0.77%"
"Dec 31, 2018","7,271.65","7,267.58","7,310.90","7,265.80","577.99K","0.17%"
"Dec 28, 2018","7,259.67","7,202.91","7,271.58","7,202.91","779.84K","0.79%"
"Dec 27, 2018","7,202.72","7,174.87","7,206.03","7,174.87","2.71M","0.44%"
"Dec 26, 2018","7,171.42","7,168.52","7,181.79","7,140.22","598.31K","0.01%"
"Dec 25, 2018","7,171.03","7,190.73","7,191.13","7,157.61","740.02K","-0.44%"
"Dec 24, 2018","7,202.96","7,208.21","7,233.53","7,191.13","433.46K","-0.05%"
"Dec 21, 2018","7,206.36","7,203.08","7,228.66","7,192.96","651.13K","0.04%"
"Dec 20, 2018","7,203.41","7,222.46","7,228.59","7,199.94","663.44K","-0.26%"
"Dec 19, 2018","7,222.52","7,223.34","7,243.10","7,212.68","1.57M","-0.24%"
"Dec 18, 2018","7,239.86","7,255.19","7,260.82","7,228.60","554.88K","-0.28%"
"Dec 17, 2018","7,260.35","7,285.39","7,291.20","7,260.35","535.15K","-0.31%"
"Dec 14, 2018","7,283.20","7,276.89","7,302.82","7,248.62","1.23M","0.09%"
"Dec 13, 2018","7,276.92","7,294.23","7,302.19","7,273.35","1.97M","-0.22%"
"Dec 12, 2018","7,293.18","7,298.96","7,304.23","7,257.03","1.01M","0.12%"
"Dec 11, 2018","7,284.38","7,209.22","7,363.98","7,209.22","600.68K","1.21%"
"Dec 10, 2018","7,197.02","7,370.32","7,375.12","7,196.33","904.74K","-2.73%"
"Dec 07, 2018","7,398.88","7,387.93","7,422.42","7,378.54","810.97K","0.33%"
"Dec 06, 2018","7,374.24","7,367.72","7,403.97","7,364.85","618.94K","0.10%"
"Dec 05, 2018","7,366.72","7,420.38","7,426.57","7,366.72","776.02K","-0.58%"
"Dec 04, 2018","7,409.58","7,409.51","7,459.22","7,397.47","1.22M","0.46%"
"Dec 03, 2018","7,375.45","7,303.75","7,387.92","7,303.75","759.40K","0.98%"
"Nov 30, 2018","7,304.08","7,271.38","7,312.25","7,271.38","1.34M","0.61%"
"Nov 29, 2018","7,259.86","7,263.17","7,269.98","7,234.99","1.64M","-0.01%"
"Nov 28, 2018","7,260.82","7,255.28","7,266.68","7,240.44","1.29M","0.18%"
"Nov 27, 2018","7,247.61","7,266.73","7,266.73","7,221.01","3.12M","-0.17%"
"Nov 26, 2018","7,259.94","7,308.57","7,308.57","7,250.72","1.90M","-0.62%"
"Nov 23, 2018","7,305.49","7,309.15","7,314.47","7,268.30","1.42M","-0.10%"
"Nov 22, 2018","7,312.88","7,293.83","7,312.88","7,273.28","730.16K","0.26%"
"Nov 21, 2018","7,293.83","7,313.93","7,313.93","7,287.71","1.18M","-0.12%"
"Nov 19, 2018","7,302.89","7,304.93","7,311.89","7,254.10","1.07M","0.11%"
"Nov 16, 2018","7,294.99","7,276.46","7,315.40","7,270.79","1.62M","0.12%"
"Nov 15, 2018","7,286.49","7,273.28","7,292.11","7,270.17","2.38M","0.19%"
"Nov 14, 2018","7,272.91","7,249.61","7,272.91","7,235.99","733.81K","0.27%"
"Nov 13, 2018","7,253.16","7,267.65","7,277.92","7,226.66","655.63K","-0.19%"
"Nov 12, 2018","7,267.01","7,255.71","7,287.71","7,247.15","678.78K","-0.11%"
"Nov 09, 2018","7,274.68","7,317.54","7,326.50","7,264.83","670.26K","-0.40%"
"Nov 08, 2018","7,303.98","7,341.35","7,350.17","7,302.82","246.92K","-0.39%"
"Nov 07, 2018","7,332.27","7,339.09","7,342.75","7,315.08","526.29K","-0.31%"
"Nov 06, 2018","7,355.17","7,389.61","7,389.61","7,335.95","424.26K","-0.50%"
"Nov 05, 2018","7,391.85","7,418.76","7,429.93","7,379.30","273.87K","-0.12%"
"Nov 02, 2018","7,400.93","7,396.62","7,420.38","7,388.59","325.13K","0.11%"
"Nov 01, 2018","7,393.09","7,419.45","7,431.90","7,382.03","417.94K","-0.09%"
"Oct 31, 2018","7,399.83","7,364.12","7,399.83","7,303.44","558.19K","0.80%"
"Oct 30, 2018","7,340.97","7,343.28","7,364.76","7,332.71","503.82K","-0.09%"
"Oct 29, 2018","7,347.53","7,357.23","7,370.61","7,324.62","809.16K","-0.13%"
"Oct 26, 2018","7,356.94","7,317.63","7,356.94","7,316.63","847.28K","0.53%"
"Oct 25, 2018","7,318.41","7,358.92","7,360.90","7,288.43","656.27K","-0.59%"
"Oct 24, 2018","7,361.66","7,450.80","7,450.80","7,328.48","429.73K","-1.03%"
"Oct 23, 2018","7,438.31","7,513.43","7,526.04","7,432.01","339.16K","-0.83%"
"Oct 22, 2018","7,500.51","7,518.80","7,525.33","7,481.92","336.75K","-0.08%"
"Oct 19, 2018","7,506.19","7,467.37","7,515.59","7,467.37","585.94K","0.64%"
"Oct 18, 2018","7,458.49","7,482.35","7,504.66","7,450.90","369.92K","-0.25%"
"Oct 17, 2018","7,477.00","7,544.78","7,555.09","7,462.82","390.98K","-0.84%"
"Oct 16, 2018","7,540.71","7,509.17","7,543.56","7,503.10","517.57K","0.48%"
"Oct 12, 2018","7,504.85","7,518.05","7,518.05","7,461.24","619.57K","-0.23%"
"Oct 11, 2018","7,522.01","7,576.86","7,585.34","7,498.29","550.00K","-0.78%"
"Oct 10, 2018","7,581.43","7,563.24","7,583.26","7,550.17","968.72K","0.31%"
"Oct 09, 2018","7,558.23","7,601.51","7,601.51","7,554.18","411.85K","-0.56%"
"Oct 08, 2018","7,600.71","7,599.40","7,621.49","7,576.66","328.45K","0.02%"
"Oct 05, 2018","7,599.24","7,574.87","7,599.24","7,533.64","753.95K","0.33%"
"Oct 04, 2018","7,574.37","7,632.98","7,632.98","7,538.54","1.33M","-0.73%"
"Oct 03, 2018","7,630.36","7,729.19","7,729.19","7,620.74","674.67K","-1.22%"
"Oct 02, 2018","7,724.83","7,770.27","7,776.40","7,724.17","945.53K","-0.79%"
"Oct 01, 2018","7,786.16","7,808.84","7,822.32","7,778.53","543.89K","-0.21%"
"Sep 28, 2018","7,802.20","7,801.59","7,827.36","7,771.12","1.29M","0.01%"
"Sep 27, 2018","7,801.67","7,835.47","7,837.41","7,785.67","855.55K","-0.26%"
"Sep 26, 2018","7,821.71","7,843.37","7,855.99","7,811.28","294.12K","-0.22%"
"Sep 25, 2018","7,838.96","7,844.05","7,844.05","7,817.27","244.06K","-0.05%"
"Sep 24, 2018","7,842.61","7,811.76","7,847.26","7,798.54","165.11K","0.35%"
"Sep 21, 2018","7,815.44","7,870.92","7,871.51","7,786.89","539.62K","-0.67%"
"Sep 20, 2018","7,868.51","7,924.49","7,932.59","7,863.06","477.54K","-0.70%"
"Sep 19, 2018","7,924.17","7,951.92","7,956.40","7,911.35","380.70K","-0.23%"
"Sep 18, 2018","7,942.41","7,915.09","7,957.44","7,912.66","643.77K","0.29%"
"Sep 17, 2018","7,919.50","7,957.99","7,958.48","7,910.83","630.62K","-0.36%"
"Sep 14, 2018","7,948.46","7,969.79","7,971.99","7,899.66","468.05K","-0.37%"
"Sep 13, 2018","7,978.21","8,044.19","8,044.19","7,937.48","478.46K","-1.56%"
"Sep 10, 2018","8,104.27","8,120.44","8,226.84","8,091.92","362.84K","-0.16%"
"Sep 07, 2018","8,117.57","7,877.25","8,117.57","7,877.25","564.82K","2.71%"
"Sep 06, 2018","7,903.09","8,105.21","8,105.21","7,882.42","721.94K","-2.96%"
"Sep 05, 2018","8,144.13","8,260.52","8,275.57","8,106.07","791.84K","-1.76%"
"Sep 04, 2018","8,289.74","8,341.05","8,344.64","8,262.37","625.99K","-0.74%"
"Sep 03, 2018","8,351.59","8,416.56","8,416.56","8,315.61","339.57K","-0.79%"
"Aug 31, 2018","8,418.49","8,376.49","8,424.83","8,373.31","667.04K","0.42%"
"Aug 30, 2018","8,383.34","8,404.78","8,433.77","8,368.23","571.17K","-0.14%"
"Aug 29, 2018","8,395.02","8,422.83","8,431.38","8,376.34","601.67K","-0.43%"
"Aug 28, 2018","8,431.64","8,390.85","8,440.40","8,390.04","561.00K","0.45%"
"Aug 27, 2018","8,393.84","8,381.66","8,398.96","8,380.01","500.92K","0.06%"
"Aug 24, 2018","8,389.03","8,354.03","8,400.52","8,350.90","272.79K","0.37%"
"Aug 23, 2018","8,358.16","8,373.26","8,383.41","8,345.43","278.68K","-0.18%"
"Aug 20, 2018","8,373.47","8,359.43","8,373.47","8,347.02","219.03K","0.30%"
"Aug 17, 2018","8,348.01","8,363.13","8,364.83","8,329.84","702.92K","-0.21%"
"Aug 16, 2018","8,365.76","8,351.94","8,370.96","8,340.44","530.88K","0.17%"
"Aug 15, 2018","8,351.81","8,367.73","8,375.66","8,341.76","512.18K","-0.21%"
"Aug 14, 2018","8,369.64","8,350.57","8,399.59","8,350.57","406.31K","0.33%"
"Aug 10, 2018","8,341.75","8,375.31","8,388.86","8,339.44","704.34K","-0.58%"
"Aug 09, 2018","8,390.06","8,371.71","8,394.20","8,353.23","903.97K","0.19%"
"Aug 08, 2018","8,374.47","8,388.27","8,393.83","8,354.86","700.21K","-0.05%"
"Aug 07, 2018","8,378.26","8,375.35","8,400.47","8,370.61","597.63K","0.08%"
"Aug 06, 2018","8,371.49","8,405.80","8,414.91","8,370.98","499.44K","-0.10%"
"Aug 03, 2018","8,379.68","8,383.62","8,409.42","8,360.45","663.17K","0.03%"
"Aug 02, 2018","8,377.42","8,426.19","8,426.74","8,296.52","862.55K","-0.53%"
"Aug 01, 2018","8,422.13","8,408.41","8,457.82","8,369.28","989.15K","0.16%"
"Jul 31, 2018","8,408.80","8,335.01","8,408.80","8,335.01","1.04M","1.02%"
"Jul 30, 2018","8,324.30","8,305.47","8,325.94","8,294.48","1.11M","0.19%"
"Jul 27, 2018","8,308.16","8,251.05","8,309.11","8,251.05","947.28K","1.03%"
"Jul 26, 2018","8,223.84","8,163.41","8,223.84","8,162.01","819.83K","0.81%"
"Jul 24, 2018","8,157.88","8,170.40","8,186.02","8,148.88","656.75K","-0.17%"
"Jul 23, 2018","8,172.13","8,161.67","8,174.28","8,152.10","573.31K","0.11%"
"Jul 20, 2018","8,163.49","8,106.02","8,163.49","8,106.02","747.20K","0.67%"
"Jul 19, 2018","8,109.17","8,092.90","8,113.17","8,084.68","905.38K","0.20%"
"Jul 18, 2018","8,092.77","8,072.47","8,092.77","8,048.78","949.12K","0.33%"
"Jul 17, 2018","8,065.84","8,045.54","8,073.90","8,040.11","859.11K","0.20%"
"Jul 16, 2018","8,049.76","8,046.65","8,060.12","8,026.83","358.79K","-0.07%"
"Jul 13, 2018","8,055.19","8,032.77","8,055.19","8,029.30","1.35M","0.27%"
"Jul 12, 2018","8,033.25","8,045.23","8,070.40","8,027.79","522.51K","-0.16%"
"Jul 11, 2018","8,045.99","8,057.29","8,065.57","8,041.22","862.57K","-0.13%"
"Jul 10, 2018","8,056.07","8,055.63","8,081.47","8,055.63","362.60K","-0.17%"
"Jul 09, 2018","8,069.49","8,088.30","8,088.30","8,038.71","466.56K","-0.36%"
"Jul 06, 2018","8,098.38","8,093.43","8,100.68","8,071.60","631.32K","0.06%"
"Jul 05, 2018","8,093.14","8,078.96","8,093.14","8,070.77","550.80K","0.26%"
"Jul 04, 2018","8,072.23","8,066.43","8,073.17","8,046.26","696.36K","0.08%"
"Jul 03, 2018","8,065.46","8,058.10","8,078.57","8,015.67","498.80K","-0.01%"
"Jul 02, 2018","8,066.20","8,065.18","8,083.80","8,026.72","243.14K","0.09%"
"Jun 29, 2018","8,059.10","8,065.53","8,093.07","8,044.56","715.61K","-0.06%"
"Jun 28, 2018","8,064.15","8,079.49","8,116.30","8,063.70","951.12K","-0.01%"
"Jun 27, 2018","8,064.63","8,028.58","8,075.67","8,020.66","1.04M","0.47%"
"Jun 26, 2018","8,026.90","7,946.18","8,026.93","7,946.18","714.85K","0.72%"
"Jun 25, 2018","7,969.31","7,989.06","7,994.99","7,932.33","543.14K","-0.15%"
"Jun 22, 2018","7,981.24","7,920.53","7,996.68","7,885.16","771.85K","0.80%"
"Jun 21, 2018","7,917.65","7,975.61","7,975.61","7,907.68","781.31K","-0.80%"
"Jun 20, 2018","7,981.35","7,957.25","7,994.06","7,933.73","976.98K","0.41%"
"Jun 19, 2018","7,948.78","7,874.68","7,952.08","7,860.70","1.48M","0.95%"
"Jun 18, 2018","7,874.30","7,742.57","7,874.65","7,742.57","996.17K","1.42%"
"Jun 14, 2018","7,764.33","7,753.50","7,764.33","7,733.75","649.92K","0.22%"
"Jun 13, 2018","7,747.64","7,743.98","7,758.04","7,723.99","849.88K","0.05%"
"Jun 12, 2018","7,743.91","7,726.99","7,743.91","7,724.25","676.91K","0.28%"
"Jun 11, 2018","7,722.16","7,673.77","7,722.16","7,668.61","587.45K","0.59%"
"Jun 08, 2018","7,676.52","7,707.07","7,707.07","7,674.81","940.56K","-0.38%"
"Jun 07, 2018","7,705.73","7,705.67","7,723.64","7,690.74","1.24M","-0.00%"
"Jun 06, 2018","7,705.82","7,689.16","7,705.82","7,674.90","869.20K","0.25%"
"Jun 05, 2018","7,686.57","7,678.88","7,691.50","7,661.79","892.49K","0.15%"
"Jun 04, 2018","7,675.37","7,653.77","7,698.79","7,645.06","988.34K","0.36%"
"Jun 01, 2018","7,647.64","7,607.18","7,651.45","7,607.18","1.28M","0.42%"
"May 31, 2018","7,615.47","7,562.46","7,622.05","7,550.68","1.40M","0.68%"
"May 30, 2018","7,563.95","7,580.36","7,580.36","7,542.13","1.24M","-0.19%"
"May 29, 2018","7,577.98","7,598.88","7,598.88","7,534.37","1.58M","-0.27%"
"May 28, 2018","7,598.50","7,619.83","7,646.26","7,583.94","1.35M","-0.21%"
"May 25, 2018","7,614.77","7,569.62","7,631.78","7,569.62","1.84M","0.90%"
"May 24, 2018","7,547.05","7,470.88","7,547.20","7,470.88","1.91M","1.28%"
"May 23, 2018","7,451.53","7,380.28","7,457.56","7,377.71","1.63M","0.62%"
"May 22, 2018","7,405.87","7,394.02","7,407.89","7,362.31","1.91M","0.23%"
"May 21, 2018","7,389.07","7,375.29","7,406.64","7,359.99","481.65K","0.21%"
"May 18, 2018","7,373.55","7,359.58","7,388.03","7,357.54","731.98K","0.22%"
"May 17, 2018","7,357.26","7,408.01","7,420.77","7,346.32","583.74K","-0.66%"
"May 16, 2018","7,406.21","7,391.03","7,413.86","7,391.03","1.20M","0.20%"
"May 15, 2018","7,391.52","7,417.81","7,454.13","7,388.37","989.78K","-0.22%"
"May 14, 2018","7,407.60","7,354.81","7,411.42","7,353.07","653.80K","0.56%"
"May 11, 2018","7,366.16","7,319.83","7,382.46","7,311.92","1.82M","0.59%"
"May 10, 2018","7,322.76","7,244.50","7,322.76","7,228.57","941.98K","1.32%"
"May 09, 2018","7,227.44","7,191.75","7,242.74","7,191.75","778.25K","0.79%"
"May 08, 2018","7,170.61","7,166.45","7,180.29","7,145.53","1.56M","0.38%"
"May 07, 2018","7,143.53","7,144.03","7,167.83","7,132.93","758.57K","-0.00%"
"May 04, 2018","7,143.55","7,157.15","7,181.56","7,111.69","640.30K","0.22%"
"May 03, 2018","7,127.90","7,127.55","7,146.80","7,111.10","1.32M","0.14%"
"May 02, 2018","7,117.95","7,127.06","7,131.15","7,102.35","921.21K","-0.09%"
"Apr 30, 2018","7,124.53","7,125.27","7,140.31","7,093.41","483.31K","-0.01%"
"Apr 27, 2018","7,124.94","7,117.24","7,126.66","7,099.16","1.28M","0.17%"
"Apr 26, 2018","7,113.20","7,131.61","7,139.05","7,093.36","934.95K","-0.39%"
"Apr 25, 2018","7,141.13","7,136.71","7,144.27","7,119.75","1.17M","-0.05%"
"Apr 24, 2018","7,144.59","7,161.52","7,161.52","7,131.96","787.87K","-0.28%"
"Apr 23, 2018","7,164.45","7,151.31","7,171.15","7,148.70","1.06M","0.04%"
"Apr 20, 2018","7,161.37","7,145.77","7,175.03","7,143.54","927.47K","0.40%"
"Apr 19, 2018","7,132.92","7,153.15","7,153.15","7,120.17","559.02K","-0.20%"
"Apr 18, 2018","7,147.09","7,108.10","7,152.37","7,108.10","668.16K","0.73%"
"Apr 17, 2018","7,094.96","7,145.71","7,145.71","7,088.71","1.16M","-0.47%"
"Apr 16, 2018","7,128.82","7,127.87","7,141.72","7,110.95","494.26K","0.00%"
"Apr 13, 2018","7,128.54","7,071.08","7,128.59","7,055.69","653.05K","0.86%"
"Apr 12, 2018","7,067.88","6,996.15","7,069.06","6,996.15","267.85K","0.80%"
"Apr 11, 2018","7,011.95","7,030.35","7,049.71","6,953.98","520.48K","-0.27%"
"Apr 10, 2018","7,030.93","7,142.95","7,143.44","7,011.64","438.37K","-1.54%"
"Apr 06, 2018","7,140.61","7,177.95","7,179.73","7,138.63","480.70K","-0.60%"
"Apr 05, 2018","7,183.58","7,184.82","7,195.16","7,165.57","837.63K","0.20%"
"Apr 04, 2018","7,168.90","7,184.72","7,192.58","7,116.76","410.34K","-0.18%"
"Apr 03, 2018","7,181.99","7,161.73","7,185.11","7,148.36","657.37K","0.29%"
"Apr 02, 2018","7,161.36","7,135.75","7,180.64","7,135.40","782.28K","0.26%"
"Mar 30, 2018","7,142.65","7,110.94","7,159.07","7,110.94","816.43K","0.44%"
"Mar 29, 2018","7,111.07","7,089.68","7,130.31","7,087.04","562.09K","0.23%"
"Mar 28, 2018","7,094.70","7,095.27","7,099.27","7,080.30","499.86K","0.14%"
"Mar 27, 2018","7,084.48","7,048.68","7,085.71","7,048.68","683.00K","0.51%"
"Mar 26, 2018","7,048.68","7,048.57","7,071.92","7,034.33","460.19K","0.14%"
"Mar 23, 2018","7,038.91","7,043.36","7,056.14","7,027.78","886.34K","-0.04%"
"Mar 22, 2018","7,041.52","7,003.32","7,041.52","6,999.97","744.43K","0.57%"
"Mar 21, 2018","7,001.90","6,979.89","7,029.56","6,979.89","774.61K","0.30%"
"Mar 19, 2018","6,980.70","6,938.53","6,980.70","6,917.43","221.05K","0.70%"
"Mar 16, 2018","6,932.07","6,852.12","6,932.64","6,851.20","793.49K","1.23%"
"Mar 15, 2018","6,847.54","6,827.03","6,878.54","6,827.03","393.12K","0.31%"
"Mar 14, 2018","6,826.15","6,840.25","6,854.38","6,819.26","1.15M","-0.05%"
"Mar 13, 2018","6,829.62","6,812.57","6,853.80","6,808.00","328.29K","0.40%"
"Mar 12, 2018","6,802.72","6,798.00","6,816.39","6,790.75","463.42K","-0.10%"
"Mar 09, 2018","6,809.46","6,827.78","6,835.11","6,782.49","621.41K","0.19%"
"Mar 08, 2018","6,796.70","6,793.86","6,841.20","6,788.84","555.77K","0.08%"
"Mar 07, 2018","6,791.44","6,740.05","6,791.44","6,733.70","573.07K","0.82%"
"Mar 06, 2018","6,736.33","6,717.91","6,738.18","6,698.86","478.74K","0.27%"
"Mar 05, 2018","6,717.91","6,706.57","6,717.98","6,695.57","575.79K","0.22%"
"Mar 02, 2018","6,703.19","6,697.13","6,717.77","6,697.13","668.60K","0.10%"
"Mar 01, 2018","6,696.49","6,699.64","6,701.22","6,671.07","419.14K","-0.03%"
"Feb 28, 2018","6,698.51","6,693.62","6,701.75","6,670.01","428.76K","0.11%"
"Feb 27, 2018","6,691.45","6,693.08","6,698.91","6,684.01","652.73K","0.08%"
"Feb 26, 2018","6,686.10","6,664.82","6,705.50","6,664.82","594.15K","0.35%"
"Feb 23, 2018","6,662.57","6,629.30","6,672.08","6,624.54","520.97K","0.46%"
"Feb 22, 2018","6,632.30","6,603.06","6,634.00","6,580.53","457.02K","0.64%"
"Feb 21, 2018","6,590.36","6,572.62","6,594.84","6,567.05","541.14K","0.30%"
"Feb 20, 2018","6,570.48","6,561.89","6,570.49","6,526.09","342.47K","0.13%"
"Feb 19, 2018","6,562.16","6,573.60","6,574.84","6,553.72","367.15K","-0.16%"
"Feb 16, 2018","6,572.89","6,579.78","6,580.61","6,553.04","757.20K","-0.13%"
"Feb 15, 2018","6,581.68","6,591.52","6,591.98","6,572.70","635.23K","-0.07%"
"Feb 14, 2018","6,586.29","6,582.37","6,598.96","6,575.14","1.31M","0.03%"
"Feb 13, 2018","6,584.12","6,559.42","6,584.12","6,554.50","759.65K","0.39%"
"Feb 12, 2018","6,558.41","6,519.56","6,564.26","6,512.22","374.60K","0.65%"
"Feb 09, 2018","6,515.87","6,571.97","6,572.15","6,502.64","348.44K","-0.87%"
"Feb 08, 2018","6,573.04","6,576.30","6,576.30","6,549.54","562.06K","0.02%"
"Feb 07, 2018","6,571.60","6,623.99","6,658.30","6,550.29","1.06M","-0.67%"
"Feb 06, 2018","6,615.97","6,557.39","6,615.97","6,557.39","1.00M","0.88%"
"Feb 05, 2018","6,558.16","6,532.79","6,563.90","6,532.43","899.84K","0.65%"
"Feb 02, 2018","6,515.70","6,458.01","6,515.83","6,458.01","773.11K","0.89%"
"Feb 01, 2018","6,457.97","6,432.43","6,458.26","6,419.31","823.54K","0.41%"
"Jan 31, 2018","6,431.63","6,422.73","6,431.65","6,410.33","498.70K","0.14%"
"Jan 30, 2018","6,422.62","6,401.96","6,423.08","6,387.88","740.46K","0.31%"
"Jan 29, 2018","6,403.04","6,386.11","6,403.31","6,377.65","469.95K","0.27%"
"Jan 26, 2018","6,385.89","6,383.73","6,394.75","6,366.55","577.61K","0.11%"
"Jan 25, 2018","6,378.85","6,376.36","6,378.85","6,348.16","790.12K","0.10%"
"Jan 24, 2018","6,372.54","6,358.77","6,381.16","6,358.77","638.07K","0.24%"
"Jan 23, 2018","6,357.01","6,340.37","6,373.08","6,333.93","578.31K","0.27%"
"Jan 22, 2018","6,339.93","6,377.58","6,381.07","6,331.67","453.52K","-0.35%"
"Jan 19, 2018","6,362.09","6,363.10","6,374.91","6,336.75","747.29K","-0.07%"
"Jan 18, 2018","6,366.42","6,349.12","6,385.12","6,349.12","708.88K","0.49%"
"Jan 17, 2018","6,335.45","6,294.84","6,338.04","6,289.37","919.12K","0.87%"
"Jan 16, 2018","6,280.82","6,288.07","6,289.44","6,263.61","335.37K","-0.08%"
"Jan 15, 2018","6,285.59","6,294.82","6,306.73","6,278.88","633.61K","-0.25%"
"Jan 12, 2018","6,301.28","6,263.58","6,301.33","6,263.58","717.32K","0.74%"
"Jan 11, 2018","6,254.94","6,233.30","6,254.94","6,233.30","518.17K","0.31%"
"Jan 10, 2018","6,235.60","6,263.51","6,263.53","6,223.84","433.08K","-0.53%"
"Jan 09, 2018","6,268.78","6,313.80","6,319.16","6,263.88","530.66K","-0.65%"
"Jan 08, 2018","6,309.85","6,265.08","6,325.98","6,264.27","632.10K","0.72%"
"Jan 05, 2018","6,265.03","6,240.59","6,265.83","6,226.92","710.57K","0.26%"
"Jan 04, 2018","6,248.93","6,258.01","6,280.60","6,228.69","547.88K","-0.13%"
"Jan 03, 2018","6,257.17","6,191.54","6,257.24","6,190.56","516.34K","0.87%"
"Jan 02, 2018","6,203.27","6,287.26","6,287.26","6,175.95","368.26K","-1.25%"